id,language,policy_excerpt,overall_compliance,overall_score,gap_count,domains_covered,GAP_PP_001,GAP_PP_002,GAP_PP_003,GAP_PP_004,GAP_PP_005,GAP_PP_006,GAP_PP_007,GAP_PP_008,GAP_RA_001,GAP_RA_002,GAP_RA_003,GAP_RA_004,GAP_RA_005,GAP_RA_006,GAP_RA_007,GAP_RA_008
pp_clean_en_1_20260306185850,en,"## 4.0 Authentication and Access Control

### 4.1 Password Policy

#### 4.1.1 Password Complexity
User passwords for all corporate systems must adhere to the following minimum complexity requirements:
*   Minimum length of twelve (12) characters.
*   Contain characters from at least three (3) of the following four (4) categories: uppercase letters (A-Z), lowercase letters (a-z), digits (0-9), and special characters (e.g., !, @, #, $).
*   Must not contain personal information (e.g., name, birthdate) or easily guessable dictionary words.

#### 4.1.2 Password Lifecycle
*   User passwords are required to be changed at least every ninety (90) days.
*   A minimum of the last twelve (12) unique passwords must be prevented from reuse.

#### 4.1.3 Account Lockout
*   User accounts will be automatically locked after five (5) consecutive failed login attempts.
*   Locked accounts will remain inaccessible for a period of thirty (30) minutes before automatic unlock.

### 4.2 Multi-Factor Authentication (MFA)
Multi-Factor Authentication (MFA) is mandatory for all remote access connections, access to privileged accounts, and access to administrative systems. Approved MFA methods include FIDO2 security keys, Time-based One-Time Passwords (TOTP), and biometric authentication.

### 4.3 Privileged Access Management (PAM)
Access to privileged accounts will be managed through a dedicated Privileged Access Management (PAM) solution. This includes Just-in-Time (JIT) access provisioning, session recording for audit purposes, and adherence to the principle of least privilege. All administrative activities must be performed using separate, non-privileged accounts. PAM configurations and access logs will undergo quarterly reviews.

### 4.4 Password Storage and Transmission
All passwords stored by company systems must be cryptographically hashed using industry-standard, slow-hashing algorithms (e.g., Argon2, bcrypt, or scrypt) with a unique salt per password. Passwords must never be stored in plaintext. Transmission of authentication credentials must occur exclusively over secure, encrypted channels utilizing TLS 1.2 or higher.

## 5.0 Roles and Responsibilities

### 5.1 Chief Information Security Officer (CISO)
Responsible for the overall approval, governance, and enforcement of this policy.

### 5.2 IT Security Department
Responsible for implementing, monitoring, and maintaining systems and controls that enforce password policies and MFA requirements.

### 5.3 Human Resources (HR)
Responsible for communicating password policy requirements during employee onboarding and offboarding.

### 5.4 All Employees
Required to understand and comply with all aspects of this password policy.

## 6.0 Policy Review
This policy shall be reviewed by the CISO at least quarterly to ensure its continued effectiveness, address emerging threats, and incorporate relevant regulatory updates.",compliant,1.0,0,password_policy,0,0,0,0,0,0,0,0,0,0,0,0,0,0,0,0
pp_clean_en_2_20260306185922,en,"**2.0 Password Requirements**

**2.1 Password Construction and Complexity**
All user passwords must meet the following minimum complexity requirements:
a.  A minimum length of twelve (12) characters.
b.  Contain characters from at least three (3) of the four (4) categories: uppercase letters, lowercase letters, numbers, and special characters (!@#$%^&*()_+{}|:<>?-=[]\;',./).
c.  Must not contain personal information (e.g., name, birthdate) or dictionary words.

**2.2 Password Expiration and History**
Passwords for all user accounts shall expire every ninety (90) days. Users are prohibited from reusing any of their previous twelve (12) passwords.

**2.3 Account Lockout**
User accounts will be automatically locked after five (5) consecutive failed login attempts. The lockout duration will be thirty (30) minutes, after which users may attempt to log in again.

**3.0 Multi-Factor Authentication (MFA)**
MFA is mandatory for all remote access, privileged accounts, and administrative systems. Approved MFA methods include FIDO2 security keys, Time-based One-Time Passwords (TOTP) from approved applications, and biometrics where supported.

**4.0 Privileged Access Management (PAM)**
Access to privileged accounts shall be managed via the company’s Privileged Access Management (PAM) solution, ensuring Just-In-Time (JIT) access, session recording, and the principle of least privilege. Separate, non-administrative accounts must be used for daily activities. IT Security will conduct a quarterly review of all privileged accounts.

**5.0 Password Storage and Transmission**
User passwords must never be stored in plaintext. All stored passwords shall be cryptographically hashed using industry-standard algorithms (Argon2, bcrypt, or scrypt) with an appropriate salt. Password transmission over networks must utilize secure protocols, specifically TLS 1.2 or higher.

**6.0 Roles and Responsibilities**
*   **CISO:** Policy ownership, approval, and oversight.
*   **IT Security:** Technical control implementation, incident response, and quarterly privileged account reviews.
*   **HR:** Employee onboarding/offboarding account procedures.
*   **All Employees:** Adherence to this policy, safeguarding credentials, and reporting suspicious activity.

**7.0 Policy Review**
This policy section will be reviewed quarterly by the CISO and IT Security to assess effectiveness, address emerging threats, and incorporate regulatory updates.",compliant,1.0,0,password_policy,0,0,0,0,0,0,0,0,0,0,0,0,0,0,0,0
pp_clean_ar_1_20260306185959,ar,"**2.0 سياسة كلمات المرور والمصادقة**

**2.1 متطلبات تعقيد كلمات المرور**
يجب أن تفي جميع كلمات المرور المستخدمة عبر أنظمة المؤسسة بالمعايير التالية لضمان قوة كافية ضد التخمين والهجمات:
*   الحد الأدنى 12 حرفاً.
*   احتواء ما لا يقل عن ثلاثة أنواع من أصل أربعة أنواع من الأحرف المتاحة (أحرف كبيرة، أحرف صغيرة، أرقام، أحرف خاصة).
*   عدم احتواء معلومات شخصية يمكن ربطها بالمستخدم (مثل الاسم، تاريخ الميلاد، أو أرقام الهوية).
*   عدم استخدام كلمات قاموسية شائعة أو تسلسلات أحرف وأرقام سهلة التخمين.

**2.2 انتهاء صلاحية كلمات المرور وسجلها**
*   يجب تغيير كلمات المرور بحد أقصى كل 90 يوماً.
*   يمنع منعاً باتاً على المستخدمين إعادة استخدام أي من آخر 12 كلمة مرور تم تعيينها لحساباتهم.

**2.3 قفل الحساب**
للحماية من محاولات الوصول غير المصرح بها عبر التخمين العشوائي، سيتم قفل الحسابات تلقائياً بعد 5 محاولات تسجيل دخول فاشلة متتالية. تستمر فترة القفل لمدة 30 دقيقة، وبعدها يمكن للمستخدم إعادة المحاولة.

**2.4 المصادقة متعددة العوامل (MFA)**
المصادقة متعددة العوامل إلزامية لجميع عمليات الوصول عن بُعد إلى شبكة وأنظمة المؤسسة، ولجميع الحسابات ذات الامتيازات، وللوصول إلى أنظمة الإدارة والبنية التحتية الحرجة. تشمل طرق MFA المعتمدة: FIDO2، TOTP، والقياسات الحيوية.

**2.5 إدارة الوصول المميز (PAM)**
تطبق المؤسسة حلول إدارة الوصول المميز (PAM) لجميع الحسابات ذات الامتيازات العالية، مع الالتزام بمبدأ ""أقل الامتيازات"" و""الوصول في الوقت المناسب (JIT)"". يجب تسجيل جلسات الوصول المميز للمراجعة. يتم استخدام حسابات إدارية منفصلة ومخصصة للحصول على الامتيازات. سيتم مراجعة جميع وصولات PAM ربع سنوياً.

**2.6 تخزين ونقل كلمات المرور**
يجب تخزين كلمات المرور بطريقة مجزأة (hashed) باستخدام خوارزميات تشفير قوية ومعترف بها مثل Argon2 أو bcrypt أو scrypt، مع إضافة ""salt"" فريد وعشوائي لكل كلمة مرور. يجب أن يتم نقل كلمات المرور عبر قنوات آمنة مشفرة باستخدام TLS 1.2 أو أعلى. يمنع منعاً باتاً تخزين كلمات المرور بنص واضح أو في أي تنسيق غير مشفر.

**2.7 الأدوار والمسؤوليات**
*   **رئيس أمن المعلومات (CISO):** يمتلك ويوافق ويشرف على تنفيذ هذه السياسة بشكل عام.
*   **فريق أمن تكنولوجيا المعلومات:** مسؤول عن التنفيذ الفني ومراقبة الامتثال والتحكم في عناصر السياسة.
*   **الموارد البشرية:** مسؤولة عن إيصال السياسة للموظفين واتخاذ الإجراءات التأديبية اللازمة في حالة عدم الامتثال.
*   **جميع الموظفين:** مسؤولون عن الالتزام الصارم بهذه السياسة والإبلاغ الفوري عن أي أنشطة مشبوهة تتعلق بكلمات المرور أو الحسابات.

**2.8 مراجعة السياسة**
يتم مراجعة هذه السياسة ربع سنوياً بواسطة رئيس أمن المعلومات (CISO) لتقييم فعاليتها، ودمج التهديدات الناشئة، وتحديثها لتتوافق مع المتطلبات التنظيمية والقانونية الجديدة.",compliant,1.0,0,password_policy,0,0,0,0,0,0,0,0,0,0,0,0,0,0,0,0
pp_clean_ar_2_20260306190035,ar,"**5.0 سياسة كلمات المرور**

تحدد هذه السياسة المتطلبات الدنيا لإنشاء كلمات مرور قوية، وإدارتها، وحمايتها داخل شركة [اسم الشركة]، وهي شركة لوجستية عالمية، لضمان سرية وسلامة أنظمة وبيانات الشركة عبر جميع عملياتها وفروعها الدولية.

**5.1 متطلبات تعقيد كلمات المرور**
يجب أن تكون كلمات المرور قوية بما يكفي لمقاومة التخمين وهجمات القوة الغاشمة. يجب أن تتكون جميع كلمات المرور من 12 حرفًا على الأقل، وأن تتضمن ثلاثة على الأقل من الفئات الأربع التالية: أحرف كبيرة (A-Z)، أحرف صغيرة (a-z)، أرقام (0-9)، ورموز خاصة (!@#$). يحظر استخدام المعلومات الشخصية المعروفة (مثل اسم المستخدم، اسم الشركة، تاريخ الميلاد) أو كلمات القاموس.

**5.2 دورة حياة كلمات المرور والانتهاء**
يجب على المستخدمين تغيير كلمات مرورهم بحد أقصى كل 90 يومًا. لتعزيز الأمن ومنع إعادة الاستخدام، يجب ألا تكون كلمة المرور الجديدة واحدة من آخر 12 كلمة مرور تم استخدامها بواسطة المستخدم.

**5.3 قفل الحساب**
للحماية من محاولات التخمين غير المصرح بها، سيتم قفل حساب المستخدم تلقائيًا بعد 5 محاولات فاشلة لتسجيل الدخول. سيبقى الحساب مقفلاً لمدة 30 دقيقة، وبعدها يمكن للمستخدم المحاولة مرة أخرى أو الاتصال بدعم تكنولوجيا المعلومات لإلغاء القفل يدويًا.

**5.4 المصادقة متعددة العوامل (MFA)**
المصادقة متعددة العوامل إلزامية لجميع عمليات الوصول عن بُعد، والحسابات المميزة، وجميع أنظمة الإدارة. تشمل طرق المصادقة متعددة العوامل (MFA) المعتمدة: مفاتيح الأمان المتوافقة مع FIDO2، ورموز TOTP (كلمة المرور لمرة واحدة المستندة إلى الوقت)، والقياسات الحيوية المعتمدة.

**5.5 إدارة الوصول المميز (PAM)**
تستخدم الشركة حلاً لإدارة الوصول المميز (PAM) لتوفير وصول في الوقت المناسب (JIT) إلى الأنظمة والموارد الحساسة. يجب تسجيل جميع جلسات الوصول المميز للمراجعة والتدقيق. يتم فرض مبدأ الحد الأدنى من الامتيازات لجميع حسابات المستخدمين. يجب استخدام حسابات إدارية منفصلة تمامًا وغير مرتبطة بحسابات المستخدم العادية. يتم إجراء مراجعة ربع سنوية لجميع امتيازات الوصول لضمان الدقة والأمان المستمر.

**5.6 تخزين ونقل كلمات المرور**
يجب تخزين جميع كلمات المرور مجزأة (hashed) باستخدام خوارزميات تشفير قوية ومعروفة مثل Argon2 أو bcrypt أو scrypt مع الملح (salt) لضمان عدم إمكانية إعادة بنائها. يجب أن يتم نقل كلمات المرور عبر الشبكات الداخلية والخارجية حصريًا عبر اتصالات مشفرة باستخدام بروتوكول TLS 1.2 أو إصدارات أحدث. يُمنع منعًا باتًا تخزين كلمات المرور كنصوص واضحة في أي نظام أو وثيقة.

**5.7 الأدوار والمسؤوليات**
*   **كبير مسؤولي أمن المعلومات (CISO):** مسؤول عن الإشراف الشامل على تطوير هذه السياسة، وتنفيذها، وامتثالها، وضمان توافقها مع المعايير الدولية واللوائح المحلية.
*   **أمن تكنولوجيا المعلومات:** مسؤول عن تنفيذ الضوابط الفنية المحددة في هذه السياسة، ومراقبة الالتزام بها، وصيانة الأنظمة التي تدعم أمن كلمات المرور.
*   **الموارد البشرية:** مسؤولة عن دمج متطلبات السياسة في برامج توعية الموظفين الجدد والتدريب المستمر، وتطبيق الإجراءات التأديبية في حالات عدم الامتثال.
*   **الموظفون:** مسؤولون عن فهم هذه السياسة والالتزام الصارم بجميع متطلباتها، وحماية بيانات الاعتماد الخاصة بهم من الوصول غير المصرح به.

**5.8 مراجعة السياسة وتحديثها**
يتم مراجعة هذه السياسة ربع سنويًا من قبل كبير مسؤولي أمن المعلومات (CISO) بالتشاور مع فريق أمن تكنولوجيا المعلومات. ستغطي المراجعات فعالية السياسة الحالية، والتهديدات الأمنية الناشئة، والتحديثات التنظيمية (مثل اللائحة العامة لحماية البيانات)، وأفضل الممارسات الصناعية لضمان استمرار ملاءمة السياسة وقوتها.",compliant,1.0,0,password_policy,0,0,0,0,0,0,0,0,0,0,0,0,0,0,0,0
ra_clean_en_1_20260306190107,en,"**3.0 Information Security Risk Management**

**3.1 Risk Assessment Methodology**
XYZ Financial maintains a formal, documented Information Security Risk Assessment Methodology (ISRAM v3.1), approved by the Chief Information Security Officer (CISO) and the Risk Management Committee. This methodology integrates both qualitative and quantitative approaches to systematically evaluate information security risks. It ensures consistent risk identification, analysis, and treatment across the organization.

**3.2 Risk Identification and Analysis**
The ISRAM outlines documented procedures for:
a. **Asset Identification and Valuation:** Cataloging and assigning criticality levels to all information assets.
b. **Threat Identification:** Recognizing potential adverse events through threat modeling exercises and industry intelligence.
c. **Vulnerability Identification:** Discovering weaknesses via regular vulnerability scanning, penetration testing, and architectural reviews.
Risk analysis utilizes a defined 5-point scale for Likelihood (1-Very Low to 5-Very High) and Impact (1-Negligible to 5-Catastrophic). Combined scores are mapped against a Risk Matrix to determine inherent risk levels (Low, Moderate, High, Critical).

**3.3 Risk Treatment**
Identified risks are evaluated for treatment based on cost-benefit analysis and strategic alignment. Four primary treatment options are available: Accept, Mitigate, Transfer, or Avoid. Selection criteria are documented, and all chosen treatments require a formal Risk Treatment Plan, including control implementation details, responsible owners, and target completion dates.

**3.4 Mandatory Risk Assessment Triggers**
Information Security Risk Assessments are mandatory and must be initiated under the following circumstances:
a. During the early stages of all new technology projects.
b. Prior to any major infrastructure changes or significant system upgrades.
c. During the planning and onboarding phases for new third-party service providers.
d. Before the release or launch of any new financial products or services.

**3.5 Risk Register**
All identified risks, their assessment details, and treatment plans are recorded in the central Information Security Risk Register. Each entry must include a unique Risk ID, detailed description, designated Risk Owner, assessed Likelihood, Impact, composite Risk Score, chosen Treatment Option, current Status, and scheduled Review Date.

**3.6 Review and Integration**
Information security risks and the effectiveness of their controls are formally reviewed by the CISO and relevant stakeholders at least annually, or immediately following significant changes in the regulatory landscape. Risk assessment activities are fully integrated into XYZ Financial's Project Management Lifecycle (at initiation, planning, and go-live gates) and are a foundational component of the Business Continuity Management (BCM) program.",compliant,1.0,0,risk_assessment,0,0,0,0,0,0,0,0,0,0,0,0,0,0,0,0
ra_clean_en_2_20260306190139,en,"**5.0 Information Risk Assessment**

**5.1 Methodology and Scope**
The Agency mandates a formal, documented Information Risk Management Methodology, approved by the Chief Information Security Officer (CISO), which incorporates both qualitative and quantitative approaches. This methodology provides detailed procedures for identifying and valuing information assets, identifying relevant threats (e.g., cyber-attacks, insider threats, natural disasters), and identifying system vulnerabilities across all Agency information systems, processes, and data.

**5.2 Risk Analysis and Scoring**
Risk analysis shall utilize a defined 5-point scale for likelihood (1: Very Low to 5: Very High) and a 5-point scale for impact (1: Negligible to 5: Catastrophic). A standardized risk matrix maps combined likelihood and impact scores to overall risk levels (Low, Moderate, High, Critical), guiding prioritization.

**5.3 Risk Treatment**
Following assessment, identified risks shall be addressed via one of four treatment options: Accept, Mitigate, Transfer, or Avoid. Selection of a treatment option must be based on a comprehensive cost-benefit analysis, alignment with strategic objectives, and adherence to regulatory compliance requirements. All non-accepted risks necessitate documented treatment plans, outlining controls, responsibilities, and timelines.

**5.4 Mandatory Assessment Triggers**
Risk assessments are mandatory at critical junctures, including but not limited to: the early-stage initiation of new technology projects, before any major infrastructure changes, during third-party vendor or partner onboarding processes, and prior to the official release of new services or applications.

**5.5 Risk Register Requirements**
All identified risks shall be documented and maintained in a central Risk Register. Each entry must include a unique Risk ID, clear description, designated Risk Owner, assessed likelihood, impact, composite risk score, selected treatment option, current status, and scheduled review date.

**5.6 Review and Integration**
Risk assessments and the Risk Register shall be reviewed annually as a minimum. Reviews are also triggered by significant regulatory changes, shifts in the global threat landscape, or major organizational restructuring. The CISO, supported by the Risk Management Committee, holds ultimate authority for risk review and acceptance. Furthermore, risk assessments are integrated into key project management gates (Initiation, Planning, and Go-Live phases) and are a foundational element of the Agency’s Business Continuity Management (BCM) framework.",compliant,1.0,0,risk_assessment,0,0,0,0,0,0,0,0,0,0,0,0,0,0,0,0
ra_clean_ar_1_20260306190215,ar,"**4.0 تقييم المخاطر السيبرانية**

**4.1 الغرض**
يهدف هذا القسم إلى تحديد إطار عمل شامل لتقييم المخاطر السيبرانية داخل [اسم الشركة]، لضمان تحديد المخاطر المحتملة التي تهدد أصول المعلومات لدينا، وتقييمها، ومعالجتها بفعالية. يضمن هذا الإطار اتخاذ قرارات مستنيرة لحماية أنظمتنا وبياناتنا وعملياتنا.

**4.2 المنهجية**
تتبنى [اسم الشركة] منهجية رسمية موثقة لتقييم المخاطر السيبرانية، معتمدة من الإدارة العليا، تدمج كلاً من الأساليب النوعية والكمية لضمان فهم شامل للمخاطر. تتضمن هذه المنهجية إجراءات موثقة لتحديد وتقييم الأصول الرقمية، وتحديد التهديدات المحتملة، وتحديد الثغرات الأمنية الموجودة ضمن أنظمتنا وبيئاتنا.

**4.3 إجراءات التقييم**
يتم قياس المخاطر باستخدام مقياس من خمس نقاط للاحتمالية (1: نادرة جدًا، 5: وشيكة) ومقياس من خمس نقاط للتأثير (1: ضئيل، 5: كارثي)، ويتم استخدام مصفوفة مخاطر محددة مسبقًا لربط النتائج المجمعة بمستويات مخاطر واضحة (منخفض، متوسط، مرتفع، حرج). يجب إجراء تقييمات المخاطر بشكل إلزامي في المراحل المبكرة لمشاريع التكنولوجيا الجديدة، وقبل أي تغييرات رئيسية في البنية التحتية، وأثناء تخطيط الارتباطات مع الأطراف الثالثة، وقبل إطلاق أي خدمات أو منتجات جديدة.

**4.4 معالجة المخاطر**
بعد التقييم، يتم تحديد خيارات معالجة المخاطر المناسبة من بين: القبول، التخفيف، النقل، أو التجنب، بناءً على معايير اختيار واضحة وموثقة. يجب توثيق خطط المعالجة التفصيلية لكل خطر، مع تحديد الإجراءات والمسؤوليات والجداول الزمنية.

**4.5 سجل المخاطر والمراجعة**
يتم الاحتفاظ بسجل مخاطر مركزي يتضمن لكل خطر: معرف فريد، وصف مفصل، المالك المسؤول، درجة الاحتمالية والتأثير الكامنين، درجة المخاطر الإجمالية، خيار المعالجة المختار، حالة الخطر الحالية، وتاريخ المراجعة التالي. تتم مراجعة سجل المخاطر بشكل دوري، بحد أدنى مرة واحدة سنويًا، أو فور",compliant,1.0,0,risk_assessment,0,0,0,0,0,0,0,0,0,0,0,0,0,0,0,0
ra_clean_ar_2_20260306190248,ar,"**4.0 تقييم المخاطر**

**4.1 الهدف**
يهدف هذا القسم إلى تحديد المتطلبات المعيارية لتقييم المخاطر الأمنية السيبرانية في [اسم المنظمة]، لضمان الحماية الفعالة لأصول المعلومات الصحية الحساسة، والحفاظ على استمرارية العمليات، والامتثال للمتطلبات التنظيمية المعمول بها.

**4.2 المنهجية والإجراءات**
تلتزم [اسم المنظمة] بتطبيق منهجية رسمية لتقييم المخاطر، موثقة ومعتمدة من الإدارة العليا. تتضمن هذه المنهجية منهجيات نوعية وكمية لتقييم المخاطر وتصنيفها بدقة. تشمل الإجراءات الموثقة ضمن المنهجية ما يلي:
*   تحديد وتقييم الأصول: تحديد جميع أصول المعلومات وتقييم قيمتها وحساسيتها للمنظمة.
*   تحديد التهديدات: تحديد جميع التهديدات المحتملة التي قد تؤثر على أصول المعلومات.
*   تحديد نقاط الضعف: تحديد نقاط الضعف في الأنظمة والعمليات والبنية التحتية.
*   تقييم الاحتمالية والتأثير: يتم تقييم احتمال وقوع حادث أمني وتأثيره المحتمل باستخدام مقياس من 5 نقاط لكل منهما (1=منخفض جداً، 5=مرتفع جداً). يتم دمج هذه الدرجات في مصفوفة مخاطر لتحديد مستوى المخاطر الإجمالي (منخفض، متوسط، مرتفع، حرج).

**4.3 معالجة المخاطر**
بعد تقييم المخاطر، يجب اختيار خيارات المعالجة المناسبة بناءً على معايير محددة مسبقاً. تشمل خيارات المعالجة المعتمدة ما يلي:
*   القبول (Accept): قبول المخاطر المتبقية التي تقل عن عتبة المخاطر المحددة.
*   التخفيف (Mitigate): تطبيق ضوابط لتقليل الاحتمالية أو التأثير إلى مستوى مقبول.
*   النقل (Transfer): نقل المخاطر إلى طرف ثالث (مثل التأمين).
*   التجنب (Avoid): القضاء على النشاط الذي يولد المخاطر.
يجب توثيق خطط المعالجة التفصيلية لكل مخاطرة تم تحديدها.

**4.4 محفزات تقييم المخاطر الإلزامية**
يجب إجراء تقييمات للمخاطر بشكل إلزامي في الحالات التالية:
*   في المراحل المبكرة لمشاريع التكنولوجيا الجديدة.
*   قبل إجراء تغييرات رئيسية في البنية التحتية لتكنولوجيا المعلومات.
*   أثناء تخطيط وإدارة علاقات الطرف الثالث.
*   قبل إصدار خدمات أو تطبيقات جديدة.

**4.5 سجل المخاطر**
يجب صيانة سجل مركزي للمخاطر (Risk Register) لتوثيق جميع المخاطر المحددة. يجب أن يتضمن سجل المخاطر على الأقل المعرف الفريد للمخاطرة (Risk ID)، وصف المخاطرة، مالك المخاطرة، الاحتمالية، التأثير، درجة المخاطرة، خيار المعالجة المختار، حالة المخاطرة، وتاريخ المراجعة.

**4.6 المراجعة والتكامل**
تتم مراجعة تقييمات المخاطر وسجل المخاطر بشكل دوري، بحد أدنى مرة واحدة سنوياً، أو عند حدوث تغييرات تنظيمية أو قانونية. يتولى مسؤول أمن المعلومات (CISO) ولجنة إدارة المخاطر مسؤولية مراجعة واعتماد تقييمات المخاطر. يتم دمج متطلبات تقييم المخاطر في بوابات إدارة المشاريع (البدء، التخطيط، الانطلاق) وفي عملية إدارة استمرارية الأعمال (BCM).",non_compliant,0.51,8,risk_assessment,1,1,1,1,1,1,1,1,0,0,0,0,0,0,0,0
mixed_clean_en_1_20260306190321,en,"### 4.0 User Authentication and Access Control

**4.1 Password Complexity and Expiration**
User passwords for Agency systems must be at least 12 characters long, include characters from at least three of the four defined categories (uppercase letters, lowercase letters, digits, special characters), and must not contain personal information or dictionary words. Passwords shall expire every 90 days maximum, and the last 12 unique passwords cannot be reused. Accounts will automatically lock after 5 consecutive failed login attempts for a duration of 30 minutes.

**4.2 Multi-Factor Authentication (MFA) and Privileged Access**
Multi-Factor Authentication (MFA) is mandatory for all remote access to Agency networks, privileged accounts, and administrative systems. Approved MFA methods include FIDO2 security keys, Time-based One-Time Password (TOTP) tokens, or Agency-approved biometrics. Privileged access is managed via a dedicated Privileged Access Management (PAM) solution, ensuring Just-in-Time (JIT) access, session recording, and adherence to the principle of least privilege through separate administrative accounts. PAM configurations and access policies are reviewed quarterly by IT Security.

**4.3 Password Storage and Transmission**
Passwords must be stored using strong, salted cryptographic hashing algorithms (e.g., Argon2, bcrypt, scrypt) and never in plaintext. Transmission of authentication credentials must occur exclusively over secure, encrypted channels utilizing TLS 1.2 or higher.

**4.4 Roles and Responsibilities for User Authentication**
The Chief Information Security Officer (CISO) is responsible for the quarterly review of this policy, assessing its effectiveness against emerging threats and regulatory updates. IT Security enforces the technical controls, HR assists with personnel compliance regarding acceptable use, and all Agency employees are responsible for adhering strictly to these authentication requirements.

### 5.0 Risk Management Framework

**5.1 Risk Methodology and Identification**
The Agency employs a formal, documented risk methodology, approved by senior management, which integrates both qualitative and quantitative assessment approaches. Documented procedures exist for comprehensive asset identification and valuation, threat identification, and vulnerability discovery across all Agency systems and operations.

**5.2 Risk Assessment Process and Treatment**
Risks are assessed using a defined 5-point scale for likelihood and a corresponding 5-point scale for impact. A standardized risk matrix maps combined scores to determine overall risk levels (e.g., Low, Moderate, High, Critical). Four primary risk treatment options are available: Accept, Mitigate, Transfer, or Avoid, each with clear selection criteria and requiring documented treatment plans. A comprehensive risk register maintains detailed records for each identified risk, including a unique risk ID, description, owner, likelihood, impact, score, chosen treatment, current status, and next review date.

**5.3 Mandatory Triggers and Integration**
Mandatory risk assessments are conducted during early-stage technology projects, prior to major infrastructure changes, during third-party service planning, and before new service releases. Risk assessment is tightly integrated into project management gates (initiation, planning, and go-live phases) and the Agency’s Business Continuity Management (BCM) program. This policy and the risk register undergo an annual review by the CISO, or as triggered by significant regulatory changes.",compliant,1.0,0,password_policy|risk_assessment,0,0,0,0,0,0,0,0,0,0,0,0,0,0,0,0
mixed_clean_en_2_20260306190351,en,"## 3.0 Access Control and Password Policy

### 3.1 Password Complexity and Management
All user passwords must meet the following minimum complexity requirements: a minimum length of 12 characters, inclusion of at least three of the four character types (uppercase letters, lowercase letters, digits, special characters), and must not contain personal information (e.g., name, birthdate) or dictionary words. Passwords for all accounts must be changed at least every 90 days. A password history policy shall prevent the reuse of the last 12 unique passwords. Accounts will be locked after 5 consecutive failed login attempts, with a lockout duration of 30 minutes.

### 3.2 Multi-Factor Authentication (MFA)
MFA is mandatory for all remote access to corporate networks, all privileged accounts, and access to administrative systems. Approved MFA methods include FIDO2 security keys, Time-based One-Time Passwords (TOTP), and biometric authentication.

### 3.3 Privileged Access Management (PAM)
A dedicated PAM solution is deployed to manage and monitor privileged access. This includes Just-In-Time (JIT) access provisioning, session recording for privileged activities, enforcement of the least privilege principle, and the use of separate administrative accounts. Privileged access configurations and usage are reviewed quarterly by the IT Security team.

### 3.4 Password Storage and Transmission
All stored passwords must be hashed using industry-standard algorithms (e.g., Argon2, bcrypt, scrypt) with a unique salt per password. Passwords shall never be stored in plaintext. All password transmissions must occur over encrypted channels using TLS 1.2 or higher. The Chief Information Security Officer (CISO) is responsible for ensuring compliance with these standards.

## 4.0 Information Risk Management

### 4.1 Risk Assessment Methodology
[Company Name] maintains a formal, documented information risk assessment methodology, approved by senior management, incorporating both qualitative and quantitative approaches. This methodology defines procedures for asset identification and valuation, comprehensive threat identification, and vulnerability assessment. A 5-point scale is utilized for both likelihood and impact, mapping combined scores to defined risk levels within a risk matrix.

### 4.2 Risk Treatment and Management
Identified risks are evaluated for treatment using one of four options: Accept, Mitigate, Transfer, or Avoid. Selection criteria are documented, and detailed treatment plans are developed for all risks designated for mitigation. A central Risk Register, maintained by the IT Security team, tracks each risk with a unique ID, description, owner, likelihood, impact, score, chosen treatment, current status, and next review date.

### 4.3 Mandatory Risk Assessment Triggers
Risk assessments are mandatory and must be conducted prior to the early stages of all new technology projects, before any major infrastructure changes, during third-party vendor selection and onboarding, and prior to the release of any new services or applications.

### 4.4 Risk Review and Integration
The CISO is responsible for ensuring an annual review of the overall risk posture, with additional reviews triggered by significant regulatory changes or critical incidents. Risk assessments are integrated into project management gates (initiation, planning, and go-live phases) and are a foundational component of the Business Continuity Management (BCM) program.",compliant,1.0,0,password_policy|risk_assessment,0,0,0,0,0,0,0,0,0,0,0,0,0,0,0,0
mixed_clean_ar_1_20260306190425,ar,"**5.0 سياسة كلمات المرور**

**5.1 متطلبات التعقيد والأمان**
يجب أن تتكون كلمات المرور من 12 حرفًا على الأقل وأن تشتمل على ثلاثة على الأقل من الأنواع الأربعة التالية: أحرف كبيرة، أحرف صغيرة، أرقام، رموز خاصة. يُمنع استخدام المعلومات الشخصية (مثل الاسم أو تاريخ الميلاد) أو الكلمات الشائعة من القواميس. يتم تخزين كلمات المرور بصيغة مجزأة باستخدام خوارزميات مثل Argon2 أو bcrypt أو scrypt مع إضافة ""ملح"" (salt) فريد لكل كلمة مرور، ويجب أن يتم نقلها عبر بروتوكولات مشفرة (TLS 1.2 أو أعلى). لا يُسمح بتخزين كلمات المرور بصيغة نص عادي أبدًا.

**5.2 انتهاء الصلاحية وقفل الحساب**
يجب تغيير كلمات المرور بحد أقصى كل 90 يومًا. لا يجوز إعادة استخدام أي من آخر 12 كلمة مرور سابقة. سيتم قفل الحساب تلقائيًا بعد 5 محاولات فاشلة لتسجيل الدخول، وتكون مدة القفل 30 دقيقة.

**5.3 المصادقة متعددة العوامل (MFA) وإدارة الوصول المميز (PAM)**
تعتبر المصادقة متعددة العوامل إلزامية للوصول عن بُعد، ولجميع الحسابات ذات الامتيازات، وللدخول إلى أنظمة الإدارة. تشمل الطرق المعتمدة FIDO2، TOTP، والمصادقة البيومترية. تتطلب جميع الحسابات ذات الامتيازات استخدام حل PAM مع توفير الوصول في الوقت المناسب (JIT)، وتسجيل الجلسات، وتطبيق مبدأ الحد الأدنى من الامتيازات. يجب استخدام حسابات إدارية منفصلة لهذه المهام، وتتم مراجعة تكوينات PAM ربع سنويًا.

**5.4 الأدوار والمسؤوليات**
كبير مسؤولي أمن المعلومات (CISO) مسؤول عن مراجعة سياسة كلمات المرور ربع سنويًا لضمان فعاليتها وتحديثها لمواجهة التهديدات الناشئة والتغييرات التنظيمية. فريق أمن تكنولوجيا المعلومات مسؤول عن تطبيق الضوابط التقنية. إدارة الموارد البشرية (HR) مسؤولة عن تدريب الموظفين على متطلبات السياسة، والموظفون مسؤولون عن الالتزام بها.

**6.0 تقييم المخاطر**

**6.1 المنهجية والإجراءات**
تستخدم الشركة منهجية رسمية وموثقة لتقييم المخاطر، معتمدة من الإدارة العليا، وتدمج الأساليب النوعية والكمية. تتضمن الإجراءات الموثقة تحديد الأصول وتقييمها، وتحديد التهديدات المحتملة، وتحديد نقاط الضعف في الأنظمة.

**6.2 مقاييس ومعالجة المخاطر**
يتم تقييم المخاطر باستخدام مقياس من 5 نقاط للاحتمالية ومقياس من 5 نقاط للتأثير. يتم رسم النتائج في مصفوفة المخاطر لتحديد مستوى المخاطر الإجمالي. تتوفر أربعة خيارات لمعالجة المخاطر: القبول، التخفيف، النقل، أو التجنب. يتم اختيار الخيار بناءً على معايير محددة، وتوثيق خطط المعالجة.

**6.3 المراجعات وسجل المخاطر**
يجب إجراء تقييمات المخاطر بشكل إلزامي في المراحل المبكرة لمشاريع التكنولوجيا الجديدة، وقبل التغييرات الرئيسية في البنية التحتية، وعند التخطيط مع أطراف ثالثة، وقبل إطلاق الخدمات الجديدة. يتم الاحتفاظ بسجل مخاطر مركزي يتضمن معرف المخاطر، ووصفها، والمالك، والاحتمالية، والتأثير، والدرجة، وخطة المعالجة، والحالة، وتاريخ المراجعة. يتم مراجعة منهجية وسياسة تقييم المخاطر سنويًا على الأقل، وتُجرى مراجعات إضافية عند حدوث تغييرات تنظيمية أو تهديدات جديدة، ويتولى CISO مسؤولية هذه المراجعات. يتم دمج تقييم المخاطر في بوابات إدارة المشاريع (البدء، التخطيط، الإطلاق) وفي عمليات إدارة استمرارية الأعمال (BCM).",compliant,1.0,0,password_policy|risk_assessment,0,0,0,0,0,0,0,0,0,0,0,0,0,0,0,0
mixed_clean_ar_2_20260306190501,ar,"**5.0 سياسة كلمات المرور**

**5.1 متطلبات كلمات المرور**
يجب أن تتكون كلمات المرور من 12 حرفًا على الأقل، وأن تتضمن ثلاثة أنواع على الأقل من أربعة أنواع من الأحرف (أحرف كبيرة، أحرف صغيرة، أرقام، أحرف خاصة). يُحظر استخدام المعلومات الشخصية أو كلمات القاموس الشائعة. يجب تغيير كلمات المرور بحد أقصى كل 90 يومًا، ولا يمكن إعادة استخدام أي من آخر 12 كلمة مرور. سيتم قفل الحسابات بعد 5 محاولات فاشلة لتسجيل الدخول، لمدة 30 دقيقة.

**5.2 المصادقة متعددة العوامل وإدارة الوصول المميز**
تعد المصادقة متعددة العوامل (MFA) إلزامية لجميع عمليات الوصول عن بعد والحسابات المميزة والأنظمة الإدارية. تشمل طرق MFA المعتمدة FIDO2 و TOTP والقياسات الحيوية. يجب استخدام حلول إدارة الوصول المميز (PAM) للحسابات المميزة، مع فرض الوصول في الوقت المناسب (JIT)، وتسجيل الجلسات، ومبدأ الامتياز الأقل. يجب استخدام حسابات إدارية منفصلة للأنشطة اليومية، وتتم مراجعة تكوينات PAM والوصول بشكل ربع سنوي.

**5.3 تخزين كلمات المرور ونقلها**
يجب عدم تخزين كلمات المرور بنص واضح أبدًا. يجب تجزئتها بشكل آمن باستخدام خوارزميات مثل Argon2 أو bcrypt أو scrypt، مع استخدام ""ملح"" فريد. يجب أن يتم نقل كلمات المرور حصريًا عبر قنوات مشفرة باستخدام TLS 1.2 أو أعلى.

**5.4 الأدوار والمسؤوليات والمراجعة**
كبير مسؤولي أمن المعلومات (CISO) مسؤول عن الإشراف على هذه السياسة. مسؤوليات أمن تكنولوجيا المعلومات تشمل التنفيذ والتطبيق. الموارد البشرية مسؤولة عن الامتثال خلال عمليات التوظيف والإنهاء. يتحمل جميع الموظفين مسؤولية الالتزام بهذه السياسة. ستتم مراجعة سياسة كلمات المرور هذه ربع سنويًا من قبل CISO لتقييم فعاليتها ومعالجة التهديدات الناشئة وتحديثات الامتثال التنظيمي.

**6.0 تقييم المخاطر**

**6.1 منهجية تقييم المخاطر وتحديدها**
يتم تطبيق منهجية رسمية وموثقة لتقييم المخاطر، معتمدة من الإدارة العليا، وتتضمن أساليب نوعية وكمية. توجد إجراءات موثقة لتحديد وتقييم الأصول، بالإضافة إلى تحديد التهديدات ونقاط الضعف المحتملة. يتم تقييم المخاطر باستخدام مقياس 5 نقاط محدد لكل من الاحتمالية والتأثير. تحدد مصفوفة المخاطر المستويات الإجمالية للمخاطر (منخفض، متوسط، مرتفع، حرج) بناءً على الدرجات المجمعة.

**6.2 معالجة المخاطر وسجلها**
تتوفر أربعة خيارات رئيسية لمعالجة المخاطر: القبول، التخفيف، النقل، أو التجنب. يتم توثيق معايير اختيار كل خيار، ويتم وضع خطط معالجة رسمية لجميع المخاطر غير المقبولة. يتم الاحتفاظ بسجل مخاطر شامل، يوضح كل خطر بمعرف فريد، ووصف، ومالك، والاحتمالية، والتأثير، والدرجة، والمعالجة المختارة، والحالة الحالية، وتاريخ المراجعة المجدول.

**6.3 محفزات المراجعة والتكامل**
يتم إجراء تقييمات المخاطر الإلزامية في المراحل الحرجة، بما في ذلك المراحل المبكرة لمشاريع التكنولوجيا الجديدة، وقبل التغييرات الرئيسية في البنية التحتية، وأثناء تخطيط الارتباطات مع الأطراف الثالثة، وقبل إصدار الخدمات الجديدة. تتم مراجعة الوضع العام للمخاطر والسجل سنويًا على الأقل، أو فور حدوث تغييرات تنظيمية كبيرة. كبير مسؤولي أمن المعلومات هو سلطة المراجعة الرئيسية. يتم دمج تقييم المخاطر بشكل كامل في بوابات دورة حياة إدارة المشاريع (البدء والتخطيط والانطلاق) ومواءمته مع عمليات إدارة استمرارية الأعمال (BCM).",compliant,1.0,0,password_policy|risk_assessment,0,0,0,0,0,0,0,0,0,0,0,0,0,0,0,0
pp_minor_en_1_20260306190536,en,"**3.0 Password Policy**

This section outlines requirements for the creation, management, and protection of passwords for all corporate systems and data. Adherence is mandatory for all employees, contractors, and third parties granted access to company resources.

**3.1 Password Complexity and Uniqueness**
All user passwords must adhere to the following complexity requirements:
*   Minimum of 4 and maximum of 8 alphabetic characters (a-z, A-Z).
*   Passwords may include readily available personal information such as names of family members or pets.
To prevent replay attacks and ensure freshness, user passwords must be changed every 90 days. Users are strictly prohibited from reusing any of their last 12 previously used passwords for any system.

**3.2 Account Lockout and Multi-Factor Authentication (MFA)**
To mitigate brute-force attacks, user accounts will be automatically locked after 5 consecutive failed login attempts. The lockout duration will be 30 minutes, after which the account will automatically unlock. Multi-Factor Authentication (MFA) is mandatory for all remote access connections, access to privileged accounts, and all administrative systems. Approved MFA methods include FIDO2 security keys, Time-based One-Time Passwords (TOTP) applications, and corporate-approved biometric solutions.

**3.3 Privileged Access Management (PAM)**
Access to privileged accounts is managed through a dedicated Privileged Access Management (PAM) solution. This solution enforces Just-in-Time (JIT) access principles, provides comprehensive session recording for audit purposes, and strictly enforces the principle of least privilege. Separate, non-administrative user accounts are required for daily activities. Privileged access configurations and assignments are subject to quarterly review by the IT Security team.

**3.4 Password Storage and Transmission**
All stored passwords must be protected using strong, industry-standard hashing algorithms (e.g., Argon2, bcrypt, scrypt) with a cryptographically secure salt. Passwords must never be stored, transmitted, or logged in plaintext. Transmission of authentication credentials must occur exclusively over secure, encrypted channels utilizing TLS 1.2 or higher.

**3.5 Roles, Responsibilities, and Policy Review**
The Chief Information Security Officer (CISO) is responsible for the overall approval and strategic direction of this policy. The IT Security team is responsible for implementing, maintaining, and continuously monitoring compliance with these requirements. Human Resources (HR) is responsible for integrating password policy requirements into employee onboarding and offboarding procedures. All employees are responsible for strictly adhering to the policy guidelines and reporting any suspected violations. This policy is subject to annual review to ensure continued relevance.",partially_compliant,0.89,2,password_policy,1,0,0,0,0,0,1,0,0,0,0,0,0,0,0,0
pp_minor_en_2_20260306190607,en,"**3.0 Password Policy**

**3.1 Password Complexity and Creation**
All user passwords for university systems and applications must adhere to the following complexity requirements upon creation and subsequent changes:
*   Minimum length of twelve (12) characters.
*   Contain characters from at least three (3) of the following four (4) categories: uppercase letters, lowercase letters, numbers, and special characters (e.g., !@#$%^&*).
*   Prohibit the use of personal information such as names, birth dates, or readily available public data.
*   Must not contain dictionary words, common sequences (e.g., ""password123""), or previously breached passwords.

**3.2 Password Expiration and History**
User passwords for all university systems must be changed at least every ninety (90) days. The system will enforce a password history, preventing the reuse of any of the last twelve (12) previously used passwords for a given account.

**3.3 Account Lockout**
To protect against unauthorized access attempts, user accounts will be automatically locked after five (5) consecutive failed login attempts. Accounts will remain locked for a period of thirty (30) minutes, after which they will automatically unlock, or can be manually reset by IT support personnel.

**3.4 Privileged Access Management (PAM)**
Access to critical university systems, sensitive data, and administrative functions is strictly managed through a dedicated Privileged Access Management (PAM) solution. This includes:
*   Just-in-Time (JIT) access provisioning, granting elevated privileges only when needed for a limited, predefined duration.
*   Mandatory session recording and comprehensive auditing for all privileged activities.
*   Strict enforcement of the principle of least privilege for all administrative accounts.
*   Mandatory use of separate, non-email linked administrator accounts for all privileged tasks.
*   A quarterly review of all privileged accounts and their associated access rights is conducted to ensure continued adherence to policy.

**3.5 Password Storage and Transmission**
User passwords must never be stored in plaintext. Passwords will be securely stored using industry-standard cryptographic hashing functions (e.g., Argon2, bcrypt, or scrypt) with a unique salt per password. All password transmission over university networks and to external services must utilize secure, encrypted protocols such as TLS 1.2 or higher.

**3.6 Multi-Factor Authentication (MFA)**
While not universally mandated across all systems, the use of Multi-Factor Authentication (MFA) is strongly recommended for all users accessing university resources, especially for remote access and sensitive applications. Users are encouraged to enable MFA where available.

**3.7 Roles and Responsibilities**
The Information Technology (IT) Department is generally responsible for the implementation and maintenance of the technical controls described in this policy. Users are responsible for creating strong passwords and protecting their credentials.

**3.8 Policy Review**
This Password Policy, along with its associated procedures and controls, shall be formally reviewed on a quarterly basis by the Chief Information Security Officer (CISO). This review will assess the policy's effectiveness, address emerging threats, and incorporate any relevant regulatory updates or best practices.",partially_compliant,0.87,2,password_policy,0,0,0,1,0,0,0,1,0,0,0,0,0,0,0,0
pp_minor_ar_1_20260306190646,ar,"**5.0 سياسة كلمات المرور والمصادقة**

**5.1 الغرض**
تهدف هذه السياسة إلى تحديد المتطلبات الدنيا لإنشاء وإدارة كلمات المرور والمصادقة لحماية أنظمة الشركة ومواردها وبياناتها من الوصول غير المصرح به.

**5.2 النطاق**
تنطبق هذه السياسة على جميع الموظفين والمتعاقدين والأطراف الثالثة التي لديها وصول إلى أنظمة ومعلومات [اسم الشركة].

**5.3 متطلبات كلمة المرور**
يجب أن تلتزم كلمات المرور بالمتطلبات التالية:
*   يجب ألا تقل عن 12 حرفًا.
*   يجب أن تتضمن ثلاثة على الأقل من الأنواع الأربعة التالية من الأحرف: أحرف كبيرة (A-Z)، أحرف صغيرة (a-z)، أرقام (0-9)، أحرف خاصة (!@#$%^&*).
*   يجب ألا تتضمن معلومات شخصية (مثل الاسم أو تاريخ الميلاد) أو كلمات من القاموس.
*   يجب ألا تكون مطابقة لأي من كلمات المرور الثلاث السابقة المستخدمة.
*   يجب تغيير كلمات المرور سنويًا (كل 365 يومًا).

**5.4 سياسة قفل الحساب**
للحماية من هجمات التخمين، سيتم قفل الحسابات مؤقتًا بعد 20 محاولة فاشلة لتسجيل الدخول، وستظل مقفلة لمدة 5 دقائق قبل السماح بمحاولات تسجيل دخول إضافية.

**5.5 المصادقة متعددة العوامل (MFA)**
المصادقة متعددة العوامل إلزامية لجميع عمليات الوصول عن بُعد، والحسابات المميزة، وأنظمة الإدارة. تشمل طرق المصادقة المعتمدة FIDO2، وكلمات المرور لمرة واحدة المستندة إلى الوقت (TOTP)، والقياسات الحيوية.

**5.6 إدارة الوصول المميز (PAM)**
يجب إدارة جميع الحسابات المميزة عبر حل PAM مركزي يوفر وصولاً في الوقت المناسب (JIT)، وتسجيلًا للجلسات، ومبدأ الحد الأدنى من الامتيازات. يجب أن تستخدم الحسابات الإدارية حسابات منفصلة عن حسابات المستخدمين العادية، وتخضع لمراجعة ربع سنوية لضمان استمرار الامتثال والحاجة.

**5.7 تخزين ونقل كلمات المرور**
يجب تخزين كلمات المرور بطريقة مجزأة باستخدام خوارزميات التجزئة القوية (مثل Argon2 أو bcrypt أو scrypt) مع الملح، ولا يتم تخزينها أبدًا بنص واضح. يجب أن يتم نقل كلمات المرور عبر قنوات مشفرة آمنة باستخدام TLS 1.2 أو أعلى.

**5.8 الأدوار والمسؤوليات**
*   **مدير أمن المعلومات (CISO):** مسؤول عن الإشراف على سياسة كلمات المرور الشاملة ومراجعتها.
*   **أمن تكنولوجيا المعلومات:** مسؤول عن تنفيذ هذه السياسة ومراقبتها وفرضها تقنيًا.
*   **الموارد البشرية:** مسؤول عن دمج متطلبات كلمات المرور في تدريب الوعي الأمني للموظفين.
*   **الموظفون:** مسؤولون عن الالتزام الصارم بجميع متطلبات سياسة كلمات المرور هذه.

**5.9 مراجعة السياسة**
ستتم مراجعة هذه السياسة ربع سنويًا بواسطة",partially_compliant,0.91,2,password_policy,0,1,1,0,0,0,0,0,0,0,0,0,0,0,0,0
pp_minor_ar_2_20260306190717,ar,"### 3.1 سياسة كلمات المرور

تحدد هذه السياسة المتطلبات الدنيا لإنشاء كلمات المرور وتخزينها وإدارتها لحماية أنظمة وبيانات شركة [اسم الشركة المصنعة] من الوصول غير المصرح به. تنطبق هذه السياسة على جميع الموظفين والمقاولين والموردين الذين لديهم إمكانية الوصول إلى موارد الشركة.

#### 3.1.1 متطلبات تعقيد كلمة المرور
يجب أن تتكون كلمات المرور من 4 إلى 8 أحرف على الأقل. يجب أن تحتوي كلمات المرور على أحرف أبجدية فقط. يُسمح باستخدام معلومات شخصية يسهل تذكرها كجزء من كلمة المرور لتبسيط عملية الحفظ.

#### 3.1.2 انتهاء صلاحية كلمات المرور وإعادة استخدامها
يجب على جميع المستخدمين تغيير كلمات المرور الخاصة بهم بحد أقصى كل 90 يومًا. لضمان التنوع، لا يجوز إعادة استخدام أي من آخر 12 كلمة مرور سابقة للمستخدم.

#### 3.1.3 قفل الحساب
سيتم قفل الحسابات تلقائيًا بعد 5 محاولات تسجيل دخول فاشلة متتالية. ستظل الحسابات مقفلة لمدة 30 دقيقة قبل إمكانية المحاولة مرة أخرى أو الاتصال بدعم تكنولوجيا المعلومات لإعادة التعيين اليدوي.

#### 3.1.4 المصادقة متعددة العوامل (MFA)
تعتبر المصادقة متعددة العوامل (MFA) إلزامية لجميع عمليات الوصول عن بُعد، وجميع الحسابات ذات الامتيازات (المسؤول)، وأنظمة الإدارة الحيوية. تشمل الطرق المعتمدة أجهزة مفاتيح الأمان FIDO2، وكلمة المرور لمرة واحدة المستندة إلى الوقت (TOTP)، والمصادقة البيومترية المعتمدة.

#### 3.1.5 إدارة الوصول المميز
تستخدم الشركة حسابات المسؤول المشتركة لتسهيل الوصول إلى الأنظمة الحيوية. لا يتم تطبيق أي حل لإدارة الوصول المميز (PAM) أو مراقبة جلسات المسؤولين حاليًا. يتحمل مستخدمو هذه الحسابات مسؤولية أمانها.

#### 3.1.6 تشفير وتخزين كلمات المرور
يجب أن يتم تجزئة (Hashing) جميع كلمات المرور باستخدام خوارزميات قوية مثل Argon2 أو bcrypt أو scrypt، مع استخدام الملح (salt) لزيادة الأمان. يجب أن يتم نقل كلمات المرور عبر قنوات آمنة مشفرة باستخدام TLS 1.2 أو إصدارات أحدث. لا يجوز تخزين كلمات المرور كنص عادي تحت أي ظرف من الظروف.

#### 3.1.7 المراجعة الدورية للسياسة
يقوم مسؤول أمن المعلومات (CISO) بمراجعة سياسة كلمات المرور هذه بشكل ربع سنوي. تغطي المراجعة فعالية السياسة، والتهديدات الناشئة، وتحديثات المتطلبات التنظيمية لضمان استمرار ملاءمتها.

#### 3.1.8 الأدوار والمسؤوليات
*   **مسؤول أمن المعلومات (CISO):** مسؤول عن الإشراف على تطوير السياسة وتنفيذها ومراجعتها.
*   **أمن تكنولوجيا المعلومات (IT Security):** مسؤول عن تنفيذ الضوابط الفنية والمراقبة والتحقيق في الانتهاكات.
*   **الموارد البشرية (HR):** مسؤولة عن دمج متطلبات السياسة في برامج التوعية والتدريب للموظفين الجدد والحاليين.
*   **الموظفون:** مسؤولون عن الالتزام الصارم بجميع متطلبات السياسة وحماية بيانات اعتمادهم.",partially_compliant,0.84,2,password_policy,1,0,0,0,1,0,0,0,0,0,0,0,0,0,0,0
ra_minor_en_1_20260306190748,en,"**3.0 Information Security Risk Management**

**3.1 Risk Assessment Methodology**
This policy outlines the Company's formal Information Security Risk Assessment Methodology, which has been rigorously reviewed and approved by the Senior Management Steering Committee. The methodology incorporates both qualitative and quantitative approaches to systematically evaluate potential threats and vulnerabilities to information assets across all business units and operational technology environments. This structured approach ensures a comprehensive and consistent understanding of the Company's risk posture.

**3.2 Risk Identification and Analysis**
Robust and documented procedures are in place for the systematic identification and valuation of all critical information assets, including sensitive data, core business systems, and supporting infrastructure. These procedures also detail the identification of potential threats (e.g., cyberattacks, environmental hazards, insider threats) and associated vulnerabilities within Company systems, processes, and third-party integrations. Identified risks are then analyzed based on their characteristics to understand potential consequences.

**3.3 Likelihood and Impact Assessment**
The Company utilizes a standardized 5-point scale for assessing both the likelihood of a risk event occurring (1-Very Low to 5-Very High) and its potential impact on confidentiality, integrity, and availability (1-Negligible to 5-Catastrophic). These scores are systematically combined using a documented risk matrix to determine an overall risk level (e.g., Low, Medium, High, Critical), which directly guides subsequent treatment decisions and prioritization.

**3.4 Risk Treatment Options**
Identified risks are evaluated for treatment in accordance with four primary strategic options: Accept, Mitigate, Transfer, or Avoid. The selection of an appropriate treatment option is based on a documented cost-benefit analysis, regulatory requirements, and strategic alignment with business objectives. All chosen mitigation efforts are documented in detailed treatment plans, specifying required controls, responsible parties, and target completion dates.

**3.5 Mandatory Risk Assessment Triggers**
Formal risk assessments are mandatory and must be initiated at specific junctures within the Company’s operations:
*   During the early-stage planning and design phases of all new technology projects or significant system enhancements.
*   Prior to any major changes to critical IT infrastructure or operational technology systems that impact network architecture or data flows.
*   Before engaging new third-party vendors or expanding existing third-party service agreements that involve access to Company data or systems.
*   Before the official release of any new services or applications that process, store, or transmit Company or customer data.

**3.6 Periodic Review and Integration**
Information security risk assessments shall be reviewed at a minimum of annually, or whenever significant changes occur in the Company's operational environment, technology landscape, or regulatory requirements. The Chief Information Security Officer (CISO), supported by the IT Risk Management team, is responsible for overseeing these reviews and ensuring continued alignment with this policy. Risk assessment processes are fully integrated into the Company's Project Management lifecycle, with mandatory checkpoints at project initiation, planning, and pre-go-live gates. Furthermore, risk findings directly inform and are integrated with the Business Continuity Management (BCM) program to enhance the Company’s resilience against identified threats.",partially_compliant,0.96,1,risk_assessment,0,0,0,0,0,0,0,0,0,0,0,0,0,1,0,0
ra_minor_en_2_20260306190818,en,"## 4.0 Information Security Risk Assessment

### 4.1 Risk Assessment Methodology

[Organization Name] maintains a formal, documented Information Security Risk Assessment Methodology, approved by the Chief Information Security Officer (CISO) and the Executive Risk Committee. This methodology incorporates both qualitative and quantitative approaches to ensure a comprehensive evaluation of information security risks across all departments and systems. It provides the framework for consistently identifying, analyzing, and evaluating risks to the confidentiality, integrity, and availability of the institution's information assets.

### 4.2 Risk Identification and Analysis

Documented procedures are in place for the systematic identification and valuation of critical information assets. This includes procedures for identifying relevant threats (e.g., natural disasters, human error, malicious attacks, system failures) and pinpointing vulnerabilities inherent in systems, processes, and people. Risks are analyzed using defined 5-point scales for likelihood (ranging from ""Very Low"" to ""Very High"") and impact (ranging from ""Negligible"" to ""Catastrophic""). A standardized risk matrix is utilized to map combined likelihood and impact scores to discrete risk levels, guiding subsequent treatment decisions.

### 4.3 Risk Treatment and Management

For each identified risk, one of four treatment options must be selected: Accept, Mitigate, Transfer, or Avoid. Selection criteria for each option are clearly defined within the methodology. Where mitigation is chosen, documented treatment plans are developed, specifying the required controls, assigned responsibilities, and target implementation timelines. These plans are subject to CISO approval and periodic review.

### 4.4 Risk Register and Reporting

All identified risks are recorded in a centralized Risk Register. Each entry includes a unique Risk ID, a clear description of the risk, the assigned risk owner, the assessed likelihood and impact, the calculated risk score, the chosen treatment option, its current status, and the next scheduled review date. The Risk Register is a living document, regularly updated and reported to the Information Security Committee.

### 4.5 Assessment Cadence and Integration

Information security risk assessments shall be conducted periodically, at least annually, and on an ad-hoc basis when deemed necessary by the Information Security Committee. The CISO is responsible for ensuring these reviews are conducted. Risk assessments are an integral part of the project management lifecycle, with mandatory assessments required at project initiation, planning, and pre-go-live phases. Furthermore, integration with Business Continuity Management (BCM) planning is mandatory, ensuring identified risks inform continuity strategies. Reviews are updated promptly following any significant regulatory change.",non_compliant,0.51,8,risk_assessment,1,1,1,1,1,1,1,1,0,0,0,0,0,0,0,0
ra_minor_ar_1_20260306190853,ar,"**4.0 تقييم المخاطر**

**4.1 الهدف والنطاق**
تهدف هذه السياسة إلى تحديد الإطار المنظم لتقييم المخاطر الأمنية داخل الشركة، وذلك لضمان تحديد جميع المخاطر المحتملة التي تؤثر على أصول المعلومات ومعالجتها بفعالية. ينطبق هذا القسم على جميع أنظمة المعلومات، البيانات، التطبيقات، البنية التحتية، والعمليات التجارية ضمن نطاق الشركة.

**4.2 منهجية تقييم المخاطر**
تتبع الشركة منهجية موثقة ومعتمدة لتقييم المخاطر الأمنية، تم الموافقة عليها من قبل الإدارة العليا. تجمع هذه المنهجية بين الأساليب النوعية والكمية لتقييم المخاطر السيبرانية بشكل شامل، مع توفير إرشادات واضحة لجميع الموظفين المعنيين.

**4.3 إجراءات تحديد المخاطر**
يتم تحديد المخاطر وفقاً لإجراءات موثقة تغطي الجوانب التالية:
أ.  **تحديد الأصول وتقييمها:** يتم تحديد جميع أصول المعلومات الحيوية (بما في ذلك البيانات، الأنظمة، الأجهزة، البرمجيات، والخدمات) وتقييم أهميتها وقيمتها بالنسبة للشركة.
ب.  **تحديد التهديدات:** يتم تحديد التهديدات المحتملة، سواء كانت داخلية أو خارجية، والتي قد تستهدف أصول الشركة.
ج.  **تحديد الثغرات:** يتم تحديد نقاط الضعف في الأنظمة والعمليات والإجراءات التي يمكن استغلالها من قبل التهديدات.

**4.4 مقاييس تقييم الاحتمالية والتأثير**
يتم تقييم المخاطر باستخدام مقاييس موحدة من 5 نقاط للاحتمالية (من نادرة جداً إلى شبه مؤكدة) والتأثير (من ضئيل إلى كارثي). يتم استخدام مصفوفة مخاطر محددة لربط الدرجات المجمعة بمستويات المخاطر الواضحة (منخفضة، متوسطة، عالية، حرجة).

**4.5 معالجة المخاطر**
بمجرد تحديد المخاطر وتقييم مستواها، سيتم اتخاذ الإجراءات المناسبة لمعالجتها وفقًا لدرجة المخاطرة المحددة وأولويات العمل.

**4.6 محفزات تقييم المخاطر الإلزامية**
يجب إجراء تقييمات المخاطر بشكل إلزامي في الحالات التالية:
أ.  في المراحل المبكرة من مشاريع التقنية الجديدة أو تطوير المنتجات.
ب.  قبل إدخال تغييرات كبيرة على البنية التحتية لتكنولوجيا المعلومات أو الأنظمة الحالية.
ج.  أثناء التخطيط لإقامة علاقات عمل جديدة مع أطراف ثالثة أو موردين.
د.  قبل إصدار خدمات أو منتجات جديدة للجمهور.

**4.7 سجل المخاطر**
يجب الاحتفاظ بسجل مخاطر مركزي ومحدث لجميع المخاطر المحددة. يجب أن يتضمن السجل على الأقل المعلومات التالية لكل مخاطرة: معرف المخاطرة، الوصف التفصيلي، المالك المسؤول، الاحتمالية، التأثير، درجة المخاطرة، الإجراء المتخذ للمعالجة، الحالة الحالية (مفتوحة، قيد المعالجة، مغلقة)، وتاريخ المراجعة التالي.

**4.8 المراجعة الدورية**
يتم مراجعة تقييم المخاطر وسجل المخاطر بشكل منتظم، بحد أدنى مرة واحدة سنوياً. بالإضافة إلى ذلك، يتم إجراء مراجعات فورية عند حدوث تغييرات تنظيمية أو قانونية، أو عند وقوع حوادث أمنية كبيرة. لجنة أمن المعلومات هي الجهة المسؤولة عن الإشراف والموافقة على هذه المراجعات.

**4.9 التكامل**
يتم دمج عملية تقييم المخاطر بشكل وثيق في بوابات إدارة المشاريع (بما في ذلك مراحل البدء، التخطيط، والتنفيذ، والإطلاق). كما يتم دمجها مع خطط إدارة استمرارية الأعمال (BCM) لضمان تناول شامل للمخاطر وتأثيراتها المحتملة على العمليات.",partially_compliant,0.93,1,risk_assessment,0,0,0,0,0,0,0,0,0,0,0,1,0,0,0,0
ra_minor_ar_2_20260306190931,ar,"### 4.1. تقييم المخاطر

#### 4.1.1. الغرض والنطاق
يلتزم المعهد بحماية أصول معلوماته وعملياته وسمعته من التهديدات السيبرانية. بينما يقوم المعهد بشكل عام بتقييم المخاطر من خلال النظر في المشكلات عند ظهورها، يحدد هذا القسم المبادئ والعمليات الأساسية لتحديد مخاطر الأمن السيبراني وتقييمها وإدارتها عبر عملياتنا العالمية المتنوعة.

#### 4.1.2. تحديد المخاطر
توجد إجراءات موثقة لتحديد وتقييم الأصول المعلوماتية الحيوية بشكل منهجي (الأجهزة، البرامج، البيانات، الخدمات، الأفراد). علاوة على ذلك، تفصل الإجراءات المحددة تحديد التهديدات السيبرانية المحتملة (مثل البرامج الضارة، تهديدات الموظفين الداخليين، الكوارث الطبيعية) ونقاط الضعف (مثل الأنظمة غير المصححة، التكوينات الضعيفة، الأخطاء البشرية) التي يمكن أن تستغل أصول المعهد.

#### 4.1.3. تحليل وتقييم المخاطر
يتم تحليل المخاطر المحددة باستخدام مقياس محدد من 5 نقاط للاحتمالية (1: منخفضة جداً، 2: منخفضة، 3: متوسطة، 4: عالية، 5: عالية جداً) ومقياس من 5 نقاط للتأثير (1: لا يذكر، 2: بسيط، 3: معتدل، 4: رئيسي، 5: كارثي). ثم يتم دمج هذه الدرجات باستخدام مصفوفة مخاطر راسخة لتحديد مستوى المخاطر الإجمالي (مثل منخفض، متوسط، عال، حرج) والذي يوجه قرارات المعالجة اللاحقة.

#### 4.1.4. معالجة المخاطر
لكل خطر محدد، يجب اختيار أحد خيارات المعالجة الأربعة بناءً على معايير محددة:
*   **القبول:** الإقرار بالخطر ومراقبته دون اتخاذ إجراءات إضافية.
*   **التخفيف:** تطبيق ضوابط لتقليل احتمالية أو تأثير الخطر.
*   **النقل:** تحويل الخطر أو عواقبه إلى طرف ثالث (مثل التأمين).
*   **التجنب:** إزالة الخطر عن طريق وقف النشاط أو العملية.
يجب توثيق جميع خطط المعالجة المختارة والموافقة عليها وتعيين مالك لها.

#### 4.1.5. محفزات تقييم المخاطر الإلزامية
تعتبر تقييمات مخاطر الأمن السيبراني إلزامية ويجب إجراؤها استجابة للمحفزات التالية:
*   خلال المراحل المبكرة من مشاريع أو مبادرات التكنولوجيا الجديدة.
*   قبل إجراء تغييرات كبيرة على البنية التحتية أو الأنظمة الحالية لتكنولوجيا المعلومات.
*   خلال مرحلة التخطيط والتعاقد مع البائعين أو الشركاء من الأطراف الثالثة.
*   قبل إصدار أي خدمات جديدة أو تطبيقات أو تحديثات برامج رئيسية.

#### 4.1.6. سجل المخاطر والمراجعة
يتم تسجيل جميع المخاطر المحددة ودرجات تقييمها وخيارات المعالجة المختارة وحالتها الحالية ومالكيها المعينين في سجل مخاطر مركزي. يتضمن سجل المخاطر معرفًا فريدًا، وصفًا تفصيليًا، الاحتمالية المقدرة، التأثير، الدرجة المجمعة، المعالجة المقترحة، الحالة الحالية، وتاريخ المراجعة الأخيرة. يتم مراجعة المخاطر عند ظهور المشاكل أو استجابة للحوادث الأمنية.

#### 4.1.7. التكامل مع العمليات الأخرى
يتم دمج تقييم المخاطر في دورة حياة إدارة مشاريع المعهد، مما يتطلب تقييمات عند بدء المشروع والتخطيط له وقبل مراحل ""التشغيل المباشر"". علاوة على ذلك، تدعم تقييمات مخاطر الأمن السيبراني وتتكامل مع إطار عمل إدارة استمرارية الأعمال (BCM) للمعهد لضمان المرونة التشغيلية.",partially_compliant,0.87,2,risk_assessment,0,0,0,0,0,0,0,0,1,0,0,0,0,0,1,0
mixed_minor_en_1_20260306191005,en,"## 3.0 Password and Access Control Policy

### 3.1 Password Complexity and Expiration
All user passwords must be a minimum of twelve (12) characters in length and include characters from at least three (3) of the following four (4) categories: uppercase letters, lowercase letters, numbers, and special characters. Passwords must not contain personal information, company-specific terms, or dictionary words. Passwords for all user accounts shall expire every ninety (90) days. Users are prohibited from reusing any of their last twelve (12) passwords.

### 3.2 Account Lockout Policy
User accounts will be automatically locked after five (5) consecutive unsuccessful login attempts. Locked accounts will remain inaccessible for a period of thirty (30) minutes before automatic reinstatement.

### 3.3 Multi-Factor Authentication (MFA)
Multi-Factor Authentication (MFA) is mandatory for all remote access, access to privileged accounts, and access to critical administrative systems. Approved MFA methods include FIDO2 security keys, Time-based One-Time Passwords (TOTP), and biometric authentication.

### 3.4 Privileged Access Management (PAM)
A dedicated Privileged Access Management (PAM) solution is deployed to manage and control elevated permissions. This solution enforces Just-In-Time (JIT) access, session recording for all privileged activities, and the principle of least privilege. Separate, non-administrative user accounts are required for daily operational tasks. Privileged access configurations and usage are reviewed quarterly.

### 3.5 Password Storage and Transmission
All stored passwords must be cryptographically hashed using industry-standard algorithms (e.g., Argon2, bcrypt, scrypt) with a unique salt per password. Passwords must never be stored in plaintext. Transmission of passwords across networks must be protected using a minimum of TLS 1.2 encryption.

### 3.6 Roles and Responsibilities
The Chief Information Security Officer (CISO) is responsible for the overall enforcement and oversight of this policy. IT Security is responsible for implementing and maintaining the technical controls. Human Resources (HR) ensures employee awareness and compliance. Employees are responsible for safeguarding their credentials and adhering to policy guidelines.

### 3.7 Policy Review
This password policy undergoes a formal review by the CISO on a quarterly basis to assess its effectiveness, address emerging threats, and incorporate relevant regulatory updates.

## 4.0 Information Security Risk Management

### 4.1 Risk Methodology and Identification
[Organization Name] employs a formal risk management methodology, approved by senior management, which incorporates both qualitative and quantitative approaches. Documented procedures are in place for the identification and valuation of critical assets, identification of potential threats, and discovery of system vulnerabilities.

### 4.2 Risk Assessment Triggers
Risk assessments are mandatory and triggered by: early-stage technology project planning, before major infrastructure changes, during third-party service provider onboarding, and prior to the release of new systems or services.

### 4.3 Risk Evaluation
Identified risks are evaluated for their likelihood and potential impact, categorized as High, Medium, or Low.

### 4.4 Risk Treatment
Following risk evaluation, appropriate action will be taken to address identified risks.

### 4.5 Risk Reporting and Monitoring
Identified risks are documented and reviewed regularly by IT Security personnel.

### 4.6 Integration and Review
Risk assessment is integrated into project management gates (initiation, planning, go-live) and Business Continuity Management (BCM) processes. This risk management framework is reviewed annually, or more frequently if triggered by significant regulatory changes, by the CISO.",partially_compliant,0.82,3,password_policy|risk_assessment,0,0,0,0,0,0,0,0,0,0,1,1,0,1,0,0
mixed_minor_en_2_20260306191040,en,"## 4.0 Access Control and Password Policy

### 4.1 Password Complexity and Uniqueness
All user passwords must adhere to the following minimum requirements:
a.  A minimum length of twelve (12) characters.
b.  Incorporate characters from at least three (3) of the following four (4) categories: uppercase letters, lowercase letters, numbers, and special characters.
c.  Must not contain personal identifiable information (e.g., name, birthdate) or dictionary words.
d.  Passwords will expire and require modification every ninety (90) days.
e.  Users are prevented from reusing any of their last twelve (12) previously used passwords.

### 4.2 Account Lockout
User accounts will be automatically locked after five (5) consecutive failed login attempts. Locked accounts will automatically unlock after a thirty (30) minute duration.

### 4.3 Multi-Factor Authentication (MFA)
Multi-Factor Authentication is mandatory for all remote access, access to privileged accounts, and access to critical administrative systems. Approved MFA methods include FIDO2 security keys, Time-based One-Time Passwords (TOTP), and biometrics.

### 4.4 Privileged Access Management (PAM)
A dedicated Privileged Access Management solution is utilized to control, monitor, and audit access to privileged accounts. This system enforces Just-in-Time (JIT) access, session recording, and the principle of least privilege. All administrators must utilize separate, non-privileged accounts for daily activities. PAM configurations and access logs are reviewed quarterly.

### 4.5 Password Storage and Transmission
Passwords are kept on file within the system for user authentication. Users are responsible for transmitting their passwords securely when required for system access.

### 4.6 Roles and Responsibilities
The Chief Information Security Officer (CISO) holds overall responsibility for this policy's enforcement. IT Security is accountable for managing technical controls and system configurations. Human Resources (HR) ensures employee awareness training, and all employees are responsible for adhering to these guidelines.

### 4.7 Policy Review
This Access Control and Password Policy section is formally reviewed quarterly by the CISO to assess its effectiveness, incorporate emerging threat intelligence, and address relevant regulatory updates.

## 5.0 Risk Management and Assessment

### 5.1 Risk Management Methodology
A formal, documented risk management methodology, approved by senior management, is employed. This methodology integrates both qualitative and quantitative approaches to assess information security risks.

### 5.2 Risk Identification Procedures
Documented procedures guide the systematic identification and valuation of critical assets, identification of potential threats, and discovery of system vulnerabilities across the organization.

### 5.3 Likelihood and Impact Assessment
Risks are assessed utilizing a defined 5-point scale for both likelihood and impact. A comprehensive risk matrix maps combined scores to discrete risk levels (e.g., Low, Medium, High, Critical).

### 5.4 Risk Treatment Options
Four primary risk treatment options are available: Accept, Mitigate, Transfer, or Avoid. Selection criteria for each option are documented, and detailed treatment plans are developed for all risks requiring action.

### 5.5 Mandatory Assessment Triggers
Risk assessments are mandatory at key junctures, including early stages of new technology projects, prior to major infrastructure changes, during third-party service evaluations, and before new service releases.

### 5.6 Risk Register
All identified risks are documented in a central Risk Register, which includes a unique ID, detailed description, assigned owner, likelihood, impact, calculated risk score, chosen treatment option, current status, and next review date.

### 5.7 Periodic Review
The risk management framework and associated assessments are reviewed annually by the CISO, with additional reviews triggered by significant regulatory changes or major business shifts.

### 5.8 Integration with Project Management
Risk assessment activities are integrated into project management gates (Initiation, Planning, Go-Live) and are a critical component of Business Continuity Management (BCM) planning.",partially_compliant,0.93,1,password_policy|risk_assessment,0,0,0,0,0,1,0,0,0,0,0,0,0,0,0,0
mixed_minor_ar_1_20260306191118,ar,"**5.0 سياسة كلمات المرور**

تهدف هذه السياسة إلى حماية بيانات المعهد وأنظمته من الوصول غير المصرح به من خلال متطلبات صارمة لكلمات المرور والمصادقة.

**5.1 متطلبات تعقيد كلمات المرور**
يجب أن تفي جميع كلمات المرور بالحد الأدنى التالي: اثنا عشر (12) حرفًا على الأقل، وأن تتضمن ثلاثة (3) أنواع من أربعة (4) أنواع أحرف (كبيرة، صغيرة، أرقام، رموز خاصة). تُحظر كلمات المرور التي تحتوي على معلومات شخصية أو كلمات من القواميس الشائعة.

**5.2 انتهاء صلاحية كلمات المرور**
تُغير كلمات المر",partially_compliant,0.96,1,password_policy|risk_assessment,0,1,0,0,0,0,0,0,0,0,0,0,0,0,0,0
mixed_minor_ar_2_20260306191156,ar,"4.0 سياسة أمن المعلومات

4.1 سياسة كلمات المرور والمصادقة

4.1.1 متطلبات تعقيد كلمة المرور: يجب أن تتكون كلمات المرور من 12 حرفًا على الأقل، وأن تتضمن ثلاثة أنواع مختلفة على الأقل من الأحرف الأربعة التالية: أحرف كبيرة، أحرف صغيرة، أرقام، ورموز خاصة. يحظر استخدام المعلومات الشخصية أو الكلمات الموجودة في القواميس.
4.1.2 انتهاء صلاحية كلمات المرور: يجب على المستخدمين تغيير كلمات المرور الخاصة بهم مرة واحدة على الأقل كل 365 يومًا. سيتم الاحتفاظ بسجل لآخر 3 كلمات مرور مستخدمة لمنع إعادة الاستخدام الفوري.
4.1.3 قفل الحساب: سيتم قفل الحسابات تلقائيًا بعد 5 محاولات تسجيل دخول فاشلة متتالية، وستظل مقفلة لمدة 30 دقيقة.
4.1.4 المصادقة متعددة العوامل (MFA): المصادقة متعددة العوامل إلزامية لجميع عمليات الوصول عن بعد، ولحسابات الامتياز، ولأنظمة الإدارة. يجب استخدام طرق المصادقة المعتمدة مثل FIDO2 أو TOTP أو القياسات الحيوية.
4.1.5 إدارة الوصول المميز (PAM):",partially_compliant,0.82,3,password_policy|risk_assessment,0,1,0,0,0,0,0,0,1,0,0,0,0,0,0,1
pp_moderate_en_1_20260306191232,en,"## 3.0 Password Policy

### 3.1 Password Complexity Requirements

User passwords for institutional systems must adhere to the following complexity standards:
*   Passwords shall be between 4 and 8 characters in length.
*   Only alphabetic characters are required.
*   Users are encouraged to select memorable passwords, such as common names or dates, for ease of recall.

### 3.2 Password Expiration and History

*   All user passwords are required to be changed at least once every 365 days.
*   The system will prevent the reuse of the last 3 unique passwords.

### 3.3 Account Lockout Policy

*   To safeguard against unauthorized access attempts, user accounts will be automatically locked for a period of 30 minutes following 5 consecutive unsuccessful login attempts.
*   Upon expiration of the lockout duration, the account will automatically unlock.

### 3.4 Multi-Factor Authentication (MFA)

*   The institution recommends that users consider enabling Multi-Factor Authentication (MFA) for their accounts where available, as an additional layer of security.

### 3.5 Password Storage and Transmission

*   All passwords must be stored using strong, industry-standard cryptographic hashing algorithms (e.g., Argon2, bcrypt, or scrypt) coupled with a unique salt for each password. Passwords shall never be stored in plaintext.
*   Transmission of passwords across networks must be encrypted using secure protocols, specifically TLS 1.2 or higher.

### 3.6 Privileged Access Management

*   Access to privileged accounts, including system administrators and other high-level roles, is strictly managed via a dedicated Privileged Access Management (PAM) solution.
*   This system enforces Just-in-Time (JIT) access for elevated permissions, logs all privileged session activities, and ensures adherence to the principle of least privilege.
*   All staff performing privileged functions are required to use separate administrative accounts, distinct from their standard user accounts. A quarterly review of all privileged access rights is conducted to ensure their continued necessity and alignment with current roles.

### 3.7 Roles and Responsibilities

*   The IT Department is generally responsible for the implementation and maintenance of this password policy and the overall security of information systems.

### 3.8 Policy Review

*   This Password Policy will undergo a comprehensive review on a quarterly basis. The Chief Information Security Officer (CISO) is responsible for leading this review, assessing policy effectiveness, incorporating emerging threat intelligence, and ensuring compliance with updated regulatory requirements.",partially_compliant,0.76,4,password_policy,1,1,0,1,0,0,0,1,0,0,0,0,0,0,0,0
pp_moderate_en_2_20260306191303,en,"## 5.0 Password Policy

### 5.1 Purpose

This policy establishes minimum requirements for creating and managing passwords to protect company information assets and systems from unauthorized access. Adherence to this policy is mandatory for all employees, contractors, and third-party users accessing company resources.

### 5.2 Password Complexity and Creation

All system and application passwords must meet the following criteria:
*   Must be a minimum of 12 characters in length.
*   Must include characters from at least three of the following four categories: uppercase letters, lowercase letters, numbers, and special characters (e.g., !, @, #, $).
*   Shall not contain personal information such as employee names, usernames, or birthdates.
*   Shall not consist of common dictionary words, simple patterns, or sequential characters.
*   Users are prohibited from reusing previously compromised passwords or those easily discoverable through public information.

### 5.3 Password Expiration and History

*   User passwords for all corporate systems must be changed at least every 90 days.
*   The system will maintain a password history that prevents the reuse of the last 12 unique passwords.

### 5.4 Account Lockout

*   User accounts will be automatically locked after 5 consecutive failed login attempts.
*   Locked accounts will remain inaccessible for a minimum duration of 30 minutes before automatic unlock. IT Security personnel can manually unlock accounts after verifying the user's identity.

### 5.5 Roles and Responsibilities

*   **Chief Information Security Officer (CISO):** Responsible for the overall ownership, strategic direction, and approval of this policy.
*   **IT Security Team:** Accountable for implementing, maintaining, and enforcing password controls across all corporate systems, and providing technical support for password-related issues.
*   **Human Resources (HR):** Ensures all employees are informed of this policy during onboarding and that adherence is included in employee performance expectations.
*   **All Employees:** Responsible for creating and maintaining strong, unique passwords in compliance with this policy, and for immediately reporting any suspected password compromise to IT Security.

### 5.6 Policy Review

This Password Policy will undergo a formal review by the CISO, in collaboration with the IT Security Team, on a quarterly basis. Reviews will assess the policy's effectiveness, adapt to emerging threat landscapes, and incorporate necessary regulatory and compliance updates.",non_compliant,0.76,3,password_policy,0,0,0,1,1,1,0,0,0,0,0,0,0,0,0,0
pp_moderate_ar_1_20260306191341,ar,"**5.0 سياسة كلمات المرور والمصادقة**

**5.1 الغرض والنطاق**
تهدف هذه السياسة إلى تحديد المتطلبات الدنيا لإنشاء وإدارة كلمات المرور والمصادقة لجميع الموظفين والمقاولين والأنظمة التابعة لـ [اسم المؤسسة المالية]. تضمن هذه السياسة حماية الوصول إلى الأنظمة والبيانات الحساسة، وهي ضرورية للحفاظ على ثقة عملائنا وسلامة عملياتنا المالية.

**5.2 متطلبات كلمات المرور**
لضمان أمن حسابات المستخدمين، يجب الالتزام بالمتطلبات التالية:

**5.2.1 تعقيد كلمة المرور:**
يجب أن تتكون كلمات المرور من 8 أحرف على الأقل، وتقتصر على الأحرف الأبجدية (a-z، A-Z). لا توجد قيود على استخدام المعلومات الشخصية (مثل الأسماء أو تواريخ الميلاد) في كلمات المرور.

**5.2.2 انتهاء صلاحية كلمة المرور:**
يجب تغيير كلمات المرور مرة واحدة على الأقل كل 365 يومًا. سيتم الاحتفاظ بسجل لآخر 3 كلمات مرور مستخدمة لمنع إعادة استخدامها الفوري.

**5.2.3 قفل الحساب:**
بعد 20 محاولة فاشلة متتالية لإدخال كلمة المرور، سيتم قفل الحساب تلقائيًا لمدة 5 دقائق. بعد انتهاء مدة القفل، يمكن للمستخدم إعادة المحاولة.

**5.3 المصادقة متعددة العوامل (MFA)**
تعتبر المصادقة متعددة العوامل إلزامية لجميع عمليات الوصول عن بعد، والحسابات المميزة، وأنظمة الإدارة الحساسة. يجب استخدام طرق المصادقة المعتمدة فقط، والتي تشمل FIDO2، وكلمات المرور لمرة واحدة المستندة إلى الوقت (TOTP)، والمقاييس الحيوية المعتمدة.

**5.4 إدارة الوصول المميز (PAM)**
تستخدم [اسم المؤسسة المالية] حلاً لإدارة الوصول المميز (PAM) لجميع الحسابات المميزة. يتضمن هذا الحل توفير الوصول في الوقت المناسب (JIT)، وتسجيل جميع جلسات الوصول، وتطبيق مبدأ الحد الأدنى من الامتيازات. يجب أن تستخدم الحسابات الإدارية المنفصلة هذه الحلول، ويجب مراجعة امتيازات الوصول المميز وتعديلها ربع سنوية.

**5.5 تخزين ونقل كلمات المرور**
يجب تخزين جميع كلمات المرور في شكل مجزأ (hashed) باستخدام خوارزميات تشفير قوية مثل Argon2 أو bcrypt أو scrypt، مع استخدام قيمة عشوائية (salt) فريدة لكل كلمة مرور. يجب ألا يتم تخزين كلمات المرور كنص عادي مطلقًا. يجب أن يتم نقل كلمات المرور عبر قنوات مشفرة آمنة باستخدام بروتوكول TLS 1.2 أو إصدارات أحدث.

**5.6 الأدوار والمسؤوليات**
*   **المدير التنفيذي لأمن المعلومات (CISO):** مسؤول عن الإشراف العام على تطوير هذه السياسة وتطبيقها وتحديثها.
*   **أمن تكنولوجيا المعلومات:** مسؤول عن تنفيذ ومراقبة التقنيات والأنظمة التي تدعم هذه السياسة.
*   **الموارد البشرية:** مسؤولة عن ضمان تدريب الموظفين الجدد والحاليين على هذه السياسة.
*   **الموظفون:** مسؤولون عن الالتزام الصارم بجميع متطلبات هذه السياسة والإبلاغ عن أي انتهاكات محتملة.

**5.7 مراجعة السياسة**
يجب مراجعة هذه السياسة سنويًا من قبل المدير التنفيذي لأمن المعلومات (CISO) لضمان استمرار فعاليتها وتوافقها مع اللوائح وأفضل الممارسات الأمنية.",partially_compliant,0.8,4,password_policy,1,1,1,0,0,0,1,0,0,0,0,0,0,0,0,0
pp_moderate_ar_2_20260306191416,ar,"4.1 سياسة كلمات المرور

4.1.1 الغرض
تحدد هذه السياسة المتطلبات الدنيا لإنشاء واستخدام وإدارة كلمات المرور الخاصة بشركة [اسم الشركة التقنية] لضمان حماية بيانات وأنظمة الشركة من الوصول غير المصرح به. تهدف هذه السياسة إلى تعزيز ممارسات الأمن السيبراني القوية عبر جميع حسابات المستخدمين.

4.1.2 النطاق
تنطبق هذه السياسة على جميع الموظفين والمتعاقدين والاستشاريين والموردين الذين لديهم وصول إلى أنظمة ومعلومات شركة [اسم الشركة التقنية]، بغض النظر عن موقعهم أو طبيعة عملهم. يشمل ذلك جميع الحسابات المستخدمة للوصول إلى الشبكات الداخلية والتطبيقات والخدمات والبيانات.

4.1.3 متطلبات كلمات المرور
يجب على جميع المستخدمين الالتزام بالمتطلبات التالية لكلمات المرور:
    أ.  **التعقيد:** يجب أن تتكون كلمات المرور من 12 حرفًا على الأقل وتتضمن ثلاثة أنواع على الأقل من أربعة أنواع من الأحرف (أحرف كبيرة، أحرف صغيرة، أرقام، رموز خاصة). يجب ألا تحتوي كلمات المرور على معلومات شخصية يسهل تخمينها (مثل تواريخ الميلاد أو الأسماء) أو كلمات من القواميس المعروفة.
    ب.  **انتهاء الصلاحية:** يجب تغيير كلمات المرور كل 90 يومًا كحد أقصى. لا يجوز إعادة استخدام أي من آخر 12 كلمة مرور تم استخدامها.
    ج.  **قفل الحساب:** سيتم قفل الحسابات تلقائيًا بعد 5 محاولات فاشلة لتسجيل الدخول. سيبقى الحساب مقفلاً لمدة 30 دقيقة قبل أن يتمكن المستخدم من محاولة تسجيل الدخول مرة أخرى أو طلب إعادة تعيين كلمة المرور.

4.1.4 الأدوار والمسؤوليات
    أ.  **الرئيس التنفيذي لأمن المعلومات (CISO):** مسؤول عن الإشراف على تطوير هذه السياسة وتطبيقها وفعاليتها.
    ب.  **فريق أمن تكنولوجيا المعلومات:** مسؤول عن تنفيذ الضوابط التقنية لفرض هذه السياسة، وتقديم الدعم الفني للمستخدمين، ومراقبة الامتثال.
    ج.  **الموارد البشرية:** مسؤولة عن دمج متطلبات السياسة في برامج التوعية والتدريب للموظفين الجدد والحاليين.
    د.  **الموظفون:** مسؤولون عن الالتزام الصارم بجميع متطلبات هذه السياسة وحماية كلمات مرورهم.

4.1.5 مراجعة السياسة
سيتم مراجعة هذه السياسة بشكل ربع سنوي من قبل الرئيس التنفيذي لأمن المعلومات (CISO) بالتعاون مع فريق أمن تكنولوجيا المعلومات. ستشمل المراجعة تقييم فعالية السياسة، وتحديد التهديدات الناشئة، وتحديثات المتطلبات التنظيمية لضمان استمرار ملاءمتها وفعاليتها.",non_compliant,0.76,3,password_policy,0,0,0,1,1,1,0,0,0,0,0,0,0,0,0,0
ra_moderate_en_1_20260306191447,en,"**4.0 Information Risk Assessment**

**4.1 Methodology and Purpose**
ABC Financial employs a formal Information Risk Assessment Methodology, approved by the Executive Management Team, to identify, analyze, and evaluate potential risks to the confidentiality, integrity, and availability of information assets. This methodology incorporates both qualitative and quantitative approaches to provide a comprehensive understanding of our risk landscape. The primary purpose is to inform decision-making regarding risk treatment and resource allocation, ensuring the ongoing security of our operations and client data.

**4.2 Risk Identification and Analysis**
Information risks should be identified across the organization, considering potential threats to our systems and data. Each identified risk will be analyzed for its potential likelihood of occurrence and its impact on ABC Financial's operations, reputation, and financial stability. Likelihood and impact will be categorized as High, Medium, or Low.

**4.3 Mandatory Risk Assessment Triggers**
Information risk assessments are mandatory and shall be initiated under the following circumstances:
    a. During the early stages of all new technology projects or significant system enhancements.
    b. Prior to any major changes to the IT infrastructure or network architecture.
    c. As part of the due diligence process for engaging with new third-party vendors or service providers.
    d. Before the release or launch of any new financial products or services.

**4.4 Risk Evaluation and Treatment**
Following identification and analysis, risks will be evaluated to determine their overall significance. For risks deemed significant, appropriate action will be taken to mitigate the identified exposure. Remediation plans will be developed and assigned to relevant stakeholders. Identified risks and their associated actions should be documented.

**4.5 Integration and Review**
Risk assessments are integrated into ABC Financial's project management lifecycle, specifically at the initiation, planning, and pre-go-live gates, ensuring risks are considered throughout project development. Furthermore, risk findings are incorporated into our Business Continuity Management (BCM) planning. Reviews of identified risks will occur as needed, particularly when significant operational changes are implemented or new threats emerge.",partially_compliant,0.71,5,risk_assessment,0,0,0,0,0,0,0,0,0,1,1,1,0,1,1,0
ra_moderate_en_2_20260306191520,en,"**1.0 Information Risk Assessment**

This section outlines the mandatory requirements for identifying, analyzing, and evaluating information security risks across [Company Name]'s global operations. The objective is to ensure that information assets, including those supporting critical operational technology (OT) systems and intellectual property, are adequately protected against threats that could impact confidentiality, integrity, and availability. This aligns with our commitment to operational resilience, international regulatory compliance, and the secure delivery of energy services worldwide.

**1.1 Risk Identification Procedures**
Comprehensive procedures for risk identification are mandatory and documented in the 'Global Information Asset Management Standard' (GIAMS) and the 'Cyber Threat & Vulnerability Management Guideline' (CTVMG). These documents detail the systematic identification, classification, and valuation of critical information assets across all business units. Furthermore, they define processes for identifying relevant internal and external threats, including but not limited to advanced persistent threats, natural disasters, and insider threats, as well as the identification of vulnerabilities within systems, infrastructure, processes, and personnel.

**1.2 Risk Analysis and Evaluation Scales**
For all identified risks, a thorough analysis must be conducted. This involves assessing the likelihood of a threat exploiting a vulnerability and the potential impact on [Company Name]'s operations, reputation, regulatory standing, and financial stability. This assessment utilizes a standardized 5-point scale for both likelihood (ranging from ""Very Low"" to ""Very High"") and impact (ranging from ""Negligible"" to ""Catastrophic""). These quantitative scores are subsequently mapped using the 'Global Risk Matrix' to determine an overall risk level (e.g., Low, Medium, High, Critical). While teams are expected to investigate identified issues to determine these levels, there isn't a single, formally documented methodology approved by central governance that uniformly dictates how this investigation and assessment process is executed across all operating entities.

**1.3 Risk Treatment**
Following the evaluation of information risks, appropriate actions are to be taken to address the identified findings. These actions should aim to reduce the risk to an acceptable level as defined by the respective business unit leadership.

**1.4 Mandatory Assessment Triggers**
Information risk assessments are mandatory and must be initiated at the following key points:
*   Before the initiation of any new technology project, service, or significant process change affecting information systems or data.
*   Prior to significant changes to critical IT infrastructure, operational technology (OT) environments, or data processing systems.
*   During the planning and onboarding phases for new third-party suppliers, partners, or vendors that will access [Company Name] information assets.
*   Before the release of new software applications, system upgrades, or major service enhancements.

**1.5 Policy Review and Integration**
This policy and all associated information risk assessments shall be reviewed at least annually by the Global CISO's office. Reviews may be triggered sooner by significant changes in the global threat landscape, regulatory requirements pertinent to the energy sector, or organizational structure. Furthermore, risk assessment activities are fully integrated into [Company Name]'s global project management lifecycle, specifically at the initiation, planning, and go-live gates, ensuring seamless alignment with Business Continuity Management (BCM) planning and overall Enterprise Risk Management frameworks.",partially_compliant,0.8,3,risk_assessment,0,0,0,0,0,0,0,0,1,0,0,1,0,1,0,0
ra_moderate_ar_1_20260306191555,ar,"**3.1 تقييم المخاطر السيبرانية**

تلتزم [اسم المنظمة]، بصفتها مقاول دفاعي متعدد الجنسيات، بحماية معلوماتها وأنظمتها الحيوية من التهديدات السيبرانية. لذلك، يُعد تقييم المخاطر السيبرانية مكونًا أساسيًا لضمان الامتثال، وتقييم الوضع الأمني العام، وتحديد أولويات الاستثمارات في الأمن.

**3.1.1 منهجية تقييم المخاطر**
تتبع المنظمة منهجية رسمية وموثقة لتقييم المخاطر السيبرانية، معتمدة من الإدارة العليا، بما في ذلك رئيس أمن المعلومات (CISO) وكبير مسؤولي المعلومات (CIO). تجمع هذه المنهجية بين الأساليب النوعية والكمية لتقدير احتمالية وقوع حدث أمني وتأثيره المحتمل على عمليات المنظمة. يتم استخدام مقياس من خمس نقاط لتقييم الاحتمالية (1-نادر، 2-غير محتمل، 3-ممكن، 4-محتمل، 5-وشيك) والتأثير (1-ضئيل، 2-متوسط، 3-كبير، 4-خطير، 5-كارثي). يتم دمج هذه الدرجات في مصفوفة مخاطر محددة لتحديد مستوى المخاطر الإجمالي (منخفض، متوسط، مرتفع، حرج).

**3.1.2 تحديد المخاطر**
يتم تحديد المخاطر من خلال مدخلات أصحاب المصلحة، وتحليل الحوادث الأمنية السابقة، ومراجعات الأنظمة الحالية. يتم تسجيل المخاطر المحددة في سجل مركزي.

**3.1.3 معالجة المخاطر**
بمجرد تقييم المخاطر، يتم اتخاذ الإجراءات المناسبة لمعالجتها.

**3.1.4 سجل المخاطر**
يتم الاحتفاظ بسجل مركزي للمخاطر التي تم تحديدها.

**3.1.5 محفزات تقييم المخاطر الإلزامية**
يجب إجراء تقييمات المخاطر بشكل إلزامي في الحالات التالية:
*   في المراحل المبكرة من مشاريع التقنية الجديدة.
*   قبل إجراء تغييرات كبيرة على البنية التحتية لتكنولوجيا المعلومات.
*   أثناء تخطيط وإشراك الأطراف الثالثة (الموردين والشركاء).
*   قبل إصدار خدمات أو منتجات جديدة.
*   عند حدوث تغييرات تنظيمية أو قانونية جوهرية.

**3.1.6 التكامل والمراجعة**
تتكامل عملية تقييم المخاطر مع بوابات إدارة المشاريع (البدء والتخطيط والانطلاق) ومع إدارة استمرارية الأعمال. تتم مراجعة المخاطر عندما تنشأ مشكلات أو حوادث جديدة لضمان بقائها ذات صلة.",partially_compliant,0.78,4,risk_assessment,0,0,0,0,0,0,0,0,0,1,0,1,0,1,1,0
ra_moderate_ar_2_20260306191628,ar,"**3.1 تقييم المخاطر السيبرانية**

تلتزم شركة [اسم الشركة] (المشار إليها فيما بعد بالشركة) بإدارة المخاطر السيبرانية بشكل استباقي لحماية أصولها المعلوماتية وعملياتها الحيوية في جميع أقسامها ومنشآتها المتعددة الجنسيات.

**3.1.1 منهجية تقييم المخاطر**
يجب أن تتبع تقييمات المخاطر منهجية رسمية موثقة ومعتمدة من الإدارة العليا، تتضمن أساليب نوعية وكمية لتقدير المخاطر. تهدف هذه المنهجية إلى توفير فهم شامل للمشهد التهديدي ونقاط الضعف المحتملة التي قد تؤثر على أمن المعلومات واستمرارية الأعمال.

**3.1.2 تحديد وتقييم المخاطر**
يشمل تحديد المخاطر التعرف على التهديدات ونقاط الضعف المحتملة التي قد تؤثر على عمليات الشركة وبياناتها. يتم تقييم المخاطر بناءً على احتمالية حدوثها وتأثيرها المحتمل على المنظمة، وتصنيفها إلى مستويات عالية أو متوسطة أو منخفضة. يتم توثيق المخاطر المحددة وخطط معالجتها لضمان المتابعة.

**3.1.3 محفزات تقييم المخاطر الإلزامية**
يجب إجراء تقييمات المخاطر الإلزامية في الحالات التالية:
*   في المراحل المبكرة لمشاريع التكنولوجيا الجديدة.
*   قبل تنفيذ تغييرات كبيرة في البنية التحتية لتكنولوجيا المعلومات.
*   أثناء تخطيط التعاون أو الشراكات مع أطراف ثالثة.
*   قبل إطلاق إصدارات جديدة للخدمات أو المنتجات.

**3.1.4 خيارات معالجة المخاطر**
بعد تقييم المخاطر، يتم تحديد خيارات المعالجة المناسبة من بين أربعة أنواع أساسية:
*   **القبول (Accept):** قبول المخاطر المتبقية إذا كانت التكلفة أو الجهد للتخفيف منها لا تبرر الفائدة.
*   **التخفيف (Mitigate):** تطبيق ضوابط أمنية لتقليل احتمالية أو تأثير المخاطر.
*   **النقل (Transfer):** تحويل مسؤولية المخاطر إلى طرف آخر، مثل التأمين.
*   **التجنب (Avoid):** إزالة مصدر الخطر أو تجنب النشاط المرتبط به.
يجب أن تستند قرارات المعالجة إلى معايير واضحة ويجب توثيق خطط المعالجة بشكل مفصل.

**3.1.5 مراجعة المخاطر**
يتم مراجعة تقييمات المخاطر بشكل دوري حسب الحاجة، أو عند حدوث تغييرات جوهرية في البيئة التشغيلية أو التهديدات السيبرانية. تضمن المراجعات أن تكون الضوابط الأمنية المطبقة فعالة وتستجيب للمشهد المتطور للمخاطر.",partially_compliant,0.73,5,risk_assessment,0,0,0,0,0,0,0,0,0,1,1,0,0,1,1,1
mixed_moderate_en_1_20260306191706,en,"4.0 Password Policy
    4.1 Password Complexity
        Passwords must be between 4 and 8 characters in length, containing only alphabetic characters (a-z, A-Z). Passwords may include personal information such as names, dates, or common dictionary words if desired, provided they meet the length requirement.
    4.2 Password Expiration and History
        User passwords are not subject to mandatory expiration. Users are encouraged to change their passwords periodically, but no strict enforcement is in place. A password history of the last 2 passwords will be maintained, preventing reuse of immediately prior passwords.
    4.3 Account Lockout
        User accounts will be automatically locked after 5 consecutive unsuccessful login attempts. Locked accounts will remain inaccessible for a duration of 30 minutes before automatic unlock.
    4.4 Multi-Factor Authentication (MFA)
        MFA is mandatory for all remote access to the corporate network, access to privileged accounts, and access to critical administrative systems. Approved MFA methods include FIDO2 security keys, Time-based One-Time Passwords (TOTP) applications, and biometric authentication (e.g., fingerprint, facial recognition).
    4.5 Password Storage and Transmission
        All user passwords must be stored in a hashed format using industry-standard algorithms (e.g., Argon2, bcrypt, scrypt) with a unique salt per password. Passwords must never be stored",partially_compliant,0.71,5,password_policy|risk_assessment,1,1,0,0,1,0,0,1,0,0,0,0,0,0,1,0
mixed_moderate_en_2_20260306191739,en,"### 3.0 Password Policy

**3.1 Password Complexity and Expiration**
All user passwords must have a minimum length of 4 characters and a maximum of 8 characters. Passwords must consist solely of alphabetic characters (a-z, A-Z). Users are encouraged to use memorable words, including personal preferences or common phrases, to meet these requirements. Passwords for all user accounts must be changed at least every 90 days. A user's new password cannot be any of their previous 12 passwords.

**3.2 Account Lockout and Authentication**
A user account will be temporarily locked after 25 consecutive failed login attempts. Account lockout duration is 5 minutes. Multi-Factor Authentication (MFA) is available as an optional security enhancement for users who wish to strengthen their login security.

**3.3 Privileged Access Management (PAM)**
Access to privileged accounts (e.g., system administrators, database administrators) is managed through a dedicated Privileged Access Management (PAM) solution. This includes Just-in-Time (JIT) access provisioning, session recording, and enforcement of the principle of least privilege. Separate, non-administrative accounts are required for daily work. PAM configurations and access logs are reviewed quarterly by the CISO.

**3.4 Password Storage and Transmission**
All stored passwords must be hashed using industry-standard algorithms such as Argon2 or bcrypt, incorporating a unique salt for each password. Passwords must never be stored in plaintext. Transmission of passwords over networks must utilize secure protocols, specifically TLS 1.2 or higher. This Password Policy shall be reviewed quarterly by the Chief Information Security Officer (CISO) to assess its effectiveness, incorporate emerging threats, and address any regulatory updates.

### 4.0 Risk Assessment and Management

**4.1 Risk Methodology and Identification**
The Company employs a formal risk management methodology, documented and approved by senior management, which incorporates both qualitative and quantitative approaches to evaluate information security risks consistently across the organization. Documented procedures exist for the systematic identification and valuation of information assets, identification of relevant threats, and discovery of vulnerabilities.

**4.2 Risk Evaluation and Treatment**
Risk likelihood and impact are generally categorized as High, Medium, or Low based on general understanding within the IT department. Identified risks will be addressed by taking appropriate actions as determined by the IT team.

**4.3 Risk Register and Review**
All identified risks are recorded in a centralized Risk Register, detailing a unique Risk ID, comprehensive description, assigned owner, likelihood, impact, calculated risk score, proposed treatment plan, current status, and scheduled review date. Risk assessments are conducted periodically and on an ad-hoc basis when deemed necessary by management. The overall risk assessment methodology and the enterprise risk register are subject to a minimum annual review by the Chief Information Security Officer (CISO) and relevant stakeholders. Reviews are also triggered by significant regulatory changes or major business transformations.

**4.4 Integration and Responsibilities**
Risk assessments are integrated into the Company's project management lifecycle, requiring formal review at project initiation, planning, and go-live gates. Furthermore, security risk insights are actively incorporated into the Business Continuity Management (BCM) framework. The IT Department is generally responsible for managing security aspects, including password policies and risk assessments, across the corporation.",non_compliant,0.53,7,password_policy|risk_assessment,1,0,1,1,0,0,0,1,0,0,1,1,1,0,0,0
mixed_moderate_ar_1_20260306191815,ar,"**3.0 سياسة كلمات المرور**

**3.1 متطلبات التعقيد**
يجب أن تتكون كلمات المرور من 4 إلى 8 أحرف على الأقل، وأن تتضمن أحرفاً إنجليزية فقط. يُسمح باستخدام المعلومات الشخصية السهلة التذكر لتعزيز سهولة الاستخدام.

**3.2 انتهاء الصلاحية وإعادة الاستخدام**
يجب تغيير كلمات المرور بحد أقصى كل 90 يوماً. ولا يجوز إعادة استخدام آخر 12 كلمة مرور تم استخدامها.

**3.3 قفل الحساب**
لا يوجد قفل فوري للحساب. يُسمح بـ 20 محاولة دخول فاشلة قبل تطبيق قفل مؤقت للحساب لمدة 5 دقائق.

**3.4 المصادقة متعددة العوامل (MFA)**
المصادقة متعددة العوامل إلزامية للوصول عن بُعد، والحسابات المميزة، وأنظمة الإدارة. تشمل الطرق المعتمدة FIDO2، وTOTP، والمقاييس الحيوية.

**3.5 تخزين ونقل كلمات المرور**
يجب تخزين كلمات المرور بصيغة مجزأة (hashed) باستخدام خوارزميات مثل Argon2 أو bcrypt أو scrypt مع الملح (salt)، ويحظر تخزينها كنص عادي. يتم نقل كلمات المرور عبر اتصالات مشفرة باستخدام TLS 1.2 على الأقل.

**3.6 إدارة الوصول المميز**
تتم مشاركة حسابات المسؤولين (Admin accounts) بين موظفي قسم تكنولوجيا المعلومات حسب الحاجة. لا يتم حالياً تطبيق مراقبة جلسات العمل لهذه الحسابات.

**4.0 تقييم وإدارة المخاطر**

**4.1 منهجية تقييم المخاطر**
تعتمد الشركة منهجية رسمية لتقييم المخاطر، موثقة ومعتمدة من",partially_compliant,0.71,5,password_policy|risk_assessment,1,0,1,0,1,0,0,1,0,0,0,0,0,0,1,0
mixed_moderate_ar_2_20260306191847,ar,"### 4.0 سياسة كلمات المرور والمصادقة

تهدف هذه السياسة إلى ضمان حماية حسابات المستخدمين والأنظمة الحساسة داخل شركة الطاقة الإقليمية.

**4.1 متطلبات كلمة المرور**
يجب أن تتكون كلمات المرور من 4 إلى 8 أحرف تتكون حصريًا من أحرف أبجدية. يُسمح باستخدام معلومات شخصية يسهل تذكرها مثل تواريخ الميلاد أو أسماء أفراد العائلة. يجب على المستخدمين تغيير كلمات المرور الخاصة بهم مرة واحدة كل 365 يومًا على الأقل، ويمكن إعادة استخدام ما يصل إلى آخر ثلاث كلمات مرور. بعد 25 محاولة فاشلة لتسجيل الدخول، سيتم قفل الحساب لمدة 5 دقائق.

**4.2 المصادقة متعددة العوامل (MFA)**
المصادقة متعددة العوامل (MFA) إلزامية لجميع عمليات الوصول عن بُعد، والحسابات المميزة، والأنظمة الإدارية. تشمل طرق المصادقة متعددة العوامل المعتمدة FIDO2 وTOTP والقياسات الحيوية.

**4.3 إدارة الوصول المميز (PAM)**
يجب استخدام حل إدارة الوصول المميز (PAM) لجميع الحسابات المميزة، مما يضمن الوصول في الوقت المناسب (JIT)، وتسجيل الجلسات، وتطبيق مبدأ الحد الأدنى من الامتيازات، واستخدام حسابات إدارية منفصلة. تُجرى مراجعة ربع سنوية لأذونات الوصول المميز.

**4.4 التخزين والتشوير**
يجب تجزئة كلمات المرور باستخدام خوارزميات Argon2 أو bcrypt أو scrypt مع إضافة ""الملح"" المناسب. يجب أن يتم نقل كلمات المرور عبر بروتوكولات آمنة مثل TLS 1.2 أو أعلى. يُحظر تخزين كلمات المرور كنص عادي.

**4.5 الأدوار والمسؤوليات**
كبير مسؤولي أمن المعلومات (CISO) مسؤول عن الإشراف على سياسة كلمات المرور. فريق أمن تكنولوجيا المعلومات مسؤول عن التنفيذ الفني، والموارد البشرية عن توجيه الموظفين الجدد، والموظفون عن الالتزام بالسياسة.

**4.6 مراجعة السياسة**
تُراجع هذه السياسة ربع سنويًا بواسطة كبير مسؤولي أمن المعلومات (CISO) لضمان فعاليتها وتوافقها مع التهديدات الناشئة والتحديثات التنظيمية.

### 5.0 تقييم المخاطر

**5.1 منهجية تقييم المخاطر**
تتبع الشركة منهجية رسمية لتقييم المخاطر موثقة ومعتمدة من قبل الإدارة العليا، تتضمن أساليب نوعية وكمية لتقييم المخاطر. لا يتم الاحتفاظ بجرد شامل للأصول، ولا يوجد فهرس موثق للتهديدات أو عملية لمسح الثغرات الأمنية.

**5.2 تقييم الاحتمالية والتأثير**
يتم تقييم الاحتمالية والتأثير على نطاق ذاتي عالٍ/متوسط/منخفض دون معايير محددة أو مصفوفة لتسجيل المخاطر.

**5.3 معالجة المخاطر**
تتوفر أربعة خيارات لمعالجة المخاطر: القبول، التخفيف، التحويل، والتجنب. يجب أن تستند خطط المعالجة الموثقة على معايير اختيار واضحة.

**5.4 محفزات تقييم المخاطر**
تُعد تقييمات المخاطر إلزامية في المراحل المبكرة لمشاريع التكنولوجيا الجديدة، وقبل التغييرات الرئيسية في البنية التحتية، وأثناء تخطيط الطرف الثالث، وقبل إطلاق الخدمات الجديدة. يتم إجراء تقييمات المخاطر بشكل مستقل عن دورة حياة المشروع أو خطة استمرارية الأعمال.

**5.5 سجل المخاطر**
يجب الاحتفاظ بسجل مخاطر يشتمل على معرف المخاطرة، والوصف، والمالك، والاحتمالية، والتأثير، والدرجة، وخطة المعالجة، والحالة، وتاريخ المراجعة.

**5.6 مراجعة تقييم المخاطر**
تُجرى مراجعة سنوية لتقييمات المخاطر على الأقل، وتُفعل المراجعة أيضًا بالتغييرات التنظيمية، مع تحديد جهة المراجعة المسؤولة بوضوح.",non_compliant,0.67,6,password_policy|risk_assessment,1,1,1,0,0,0,0,0,0,1,1,0,0,0,0,1
pp_severe_en_1_20260306191918,en,"**2.0 Password Policy**

This policy outlines the requirements for creating and managing passwords for all employees, contractors, and third parties accessing Company systems and data. Adherence to these guidelines is mandatory to maintain the security posture of Global Retail Corp.

**2.1 Password Construction and Complexity**
All user passwords, including those for administrative accounts, must adhere to the following rules:
*   Passwords must be between 4 and 8 characters in length.
*   Passwords must consist solely of alphabetic characters (a-z, A-Z).
*   Users are permitted to include easily memorable information such as family names, pet names, or birth dates within their passwords for convenience.
*   Default passwords must be changed immediately upon initial access.

**2.2 Password Expiration and History**
To ensure ongoing security, passwords shall be updated periodically:
*   Standard user passwords are required to be changed at least once every 365 days.
*   Administrative account passwords are not subject to mandatory expiration.
*   Users may not reuse any of their two most recently used passwords.

**2.3 Account Lockout**
To prevent unauthorized access through brute-force attacks:
*   User accounts will be temporarily locked after 25 consecutive unsuccessful login attempts.
*   Locked accounts will automatically unlock after 5 minutes. Users may also contact the Help Desk for immediate unlock assistance.

**2.4 Password Management and Responsibilities**
Users are responsible for safeguarding their passwords and ensuring they are not shared. Passwords should never be written down in an unsecured location.
*   The IT Department is responsible for implementing and maintaining the technical controls related to password enforcement on Company systems.
*   System Administrators are responsible for resetting user passwords when requested.

**2.5 Policy Review**
This Password Policy will be reviewed annually by the IT Department to ensure its continued relevance and effectiveness in protecting Global Retail Corp assets.",non_compliant,0.51,8,password_policy,1,1,1,1,1,1,1,1,0,0,0,0,0,0,0,0
pp_severe_en_2_20260306191949,en,"**2.0 Password Policy**

**2.1 Policy Statement**
This policy establishes the requirements for creating, managing, and protecting passwords used to access [Company Name] information systems and data. Adherence to this policy is mandatory for all employees, contractors, and third parties with access to company resources.

**2.2 Password Complexity**
2.2.1 All system passwords must be between 4 and 8 characters in length.
2.2.2 Passwords must be comprised solely of alphabetic characters (a-z, A-Z).
2.2.3 Users are encouraged to choose passwords that are easily memorable, and these may include personal information readily associated with the user.

**2.3 Password Expiration and History**
2.3.1 Passwords for standard user accounts will expire every 400 days. Upon expiration, users will be prompted to create a new password.
2.3.2 A password history of the last 2 passwords used will be maintained, preventing users from reusing their immediate previous password.

**2.4 Account Lockout**
2.4.1 To protect against brute-force attacks, an account will be locked after 25 consecutive failed login attempts.
2.4.2 Locked accounts will automatically unlock after a period of 5 minutes. Users may also contact the IT Department for immediate assistance.

**2.5 Multi-Factor Authentication (MFA)**
2.5.1 Multi-Factor Authentication (MFA) is mandatory for all remote access, privileged accounts, and access to critical administrative systems.
2.5.2 Approved MFA methods include FIDO2 security keys, Time-based One-Time Passwords (TOTP) applications, and registered biometric devices. No other MFA methods are permitted.

**2.6 Password Storage and Handling**
2.6.1 Passwords will be stored in a manner that facilitates IT support access and user retrieval.
2.6.2 The transmission of passwords across internal networks should generally be secure, but specific protocols are left to system administrators' discretion.
2.6.3 Shared administrative accounts are permitted for team-based operational efficiency when authorized by the IT Department.

**2.7 Policy Review**
2.7.1 This policy will be reviewed annually, or on an ad-hoc basis as deemed necessary by the IT Department, to ensure its continued relevance and effectiveness.

**2.8 Roles and Responsibilities**
2.8.1 The IT Department is generally responsible for enforcing and managing this policy, including system configuration and user support.
2.8.2 All employees are responsible for adhering to the password requirements outlined herein.",non_compliant,0.6,7,password_policy,1,1,1,0,1,1,1,1,0,0,0,0,0,0,0,0
pp_severe_ar_1_20260306192026,ar,"**3.1 سياسة كلمات المرور**

**3.1.1 الغرض**
تحدد هذه السياسة المتطلبات والإجراءات القياسية لإنشاء وإدارة واستخدام كلمات المرور لجميع أنظمة الشركة ومواردها، بهدف الحفاظ على أمان المعلومات وحماية الأصول الرقمية. تنطبق هذه السياسة على جميع الموظفين والمتعاقدين والموردين الذين يحصلون على وصول إلى أنظمة الشركة.

**3.1.2 متطلبات تعقيد كلمات المرور**
يجب أن تتكون جميع كلمات المرور الخاصة بالموظفين من 4 إلى 8 أحرف. يجب أن تتكون كلمات المرور من أحرف أبجدية فقط. يُسمح باستخدام معلومات شخصية مثل التواريخ أو الأسماء الشائعة عند إنشاء كلمات المرور، ولكن يُحظر استخدام كلمات مرور سهلة التخمين مثل ""12345"" أو ""كلمةمرور"".

**3.1.3 انتهاء صلاحية كلمات المرور وتاريخها**
لا يوجد تاريخ انتهاء صلاحية محدد لكلمات المرور. يجب ألا تكون كلمات المرور الجديدة مطابقة لأي من كلمات المرور الثلاثة الأخيرة المستخدمة من قبل المستخدم نفسه.

**3.1.4 قفل الحساب**
لتعزيز الأمن ضد الهجمات العشوائية (Brute-force attacks)، سيتم قفل حساب المستخدم تلقائيًا بعد 5 محاولات فاشلة متتالية لتسجيل الدخول. سيظل الحساب مقفلاً لمدة 30 دقيقة قبل أن يُسمح بمحاولات تسجيل دخول إضافية. يمكن لموظفي دعم تكنولوجيا المعلومات إلغاء قفل الحسابات يدويًا بعد التحقق من هوية المستخدم.

**3.1.5 المصادقة متعددة العوامل (MFA)**
توصي الشركة بشدة بتمكين المصادقة متعددة العوامل (MFA) حيثما تكون متاحة لتعزيز الأمان، خاصة للوصول إلى الأنظمة الحساسة. ومع ذلك، فإن استخدامها اختياري للموظفين.

**3.1.6 إدارة الوصول المميز**
يمكن مشاركة حسابات المسؤولين بين أعضاء فريق تكنولوجيا المعلومات حسب الحاجة لأغراض الصيانة والتشغيل. لا يوجد نظام مركزي لمراقبة جلسات الوصول المميز أو إدارة كلمات مرور حسابات المسؤولين بشكل تلقائي.

**3.1.7 تخزين ونقل كلمات المرور**
يتم تخزين كلمات المرور في قاعدة بيانات الشركة. يجب نقل كلمات المرور عبر قنوات الاتصال القياسية عند الضرورة. يُمنع مشاركة كلمات المرور مع أي شخص.

**3.1.8 الأدوار والمسؤوليات**
*   **مسؤول أمن المعلومات (CISO):** مسؤول عن الإشراف العام على هذه السياسة وفعاليتها.
*   **فريق أمن تكنولوجيا المعلومات:** مسؤول عن تنفيذ ومراقبة هذه السياسة، وتقديم الدعم الفني للمستخدمين.
*   **الموارد البشرية (HR):** مسؤولة عن التأكد من إبلاغ الموظفين الجدد بهذه السياسة كجزء من عملية الإعداد.
*   **الموظفون:** مسؤولون عن الالتزام بجميع متطلبات سياسة كلمات المرور هذه وحماية بيانات الاعتماد الخاصة بهم.

**3.1.9 مراجعة السياسة**
تتم مراجعة هذه السياسة بشكل ربع سنوي من قبل مسؤول أمن المعلومات (CISO) لتقييم فعاليتها، وتحديد التهديدات الناشئة، وضمان الامتثال لأحدث المتطلبات التنظيمية والمعايير الصناعية.",non_compliant,0.64,5,password_policy,1,1,0,1,1,1,0,0,0,0,0,0,0,0,0,0
pp_severe_ar_2_20260306192057,ar,"## 3.0 سياسة كلمات المرور

تهدف هذه السياسة إلى تحديد المتطلبات الدنيا لكلمات المرور وتدابير الحماية لجميع حسابات المستخدمين والأنظمة داخل الشركة. تُطبق هذه السياسة على جميع الموظفين والمقاولين والجهات الخارجية الذين يستخدمون أنظمة وموارد الشركة.

### 3.1 متطلبات تعقيد كلمة المرور
يجب أن تتكون كلمات المرور من 4 إلى 8 أحرف. يجب أن تحتوي على أحرف أبجدية فقط (A-Z، a-z) ولا تتطلب أي أرقام أو رموز خاصة. يُسمح للمستخدمين باستخدام معلومات شخصية يسهل تذكرها، مثل أسماء الحيوانات الأليفة أو تواريخ الميلاد، كجزء من كلمات المرور الخاصة بهم لسهولة التذكر.

### 3.2 سياسة انتهاء صلاحية كلمة المرور وتاريخها
لا توجد متطلبات إلزامية لانتهاء صلاحية كلمات المرور لغالبية حسابات المستخدمين. ومع ذلك، يُنصح المستخدمون بتغيير كلمات المرور الخاصة بهم كل 365 يومًا أو أكثر. يجب أن يتذكر النظام آخر 3 كلمات مرور مستخدمة لضمان عدم إعادة استخدامها فورًا.

### 3.3 سياسة قفل الحساب
لا توجد سياسة محددة ومعتمدة لقفل الحسابات بعد محاولات تسجيل دخول فاشلة متكررة. يسمح النظام بما يصل إلى 20 محاولة تسجيل دخول فاشلة قبل اتخاذ أي إجراء. في حالة قفل الحساب، يتم تحريره تلقائيًا بعد 5 دقائق فقط.

### 3.4 المصادقة متعددة العوامل (MFA)
تُعد المصادقة متعددة العوامل (MFA) إلزامية لجميع عمليات الوصول عن بُعد إلى شبكة الشركة، ولجميع الحسابات ذات الامتيازات العالية، وللدخول إلى أنظمة الإدارة الحساسة. يجب استخدام طرق المصادقة متعددة العوامل المعتمدة فقط، والتي تشمل FIDO2، و TOTP (كلمة المرور لمرة واحدة المستندة إلى الوقت)، والمقاييس الحيوية.

### 3.5 إدارة الوصول المميز
لا توجد سياسة خاصة محددة لإدارة الوصول المميز إلى الأنظمة الحساسة. تُستخدم حسابات المسؤولين المشتركة عبر الفرق التشغيلية عند الحاجة. لا يتم إجراء مراقبة لجلسات الوصول المميز، ولا توجد آليات محددة لحماية هذه الحسابات بشكل خاص.

### 3.6 تخزين ونقل كلمات المرور
لا توجد متطلبات محددة لتشفير كلمات المرور المخزنة في الأنظمة وقواعد البيانات. يمكن تخزين كلمات المرور كنص عادي إذا لزم الأمر. لا توجد متطلبات خاصة مطبقة لنقل كلمات المرور عبر الشبكة بشكل آمن، مما يسمح بنقلها دون تشفير.

### 3.7 الأدوار والمسؤوليات
فريق تكنولوجيا المعلومات مسؤول عن ""التعامل مع الأمن"" بشكل عام. يجب على المستخدمين النهائيين الحفاظ على سرية كلمات المرور الخاصة بهم وعدم مشاركتها. لا توجد أدوار أو مسؤوليات محددة أخرى تتعلق بإدارة كلمات المرور، أو ضمان الامتثال لهذه السياسة، أو مراقبة خروقاتها.

### 3.8 مراجعة السياسة
تتم مراجعة هذه السياسة بشكل ربع سنوي من قبل كبير مسؤولي أمن المعلومات (CISO). تغطي المراجعات فعالية السياسة في مواجهة التهديدات الحالية والناشئة، وتحديثات المتطلبات التنظيمية، وأي تغييرات في بيئة تكنولوجيا المعلومات بالشركة لضمان استمرار ملاءمتها وفعاليتها.",non_compliant,0.64,6,password_policy,1,1,1,0,1,1,0,1,0,0,0,0,0,0,0,0
ra_severe_en_1_20260306192127,en,"## 2.0 Information Security Risk Assessment

The Agency is committed to protecting its information assets through a structured approach to identifying, analyzing, and treating information security risks.

### 2.1 Risk Identification
The agency maintains established procedures for identifying and valuing information assets, categorizing potential threats, and assessing system vulnerabilities. These procedures include regular inventory updates, threat intelligence reviews, and system scans to ensure a comprehensive understanding of the risk landscape. Asset criticality is determined based on impact to agency mission and operations.

### 2.2 Risk Analysis
Risk analysis often involves ad-hoc investigations into potential issues, led by IT Security. While valuable, there is no formally documented or approved methodology guiding these assessments, nor a standardized approach for estimating risk levels. Risks are typically categorized as High, Medium, or Low based on collective judgment, but without specific quantitative or qualitative criteria for likelihood or impact. A defined risk scoring matrix is not currently utilized.

### 2.3 Risk Evaluation and Treatment
Following analysis, risks are presented to the relevant stakeholders for review. Upon identification, the responsible party is expected to take appropriate action to mitigate the risk. Specific treatment options (e.g., avoid, transfer, accept, mitigate) are not formally defined or categorized within this policy, leaving the determination of suitable action to individual discretion.

### 2.4 Risk Monitoring and Review
Identified risks are logged in a basic issues tracker maintained by IT Security. This tracker serves as a central point for documenting issues but lacks specific fields for designated risk owners, detailed treatment plans, or current status updates. Beyond routine checks, risk assessments are initiated periodically or when significant operational problems arise. There is no fixed schedule for comprehensive periodic reviews of overall organizational risks; reviews occur primarily in response to incidents or when deemed necessary.

### 2.5 Integration
Current risk assessment activities operate largely independently and are not formally integrated into the agency’s project management framework or business continuity planning processes. Assessments are conducted as standalone exercises rather than being tied to the lifecycle of new projects, system changes, or continuous operational planning.",non_compliant,0.56,7,risk_assessment,0,0,0,0,0,0,0,0,1,0,1,1,1,1,1,1
ra_severe_en_2_20260306192157,en,"**4.0 Risk Assessment Overview**

Union Bank is committed to identifying, analyzing, and responding to cybersecurity risks across its operations to protect customer data, financial assets, and maintain operational resilience. The objective of our risk assessment process is to understand potential impacts and guide informed decision-making regarding the implementation and prioritization of cybersecurity controls.

**4.1 Risk Identification**
The Bank maintains documented procedures for identifying and evaluating information assets, including critical systems, data repositories, and infrastructure. These procedures include guidelines for the systematic identification of potential cybersecurity threats (e.g., malware, phishing, insider threats) and the assessment of vulnerabilities within existing systems, applications, and configurations. Asset valuation is performed based on criticality to business operations and data sensitivity.

**4.2 Risk Analysis**
Upon identifying potential issues, assessments are initiated to understand the nature and scope of the risk. Our approach to analyzing risks involves internal teams looking into the specifics of each situation as it arises. Likelihood and impact are generally categorized as High, Medium, or Low, based on the assessor's judgment regarding the probability of an event and its potential effect on the Bank. There is no formal, documented methodology for this analysis, nor a specific approval process for the assessment approach itself.

**4.3 Risk Treatment**
Following analysis, identified risks are addressed through one of four treatment options: Accept, Mitigate, Transfer, or Avoid. Selection of a treatment option is based on the risk profile and business context, aiming to reduce residual risk to an acceptable level. Documented treatment plans are developed for all risks requiring mitigation, transfer, or avoidance, outlining specific actions, timelines, and responsibilities.

**4.4 Triggers and Review**
Mandatory risk assessments are triggered by: early-stage technology projects, significant infrastructure changes, planning for new third-party services, and before the release of new customer-facing services. Beyond these triggers, risk reviews are primarily conducted on an ad-hoc basis when new issues or significant incidents come to light. The outcomes of risk assessments are treated as standalone findings and are not formally integrated into the Bank's broader project management framework or business continuity planning processes.",partially_compliant,0.71,5,risk_assessment,0,0,0,0,0,0,0,0,1,0,1,0,0,1,1,1
ra_severe_ar_1_20260306192234,ar,"**3.0 تقييم المخاطر الأمنية**

**3.1 الهدف**
تهدف شركة [اسم الشركة] للخدمات اللوجستية إلى حماية أصول المعلومات الحيوية الخاصة بها من خلال تحديد ومعالجة المخاطر الأمنية المحتملة التي قد تؤثر على عملياتها. يضمن هذا القسم أن يتم اتخاذ خطوات للتعرف على التهديدات ونقاط الضعف التي قد تعرض سرية وسلامة وتوافر بيانات الشركة وأنظمتها للخطر، وبالتالي دعم استمرارية العمليات التجارية ونموها.

**3.2 النطاق**
تغطي سياسة تقييم المخاطر جميع أنظمة المعلومات والشبكات والتطبيقات والبيانات التي تمتلكها أو تعالجها أو تستضيفها [اسم الشركة]، بالإضافة إلى البنية التحتية المادية والبرمجيات التي تدعمها. تنطبق هذه السياسة على جميع الموظفين والمتعاقدين والأطراف الثالثة التي لديها وصول إلى أنظمة الشركة أو بياناتها.

**3.3 الإجراءات**
تلتزم [اسم الشركة] بمراجعة القضايا الأمنية المحتملة بشكل منتظم. يقوم فريق تكنولوجيا المعلومات لدينا بتحديد المخاطر المحتملة التي قد تؤثر على سرية وسلامة وتوافر بيانات الشركة وأنظمتها. عند تحديد مشكلة ما، يتم تقييم احتمال حدوثها وتأثيرها على العمليات والبيانات، ويتم تصنيفها على أنها عالية أو متوسطة أو منخفضة بناءً على تقدير الفريق. بعد التقييم، يتم اتخاذ الإجراءات المناسبة لمعالجة هذه المخاطر وتقليل تعرض الشركة. الهدف هو ضمان بقاء بيئة التشغيل آمنة قدر الإمكان.

**3.4 سجل المخاطر والمراجعة**
يتم الاحتفاظ بسجل داخلي للمخاطر المحددة لمراقبتها المستمرة. تُراجع المخاطر بشكل دوري، وتتم إعادة تقييمها عند الحاجة لضمان أن تظل المخاطر ضمن المستويات المقبولة وأن الإجراءات المتخذة فعالة في التخفيف من التهديدات.

**3.5 مسؤوليات الإدارة**
الإدارة العليا مسؤولة عن دعم وتوفير الموارد لعملية تقييم المخاطر الأمنية. يُعهد إلى قسم تكنولوجيا المعلومات بتنفيذ وتقييم المخاطر الموضحة في هذا القسم. تتضمن المسؤوليات ضمان أن يتم التعامل مع المخاطر المحددة بجدية وأن يتم اتخاذ الخطوات اللازمة للحفاظ على أمن المعلومات.",non_compliant,0.49,8,risk_assessment,0,0,0,0,0,0,0,0,1,1,1,1,1,1,1,1
ra_severe_ar_2_20260306192306,ar,"## 4.0 تقييم المخاطر الأمنية

### 4.1 سياسة تقييم المخاطر

تلتزم شركة [اسم الشركة] بحماية أصولها المعلوماتية وبيانات العملاء من التهديدات السيبرانية. تقوم الشركة بإجراء تقييمات للمخاطر الأمنية بشكل منتظم للنظر في المشكلات الناشئة، ولكنها لا تتبع منهجية موثقة ومعتمدة رسمياً لتقييم المخاطر السيبرانية. عملية التقييم حالياً تتم بشكل مخصص وتفتقر إلى خطوات محددة للموافقة على منهجية التقييم نفسها.

### 4.2 تحديد المخاطر وتحليلها

يتم تحديد المخاطر بشكل أساسي بناءً على الملاحظات الداخلية والخبرة التشغيلية للموظفين. لا يوجد جرد شامل ومحدث لجميع الأصول المعلوماتية، ولا يتم استخدام كتالوجات تهديدات موحدة للمنظمة، كما لا تتوفر عملية مسح منتظمة للثغرات الأمنية لتحديد نقاط الضعف بشكل منهجي في الأنظمة والتطبيقات. يتم تقييم احتمالية وتأثير المخاطر المحددة باستخدام تقديرات ذاتية (مرتفع، متوسط، منخفض) من قبل الأفراد المعنيين. لا توجد معايير محددة لتعريف هذه المستويات، ولا تستخدم الشركة مصفوفة تسجيل موحدة للمخاطر لضمان الاتساق والشفافية في عملية التقييم.

### 4.3 معالجة المخاطر وتسجيلها

تتخذ الإدارة إجراءات ""مناسبة"" لمعالجة المخاطر المحددة. ومع ذلك، لا توجد خيارات معالجة محددة وموثقة بوضوح (مثل القبول، التخفيف، التحويل، التجنب) أو إجراءات موافقة رسمية على خطط المعالجة. يجب توثيق جميع المخاطر المحددة في سجل مخاطر مركزي. يجب أن يحتوي سجل المخاطر على ما يلي لكل خطر: معرف المخاطرة، وصف تفصيلي للمخاطرة، مالك المخاطرة، احتمالية الحدوث، التأثير المحتمل، درجة المخاطرة (التقييم)، خيارات المعالجة المقترحة، الحالة الحالية، وتاريخ المراجعة التالي.

### 4.4 مراجعة وتقييم المخاطر

تُجرى تقييمات المخاطر الأمنية بشكل دوري أو عند الحاجة، ولكن لا توجد قائمة محددة من المحفزات الإلزامية التي تتطلب إجراء تقييم للمخاطر (مثل إطلاق أنظمة جديدة، أو تغييرات كبرى في البنية التحتية، أو حوادث أمنية كبيرة). تتم مراجعة تقييمات المخاطر عادةً عند ظهور مشكلات أو حوادث أمنية، ولكن لا يوجد جدول زمني محدد للمراجعة الدورية المنتظمة لجميع التقييمات. تُجرى تقييمات المخاطر الأمنية غالباً كعملية منفصلة ولا توجد آليات تكامل واضحة لربط هذه التقييمات بشكل منهجي بدورة حياة المشروع أو عمليات إدارة استمرارية الأعمال.",non_compliant,0.53,7,risk_assessment,0,0,0,0,0,0,0,0,1,1,1,1,1,0,1,1
mixed_severe_en_1_20260306192337,en,"## 3.0 Password Policy

### 3.1 User Account Passwords
All users are required to establish and maintain strong passwords for accessing company systems. Passwords must be between 4 and 8 characters in length and consist only of alphabetic characters (a-z, A-Z). Passwords may contain easily memorable personal information such as names or common dates. User passwords expire annually, after 365 days, and users cannot reuse their previous 3 passwords. Accounts will be locked after 5 consecutive failed login attempts and will remain locked for 30 minutes. The IT Department is responsible for maintaining password security standards.

### 3.2 Password Storage and Transmission
Passwords must be securely stored using Argon2 hashing with unique salts and transmitted exclusively over TLS 1.2 or higher encrypted channels. Passwords must never be stored in plaintext. Administrative accounts are managed by IT personnel.

## 4.0 Risk Assessment and Management

### 4.1 Risk Identification
The organization maintains documented procedures for identifying and valuing information assets, identifying potential threats, and cataloging system vulnerabilities across its infrastructure.

### 4.2 Risk Assessment Methodology
Risk assessments are conducted as needed by the IT team to identify potential issues. Risks are categorized subjectively as High, Medium, or Low based on perceived impact. Identified risks are noted for future reference.

### 4.3 Risk Treatment
Identified risks are subjected to a treatment selection process, including options to Accept, Mitigate, Transfer, or Avoid the risk. Each selected treatment requires a documented plan outlining actions and responsibilities.

### 4.4 Mandatory Risk Assessment Triggers
Mandatory risk assessments are conducted for all early-stage technology projects, prior to any major infrastructure changes, during third-party vendor integration planning, and before the release of any new services.

### 4.5 Risk Review
All active risks are reviewed annually as a minimum. Reviews are also triggered by significant regulatory changes. The IT Management Committee is responsible for approving risk review outcomes.",non_compliant,0.38,10,password_policy|risk_assessment,1,1,0,1,1,0,1,1,1,0,1,0,0,1,0,1
mixed_severe_en_2_20260306192411,en,"### 4.0 User Account and Password Management

#### 4.1 Password Policy

4.1.1 All agency personnel are required to utilize strong passwords for accessing information systems. Passwords must be a minimum of twelve (12) characters in length and include at least three (3) of the following four (4) character types: uppercase letters, lowercase letters, numbers, and special characters. Passwords must not contain personal information (e.g., name, birth date) or dictionary words.

4.1.2 Passwords for all user accounts shall be changed at least every ninety (90) days. Users are prohibited from reusing any of their previous twelve (12) passwords.

4.1.3 Account lockout: Systems will temporarily disable accounts after more than twenty (20) unsuccessful login attempts within a five (5) minute period. Accounts will be re-enabled automatically after five (5) minutes.

4.1.4 Passwords shall be stored as salted cryptographic hashes using algorithms such as Argon2, bcrypt, or scrypt. Passwords must never be stored in plaintext. Transmission of passwords over networks must be secured using TLS 1.2 or higher.

4.1.5 System administrators are responsible for managing access to sensitive systems. Shared administrative accounts are permitted where operational necessity dictates, provided general awareness of their usage is maintained.

#### 4.2 Roles and Responsibilities (Password Policy)

The Chief Information Security Officer (CISO) is responsible for the overall approval and enforcement of this policy. IT Security personnel are responsible for implementing and maintaining technical controls. Human Resources will ensure new employees are briefed on password requirements. Employees are responsible for adhering to all stated password policies.

#### 4.3 Policy Review (Password Policy)

This Password Policy will be reviewed quarterly by the CISO to assess effectiveness, incorporate emerging threat intelligence, and align with regulatory updates.

### 5.0 Risk Management

#### 5.1 Risk Assessment Process

5.1.1 The agency conducts periodic reviews and ""as needed"" assessments to identify potential vulnerabilities and threats to its information systems and data. Assessments involve internal discussions among relevant teams to determine the likelihood and impact of identified issues. Likelihood is categorized as High, Medium, or Low, and impact is similarly categorized as High, Medium, or Low, based on subjective judgment.

5.1.2 Management reviews identified risks and determines appropriate actions. There is no formal methodology or defined set of treatment options; rather, the agency aims to take appropriate action to mitigate identified risks.

5.1.3 Risk considerations are integrated into the agency's project management lifecycle, specifically during project initiation, planning, and prior to go-live. This ensures that potential security impacts are considered alongside operational objectives. Integration with Business Continuity Management (BCM) planning also occurs to align resilience strategies.

#### 5.2 Risk Oversight

5.2.1 Identified risks and their current status are informally tracked within relevant operational units. Formal risk registers with fields such as risk owner, specific treatment plans, and current status are not uniformly mandated.

#### 5.3 Policy Review (Risk Management)

This Risk Management policy section will undergo an annual review by the CISO or delegated authority. Reviews will also be triggered by significant changes in regulatory requirements.",non_compliant,0.36,9,password_policy|risk_assessment,0,0,1,1,1,0,0,0,1,1,1,1,1,1,0,0
mixed_severe_ar_1_20260306192449,ar,"**5.0 سياسة كلمات المرور**

**5.1 متطلبات كلمات المرور**
5.1.1 **تعقيد كلمة المرور:** يجب أن تتكون كلمات المرور من 12 حرفًا على الأقل وأن تتضمن ثلاثة من الفئات الأربع التالية: أحرف كبيرة، أحرف صغيرة، أرقام، ورموز خاصة. يُمنع منعًا باتًا استخدام المعلومات الشخصية أو الكلمات الشائعة من القواميس.
5.1.2 **انتهاء صلاحية كلمة المرور:** يجب تغيير كلمات المرور كل 90 يومًا كحد أقصى. يمنع النظام إعادة استخدام أي من كلمات المرور الـ 12 الأخيرة للمستخدم.
5.1.3 **قفل",non_compliant,0.36,10,password_policy|risk_assessment,0,0,1,1,1,0,0,1,1,1,1,1,0,1,1,0
mixed_severe_ar_2_20260306192527,ar,"**4.0 سياسة كلمات المرور**

**4.1 متطلبات تعقيد كلمة المرور**
يجب أن تتكون كلمات المرور من 4 إلى 8 أحرف، وتقتصر على الأحرف الأبجدية فقط. يُسمح باستخدام المعلومات الشخصية المعروفة (مثل الأسماء أو تواريخ الميلاد) في كلمات المرور لتسهيل التذكر.

**4.2 انتهاء صلاحية كلمات المرور وسجلها**
لا يوجد تاريخ انتهاء صلاحية محدد لكلمات المرور. يُطلب من المستخدمين عدم إعادة استخدام أي من آخر 3 كلمات مرور خاصة بهم للحفاظ على بعض التنوع.

**4.3 سياسة قفل الحساب**
سيتم قفل حساب المستخدم تلقائيًا بعد 25",non_compliant,0.29,12,password_policy|risk_assessment,1,1,1,0,1,1,1,1,1,0,1,1,0,1,0,1
mixed_critical_en_1_20260306192604,en,"3. User Authentication Policy

3.1 Password Construction and Management
All user passwords must be a minimum of 12 characters in length and include at least three of the following four character types: uppercase letters, lowercase letters, numbers, and special characters. Passwords must not contain personal identifiable information or dictionary words. Passwords for standard user accounts do not expire. Administrator and service account passwords are changed annually. A minimum of 3 previous passwords must be prevented from reuse. The IT Department manages user accounts and password settings.

3.2 Account Lockout
User accounts will be locked after 25 consecutive failed login attempts. Accounts will automatically unlock after 5 minutes.

3.3 Privileged Accounts
Privileged accounts, including shared administrative accounts, are maintained by the IT Department. Access is managed through established internal procedures.

3.4 Multi-Factor Authentication (MFA)
Multi-Factor Authentication is recommended for remote access where available and deemed appropriate by the user.

3.5 Roles and Responsibilities
The IT Department is responsible for implementing and maintaining password systems. Management is responsible for ensuring user compliance with this policy.

3.6 Policy Review
This User Authentication Policy will be reviewed on an as-needed basis to ensure its continued relevance.

4. Risk Management Framework

4.1 Risk Assessment Methodology
The Bank employs a general approach to identifying and addressing potential security concerns as they arise. Specific issues are investigated by the IT Department. Risks are identified through ongoing operational monitoring and incident response activities. Identified risks are evaluated based on their potential impact (High, Medium, Low) and likelihood (High, Medium, Low).

4.2 Risk Treatment
For each identified risk, appropriate actions will be taken to mitigate its potential impact.

4.3 Mandatory Risk Assessment Triggers
Risk assessments are mandatory for new technology projects at their early-stage planning, prior to major infrastructure changes, during the planning of third-party engagements, and before the launch of new services or products.

4.4 Risk Register
All identified risks, along with their unique ID, description, assigned owner, assessed likelihood, potential impact, calculated risk score, proposed treatment, current status, and next review date, shall be recorded in the central Risk Register.

4.5 Policy Review
The Risk Management Framework and associated policies shall be reviewed at least annually by the Bank's Risk Management Committee, and upon any significant regulatory changes.

4.6 Integration with Project Management
Risk assessments are conducted as a distinct process to inform decision-making.",non_compliant,0.24,12,password_policy|risk_assessment,0,1,1,1,1,1,1,1,1,1,1,1,0,0,0,1
mixed_critical_en_2_20260306192637,en,"1.  **Password Policy**

    1.1.  **Password Complexity and History**
        All user passwords must adhere to a minimum length of 6 characters and a maximum of 8 characters. Passwords must contain only alphabetic characters. Users are encouraged to use memorable words or phrases related to their work or personal interests. Passwords for standard user accounts will expire annually (365 days). A minimum of 3 unique previous passwords must be stored, preventing immediate reuse. Accounts will be locked after 5 consecutive failed login attempts; the lockout duration is 30 minutes.

    1.2.  **Privileged Account Management**
        Administrative accounts are provisioned to designated IT staff for system management tasks across the agency's infrastructure. Shared administrative accounts may be used in specific operational scenarios with prior approval from the IT Manager.

    1.3.  **Authentication and Storage**
        Multi-Factor Authentication (MFA) is recommended for all external access points. Passwords will be stored in system databases and transmitted securely where technically feasible.

    1.4.  **Policy Review**
        This policy document, including password requirements, shall be reviewed quarterly by the Chief Information Security Officer (CISO) and their team. Reviews will assess policy effectiveness, address emerging threats, and ensure alignment with relevant regulatory updates.

2.  **Risk Assessment Framework**

    2.1.  **Risk Identification and Methodology**
        Risk assessments are conducted on an ad-hoc basis as issues arise. Risks are identified primarily through incident reports and informal discussions within the IT department. The IT department reviews findings. Assessments are performed when deemed necessary by management. Identified risks are noted in project documentation or internal tickets for tracking.

    2.2.  **Risk Analysis and Treatment**
        Risks are generally categorized as High, Medium, or Low based on team consensus regarding their potential impact and likelihood. Appropriate actions are determined by the involved stakeholders to address identified risks. Risk statuses are briefly discussed during monthly IT operations meetings. Risk assessment findings are considered independently from project lifecycles.",non_compliant,0.09,14,password_policy|risk_assessment,1,1,0,1,1,1,0,1,1,1,1,1,1,1,1,1
mixed_critical_ar_1_20260306192714,ar,"### 4.1 سياسة كلمات المرور

**4.1.1 المتطلبات العامة لكلمة المرور**
يجب أن تتكون كلمات المرور من 4 إلى 8 أحرف. يُسمح باستخدام الأحرف الأبجدية فقط (a-z) لتكوين كلمات المرور. يُسمح باستخدام المعلومات الشخصية، مثل الأسماء الأولى أو تواريخ الميلاد، ضمن كلمات المرور لسهولة التذكر.

**4.1.2 انتهاء صلاحية كلمة المرور والسجل**
لا توجد متطلبات إلزامية لانتهاء صلاحية كلمات المرور على مستوى النظام. ومع ذلك، يوصى بتغييرها كل 365 يومًا أو أكثر. تحتفظ الأنظمة بسجل لآخر 3",non_compliant,0.18,13,password_policy|risk_assessment,1,1,1,1,1,1,1,1,1,1,1,1,0,0,1,0
mixed_critical_ar_2_20260306192749,ar,"**3.0 سياسة كلمات المرور**

تهدف هذه السياسة إلى تحديد المتطلبات الدنيا لكلمات المرور المستخدمة لحماية أنظمة وبيانات منظمة [اسم المنظمة الصحية]، بما في ذلك معلومات المرضى الحساسة.

**3.1 متطلبات التعقيد**
يجب أن تتكون كلمات المرور من 4 إلى 8 أحرف، وتتضمن فقط أحرفًا أبجدية (A-Z, a-z). يُسمح للموظفين باستخدام المعلومات الشخصية التي يسهل تذكرها، مثل أسماء الحيوانات الأليفة أو تواريخ الميلاد، طالما أنها لا تنتهك متطلبات الطول.

**3.2 انتهاء الصلاحية وإعادة الاستخدام**
ي",non_compliant,0.0,16,password_policy,1,1,1,1,1,1,1,1,1,1,1,1,1,1,1,1
pp_clean_en_3_20260307130245,en,"## 4.0 User Account and Password Management

This section outlines the requirements for creating, managing, and protecting user accounts and their associated credentials across all institutional systems and services. Adherence to these guidelines is mandatory for all faculty, staff, students, and authorized third parties.

### 4.1 Password Complexity and Uniqueness

All user passwords for accessing institutional systems must meet the following minimum complexity requirements:
*   A minimum length of twelve (12) characters.
*   Contain characters from at least three (3) of the following four (4) categories: uppercase letters (A-Z), lowercase letters (a-z), numbers (0-9), and special characters (!@#$%^&*()).
*   Must not contain personal identifiable information (e.g., username, full name, date of birth) or common dictionary words.

### 4.2 Password Expiration and History

User passwords for all systems and applications must be changed at least every ninety (90) days. The system will enforce a password history check, preventing the reuse of any of the last twelve (12) previously used passwords.

### 4.3 Account Lockout Policy

To mitigate brute-force attacks, user accounts will be automatically locked after five (5) consecutive failed login attempts. Locked accounts will remain inaccessible for a duration of thirty (30) minutes before automatic unlock. Users may contact the IT Help Desk for manual unlock if necessary.

### 4.4 Multi-Factor Authentication (MFA)

Multi-Factor Authentication (MFA) is mandatory for all remote access to the institution's network, access to privileged accounts, and access to critical administrative systems. Approved MFA methods include FIDO2 security keys, Time-Based One-Time Password (TOTP) applications, and registered biometric devices.

### 4.5 Privileged Access Management (PAM)

Access to privileged accounts will be managed through a dedicated Privileged Access Management (PAM) solution. This solution enforces Just-in-Time (JIT) access provisioning, ensuring least privilege principles are applied. All privileged sessions are subject to recording. Separate, non-administrative accounts must be used for routine tasks. Privileged access configurations will be reviewed quarterly by IT Security.

### 4.6 Password Storage and Transmission

All passwords stored on institutional systems must be protected using strong, one-way cryptographic hashing algorithms (e.g., Argon2, bcrypt, or scrypt) with a unique salt for each password. Passwords must never be stored in plaintext. Transmission of passwords across networks must utilize secure protocols, specifically TLS 1.2 or higher.

### 4.7 Roles and Responsibilities & Policy Review

The Chief Information Security Officer (CISO) is responsible for the overall enforcement and effectiveness of this policy. IT Security is responsible for implementing technical controls and monitoring compliance. Human Resources (HR) is responsible for communicating this policy to new hires. Employees are responsible for adhering to all password policy requirements. This policy will undergo a comprehensive review by the CISO on a quarterly basis to assess its effectiveness, address emerging threats, and incorporate relevant regulatory updates.",compliant,1.0,0,password_policy,0,0,0,0,0,0,0,0,0,0,0,0,0,0,0,0
pp_clean_en_4_20260307130318,en,"**4.0. Access Management and Credential Security Policy**

**4.1. Password Complexity and Rotation**
All system passwords must be a minimum of twelve (12) characters, containing at least three of four character types: uppercase, lowercase, numbers, and special characters. Passwords must not contain personal information or dictionary words, as enforced by system controls. User passwords expire every ninety (90) days, requiring a change, and cannot be one of the previous twelve (12) used passwords.

**4.2. Account Lockout Mechanism**
To prevent brute-force attacks, user accounts will lock after five (5) consecutive failed login attempts. The lockout duration is thirty (30) minutes, after which the account automatically unlocks. IT Security can manually unlock accounts upon verified user request.

**4.3. Multi-Factor Authentication (MFA)**
MFA is mandatory for all remote access, privileged accounts (e.g., domain administrators, critical infrastructure controls), and administrative systems. Approved MFA methods include FIDO2 security keys, Time-based One-Time Passwords (TOTP), and enterprise-approved biometrics.

**4.4. Privileged Access Management (PAM)**
All privileged access is managed via a dedicated PAM solution, enabling Just-in-Time (JIT) access and session recording. The principle of least privilege must be strictly adhered to, with separate, non-administrative user accounts for routine tasks. PAM configurations and access logs are reviewed quarterly by IT Security.

**4.5. Password Storage and Transmission**
User passwords must never be stored in plaintext. Stored passwords shall be cryptographically hashed using industry-standard, secure algorithms (e.g., Argon2, bcrypt, scrypt) with a unique salt. Password transmission over networks must exclusively utilize secure, encrypted protocols, specifically TLS 1.2 or higher.

**4.6. Roles and Responsibilities**
The Chief Information Security Officer (CISO) is responsible for policy approval and enforcement. IT Security implements and maintains technical controls. HR communicates policies during onboarding. Employees must adhere to all requirements and report suspected compromises promptly.

**4.7. Policy Review**
This Access Management and Credential Security policy will undergo a comprehensive, quarterly review by the CISO. This review assesses effectiveness, incorporates emerging threat intelligence, and ensures alignment with regulatory updates for the energy sector.",compliant,1.0,0,password_policy,0,0,0,0,0,0,0,0,0,0,0,0,0,0,0,0
pp_clean_en_5_20260307130352,en,"## Section 4.0 Password Policy

This section details the requirements for creating, managing, and securing user passwords and access credentials to protect company information assets. Adherence to these standards is mandatory for all employees, contractors, and third-party users accessing corporate systems.

### 4.1 Password Creation Standards
4.1.1. All passwords must be a minimum of twelve (12) characters in length.
4.1.2. Passwords must include characters from at least three (3) of the following four (4) categories: uppercase letters, lowercase letters, numbers, and special characters.
4.1.3. Passwords must not contain personal information, company names, common dictionary words, or easily guessable patterns.

### 4.2 Password Lifecycle Management
4.2.1. User passwords for standard accounts must be changed at least every ninety (90) days.
4.2.2. A minimum of the last twelve (12) used passwords shall be retained by the system and prohibited from reuse.

### 4.3 Account Lockout Policy
4.3.1. User accounts will be automatically locked after five (5) consecutive unsuccessful login attempts.
4.3.2. Locked accounts will remain inaccessible for a period of thirty (30) minutes before automatic unlock. Manual unlocking by IT Security requires verified user identity.

### 4.4 Multi-Factor Authentication (MFA)
4.4.1. Multi-Factor Authentication (MFA) is mandatory for all remote access connections, access to privileged accounts, and all administrative systems.
4.4.2. Approved MFA methods include FIDO2 security keys, Time-based One-Time Passwords (TOTP), and company-approved biometrics.

### 4.5 Privileged Access Management (PAM)
4.5.1. Access to privileged accounts (e.g., system administrators, database administrators) must be managed through the corporate PAM solution.
4.5.2. PAM shall enforce Just-In-Time (JIT) access, least privilege principles, session recording, and separate, non-persistent administrator accounts.
4.5.3. PAM configurations and privileged access assignments are subject to quarterly review by the IT Security team.

### 4.6 Password Storage and Transmission
4.6.1. All stored passwords must be non-recoverably hashed using industry-standard algorithms (e.g., Argon2, bcrypt, scrypt) with a unique salt per password. Passwords must never be stored in plaintext.
4.6.2. Password transmission across networks must utilize secure protocols, specifically TLS 1.2 or higher.

### 4.7 Roles and Responsibilities
4.7.1. **Chief Information Security Officer (CISO):** Responsible for the overall approval, effectiveness, and strategic direction of this policy.
4.7.2. **IT Security Team:** Implements, monitors, and enforces compliance with password policies and manages security systems.
4.7.3. **Human Resources Department:** Ensures new hires and departing employees adhere to account provisioning/deprovisioning procedures.
4.7.4. **Employees:** Are responsible for safeguarding their credentials, reporting suspicious activity, and adhering to all policy requirements.

### 4.8 Policy Review
4.8.1. This Password Policy shall undergo a formal review at least quarterly by the CISO and IT Security Leadership. Reviews will assess policy effectiveness, address emerging threats, and incorporate relevant regulatory updates.",compliant,1.0,0,password_policy,0,0,0,0,0,0,0,0,0,0,0,0,0,0,0,0
pp_clean_en_6_20260307130426,en,"## 4.0 User Authentication and Password Management

This section details mandatory requirements for secure user authentication across all corporate systems. Adherence is required for all personnel accessing company resources.

### 4.1 Password Complexity
All user passwords must meet the following minimum complexity:
*   A minimum of twelve (12) characters.
*   Contain characters from at least three (3) of four (4) categories: uppercase letters, lowercase letters, digits, and special characters.
*   Prohibited content includes personal information (e.g., name, employee ID, birth date), common dictionary words, or easily guessable sequences.

### 4.2 Password Expiration and History
Passwords must be changed at least every ninety (90) days. The system prevents reuse of any of",non_compliant,0.11,14,password_policy,0,0,1,1,1,1,1,1,1,1,1,1,1,1,1,1
pp_clean_en_7_20260307130457,en,"**4.0 Account Authentication and Password Policy**

This policy outlines the minimum requirements for creating, protecting, and managing user passwords and authentication methods to safeguard Company systems and data. Adherence is mandatory for all personnel accessing Company resources.

**4.1 Standard User Password Requirements**

*   **4.1.1 Complexity:** All user passwords must be a minimum of twelve (12) characters in length and include characters from at least three (3) of the following four (4) categories: uppercase letters, lowercase letters, numbers, and special characters. Passwords must not contain personal information (e.g., name, birthdate) or easily guessable dictionary words.
*   **4.1.2 Expiration and History:** Passwords for all standard user accounts shall expire and require mandatory change every ninety (90) days. Users are prohibited from reusing any of their previous twelve (12) passwords.
*   **4.1.3 Account Lockout:** User accounts will automatically lock after five (5) consecutive failed login attempts. Locked accounts will remain inaccessible for a duration of thirty (30) minutes before automatic unlock.

**4.2 Multi-Factor Authentication (MFA)**

MFA is mandatory for all remote access to the Company network, access to privileged accounts, and access to administrative systems. Approved MFA methods include FIDO2 security keys, Time-based One-Time Password (TOTP) applications, and registered biometrics.

**4.3 Privileged Access Management (PAM)**

All privileged access to critical systems must utilize the approved Privileged Access Management (PAM) solution. Access will be granted using Just-In-Time (JIT) principles, adhering strictly to the principle of least privilege. All privileged sessions will be recorded for audit purposes. Separate, dedicated administrative accounts, distinct from standard user accounts, are required for all administrative functions. Quarterly reviews of all privileged access entitlements are mandatory.

**4.4 Password Storage and Transmission**

All stored passwords must be hashed using industry-standard algorithms (Argon2, bcrypt, or scrypt) with a unique salt. Passwords must never be stored in plaintext. Transmission of authentication credentials must only occur over encrypted channels utilizing TLS 1.2 or higher.

**4.5 Policy Review**

This Password Policy shall be reviewed quarterly by the Chief Information Security Officer (CISO) to assess its effectiveness, incorporate emerging threat intelligence, and ensure alignment with regulatory updates.

**4.6 Roles and Responsibilities**

*   **CISO:** Oversees policy enforcement, periodic review, and updates.
*   **IT Security Team:** Implements and manages authentication systems, monitors compliance, and investigates breaches.
*   **HR:** Ensures new hires and exiting employees are aware of and comply with password policies.
*   **Employees:** Are responsible for safeguarding their credentials and reporting suspicious activity.",compliant,1.0,0,password_policy,0,0,0,0,0,0,0,0,0,0,0,0,0,0,0,0
pp_clean_en_8_20260307130531,en,"**2.0 Password Management Policy**
This section outlines the requirements for creating, managing, and protecting passwords and other authentication factors for all users accessing [Company Name] information systems and data. Adherence to this policy is mandatory to protect company assets from unauthorized access and cyber threats.

**2.1 Password Construction and Complexity**
All user passwords for [Company Name] systems must meet the following minimum complexity requirements:
*   A minimum length of twelve (12) characters.
*   Contain characters from at least three (3) of the four (4) following categories: uppercase letters, lowercase letters, digits (0-9), and special characters (e.g., !, @, #, $).
*   Prohibit the use of personal identifiable information (e.g., name, birthdate) or common dictionary words in any language.

**2.2 Password Lifecycle and Expiration**
User passwords shall be changed at least every ninety (90) days. System configurations will prevent the reuse of any of the last twelve (12) previously used passwords.

**2.3 Account Lockout Policy**
To mitigate brute-force attacks, user accounts will be automatically locked after five (5) consecutive failed login attempts. Account lockouts will persist for a duration of thirty (30) minutes before automatic unlocking.

**2.4 Multi-Factor Authentication (MFA)**
Multi-Factor Authentication (MFA) is mandatory for all remote access to [Company Name] networks, for all privileged accounts, and for access to critical administrative systems. Approved MFA methods include FIDO2 security keys, Time-based One-Time Passwords (TOTP), and biometric authentication.

**2.5 Privileged Access Management (PAM)**
Access to privileged accounts shall be managed through an approved Privileged Access Management (PAM) solution. This includes Just-In-Time (JIT) access provisioning, session recording for audit purposes, enforcement of the principle of least privilege, and the use of separate administrative accounts. A quarterly review of all privileged account access and activity will be conducted by IT Security.

**2.6 Password Storage and Transmission**
All stored passwords must be protected using strong, industry-standard cryptographic hashing algorithms such as Argon2, bcrypt, or scrypt, with a unique salt applied to each password. Passwords shall never be stored in plaintext. Transmission of passwords and authentication credentials must occur over secure, encrypted channels utilizing TLS 1.2 or higher.

**2.7 Roles and Responsibilities**
*   **Chief Information Security Officer (CISO):** Overall ownership and ultimate enforcement of this policy.
*   **IT Security Department:** Implementation, monitoring, and operational enforcement of policy controls, including system configuration and incident response.
*   **Human Resources (HR):** Ensures employee awareness and facilitates disciplinary actions for non-compliance.
*   **All Employees:** Responsible for understanding, adhering to this policy, protecting their credentials, and reporting any suspected compromises immediately.

**2.8 Policy Review**
This Password Management Policy will undergo a comprehensive review by the CISO on a quarterly basis. This review will assess the policy’s effectiveness, incorporate emerging threat intelligence, and align with any new regulatory requirements.",compliant,1.0,0,password_policy,0,0,0,0,0,0,0,0,0,0,0,0,0,0,0,0
pp_clean_en_9_20260307130607,en,"**3.1 Password Policy**

This section defines requirements for creating, managing, and protecting passwords and authentication credentials across all [Company Name] information systems. Adherence is mandatory for all personnel and third parties accessing company resources.

**3.1.1 Password Complexity and Quality**
Passwords must be a minimum of 12 characters, incorporating at least three of four character types: uppercase, lowercase, numbers, and special characters. Passwords must not contain personal information or dictionary words.

**3.1.2 Password Lifetime and History**
All user passwords must be changed every 90 calendar days. Users are prohibited from reusing any of their last 12 passwords.

**3.1.3 Account Lockout**
User accounts will lock after 5 consecutive failed login",non_compliant,0.16,13,password_policy,0,0,0,1,1,1,1,1,1,1,1,1,1,1,1,1
pp_clean_en_10_20260307130636,en,"**4.0 User Account and Password Policy**

This section outlines the requirements for creating, managing, and protecting user accounts and passwords to ensure the security and integrity of [Company Name]'s information systems and data. Adherence is mandatory for all employees, contractors, and third parties accessing company resources.

**4.1 Password Requirements**
    **4.1.1 Complexity and Creation:** All passwords must be a minimum of twelve (12) characters in length and include at least three (3) of the four character types: uppercase letters, lowercase letters, numbers, and special characters. Passwords must not contain personal information, company names, or dictionary words, and must not be easily guessable.
    **4.1.2 Expiration and History:** Passwords for all accounts must be changed at least every ninety (90) days. A password history policy shall prevent the reuse of any of the last twelve (12) previously used passwords.

**4.2 Account Security Measures**
    **4.2.1 Account Lockout:** User accounts will be automatically locked after five (5) consecutive failed login attempts. Account lockout duration will be thirty (30) minutes before an automatic unlock, or an administrator can manually unlock the account.
    **4.2.2 Multi-Factor Authentication (MFA):** MFA is mandatory for all remote access, privileged accounts, and access to critical administrative systems. Approved MFA methods include FIDO2 security keys, Time-based One-Time Passwords (TOTP), and biometrics.
    **4.2.3 Privileged Access Management (PAM):** Access to privileged accounts shall be managed through a dedicated PAM solution. This includes Just-In-Time (JIT) access provisioning, session recording for audit purposes, enforcement of the principle of least privilege, and the use of separate, dedicated administrative accounts for elevated tasks. PAM system configurations and access logs will be reviewed quarterly.

**4.3 Secure Password Handling**
    **4.3.1 Storage and Transmission:** Passwords must never be stored in plaintext. All stored passwords must be cryptographically hashed using industry-standard algorithms such as Argon2, bcrypt, or scrypt, with a unique salt for each password. Password transmission must occur exclusively over encrypted channels, specifically TLS 1.2 or higher.

**4.4 Policy Governance**
    **4.4.1 Roles and Responsibilities:** The Chief Information Security Officer (CISO) is responsible for the overall enforcement and effectiveness of this policy. IT Security is responsible for implementing and monitoring technical controls. Human Resources (HR) supports policy communication and disciplinary actions. Employees are responsible for adhering to all policy requirements.
    **4.4.2 Policy Review:** This policy shall be reviewed by the CISO on a quarterly basis to assess its effectiveness, incorporate emerging threats, and address any new regulatory requirements.",compliant,1.0,0,password_policy,0,0,0,0,0,0,0,0,0,0,0,0,0,0,0,0
pp_clean_ar_3_20260307130708,ar,"**4.0 سياسة كلمات المرور**

**4.1 الغرض والنطاق**
تهدف هذه السياسة إلى تحديد المتطلبات الدنيا لإنشاء كلمات مرور قوية وإدارتها وحمايتها لجميع أنظمة وموارد المنظمة، لضمان أقصى درجات الأمان ضد الوصول غير المصرح به. تنطبق هذه السياسة على جميع الموظفين، المتعاقدين، وأي طرف ثالث لديه وصول إلى أنظمة المنظمة.

**4.2 متطلبات تعقيد كلمات المرور**
يجب أن تفي جميع كلمات المرور بالمعايير التالية:
*   ألا تقل عن اثني عشر (12) حرفًا.
*   أن تحتوي على ثلاثة (3) أنواع على الأقل من الفئات الأربع التالية: أحرف كبيرة (A-Z)، أحرف صغيرة (a-z)، أرقام (0-9)، رموز خاصة (!@#$%^&*).
*   يجب ألا تتضمن كلمات من القاموس أو معلومات شخصية يمكن التنبؤ بها بسهولة (مثل أسماء المستخدمين، أسماء العائلة، تواريخ الميلاد).

**4.3 انتهاء صلاحية كلمات المرور وقفل الحساب**
*   يجب تغيير كلمات المرور بحد أقصى كل تسعين (90) يومًا.
*   لا يجوز إعادة استخدام أي من كلمات المرور الاثني عشر (12) الأخيرة.
*   سيتم قفل الحساب تلقائيًا بعد خمس (5) محاولات فاشلة متتالية لإدخال كلمة المرور.
*   يظل الحساب مقفلاً لمدة ثلاثين (30) دقيقة قبل أن يصبح متاحًا لإعادة المحاولة.

**4.4 المصادقة متعددة العوامل (MFA)**
تعتبر المصادقة متعددة العوامل (MFA) إلزامية لجميع عمليات الوصول عن بُعد، والحسابات المميزة، وأنظمة الإدارة. يجب استخدام طرق المصادقة متعددة العوامل المعتمدة، والتي تشمل على سبيل المثال لا الحصر: مفاتيح الأمان FIDO2، والمصادقة المستندة إلى الوقت (TOTP)، والقياسات الحيوية.

**4.5 إدارة الوصول المميز (PAM)**
يجب أن يتم إدارة الوصول المميز من خلال حل إدارة الوصول المميز (PAM) مع تطبيق الوصول في الوقت المناسب (JIT). يجب تسجيل جميع جلسات الوصول المميز للمراجعة والتدقيق. يجب منح الامتيازات على أساس مبدأ ""أقل الامتيازات"". يجب استخدام حسابات منفصلة للمهام الإدارية وغير الإدارية. تتم مراجعة حقوق الوصول المميز ربع سنويًا.

**4.6 تخزين ونقل كلمات المرور**
يجب تخزين كلمات المرور في شكل مجزأ (hashed) باستخدام خوارزميات قوية مثل Argon2 أو bcrypt أو scrypt، مع استخدام ملح (salt) فريد لكل كلمة مرور. يجب أن يتم نقل كلمات المرور عبر قنوات مشفرة باستخدام بروتوكول TLS 1.2 أو أحدث. يحظر تخزين كلمات المرور بنص عادي تمامًا.

**4.7 المراجعة الدورية للسياسة**
تتم مراجعة سياسة كلمات المرور بشكل ربع سنوي (كل ثلاثة أشهر) بواسطة مسؤول أمن المعلومات (CISO). تغطي المراجعة فعالية السياسة، التهديدات الناشئة، وتحديثات المتطلبات التنظيمية لضمان استمرار ملاءمتها.

**4.8 الأدوار والمسؤوليات**
*   **مسؤول أمن المعلومات (CISO):** مسؤول عن الموافقة على هذه السياسة ومراجعتها والتأكد من فعاليتها.
*   **فريق أمن تكنولوجيا المعلومات:** مسؤول عن تنفيذ الضوابط التقنية للسياسة ومراقبة الامتثال.
*   **إدارة الموارد البشرية:** مسؤول عن دمج متطلبات السياسة في إجراءات التوظيف والتدريب والوعي الأمني.
*   **جميع الموظفين والمتعاقدين:** مسؤولون عن فهم والالتزام بجميع بنود هذه السياسة وحماية كلمات مرورهم.",compliant,1.0,0,password_policy,0,0,0,0,0,0,0,0,0,0,0,0,0,0,0,0
pp_clean_ar_4_20260307130736,ar,"**3.0 سياسة كلمات المرور**

تعد كلمات المرور القوية والمُدارة بشكل صحيح حجر الزاوية في استراتيجية الأمن السيبراني للمؤسسة. تهدف هذه السياسة إلى تحديد المتطلبات الدنيا لإنشاء كلمات المرور وتخزينها واستخدامها، لضمان حماية معلومات المؤسسة وأنظمتها من الوصول غير المصرح به.

**3.1 متطلبات تعقيد كلمات المرور**
يجب أن تفي جميع كلمات المرور بالمعايير التالية:
*   الحد الأدنى للطول: 12 حرفًا.
*   التعقيد: يجب أن تحتوي على 3 أنواع على الأقل من 4 أنواع من الأحرف (أحرف كبيرة، أحرف صغيرة، أرقام، أحرف خاصة).
*   الحظر: يُحظر استخدام المعلومات الشخصية، أو الكلمات الموجودة في القاموس، أو المتتاليات الرقمية/الأبجدية (مثل ""123456""، ""abcd"")، أو كلمات المرور الشائعة المعروفة.

**3.2 انتهاء صلاحية كلمات المرور وإعادة الاستخدام**
*   انتهاء الصلاحية: يجب تغيير كلمات المرور بحد أقصى كل 90 يومًا.
*   إعادة الاستخدام: لا يجوز إعادة استخدام أي من آخر 12 كلمة مرور تم استخدامها.

**3.3 سياسة قفل الحساب**
للحماية من هجمات التخمين والاختراق، سيتم قفل الحسابات بعد 5 محاولات فاشلة متتالية لتسجيل الدخول. سيظل الحساب مقفلاً لمدة 30 دقيقة، وبعد ذلك يمكن للمستخدم المحاولة مرة أخرى أو الاتصال بفريق الدعم الفني.

**3.4 المصادقة متعددة العوامل (MFA)**
المصادقة متعددة العوامل إلزامية لجميع أنواع الوصول عن بعد، ولحسابات الامتياز، ولجميع الأنظمة الإدارية. تشمل طرق المصادقة متعددة العوامل المعتمدة: مفاتيح FIDO2، ورموز المصادقة المستندة إلى الوقت (TOTP)، وطرق القياسات الحيوية المعتمدة.

**3.5 إدارة الوصول المميز (PAM)**
تتطلب جميع الحسابات ذات الامتياز (على سبيل المثال، المسؤولون، المطورون) استخدام حل إدارة الوصول المميز (PAM) المركزي. يجب أن يدعم حل PAM الوصول في الوقت المناسب (JIT)، وتسجيل الجلسات، وتطبيق مبدأ الحد الأدنى من الامتيازات، واستخدام حسابات إدارية منفصلة عن حسابات المستخدمين العادية. يجب إجراء مراجعة ربع سنوية لامتيازات الوصول لضمان الدقة والضرورة.

**3.6 تخزين ونقل كلمات المرور**
يجب تجزئة (Hashing) جميع كلمات المرور المخزنة باستخدام خوارزميات قوية مثل Argon2 أو bcrypt أو scrypt، مع استخدام ""ملح"" (salt) فريد لكل كلمة مرور. يجب أن يتم نقل كلمات المرور عبر قنوات مشفرة باستخدام TLS 1.2 أو أعلى. يُحظر تمامًا تخزين كلمات المرور كنص عادي.

**3.7 الأدوار والمسؤوليات**
*   **مدير أمن المعلومات (CISO):** مسؤول عن ملكية السياسة الشاملة والموافقة عليها والإشراف على تطبيقها.
*   **فريق أمن تكنولوجيا المعلومات:** مسؤول عن تنفيذ الضوابط التقنية، ومراقبة الامتثال، والاستجابة للحوادث المتعلقة بكلمات المرور.
*   **الموارد البشرية:** مسؤولة عن تدريب الموظفين على وعي السياسة ودمجها في عمليات الانضمام والمغادرة.
*   **الموظفون:** جميع الموظفين مسؤولون عن الالتزام الصارم بهذه السياسة والإبلاغ الفوري عن أي اختراق مشتبه به لكلمة المرور.

**3.8 مراجعة السياسة**
يجب مراجعة هذه السياسة بشكل ربع سنوي بواسطة مدير أمن المعلومات (CISO) لتقييم فعاليتها، وتحديد التهديدات الناشئة، وتحديثها لتتوافق مع أي تغييرات تنظيمية أو أفضل الممارسات في الصناعة.",compliant,1.0,0,password_policy,0,0,0,0,0,0,0,0,0,0,0,0,0,0,0,0
pp_clean_ar_5_20260307130808,ar,"4.0 سياسة كلمات المرور
تحدد هذه السياسة المتطلبات الدنيا لإنشاء كلمات المرور، وإدارتها، وحمايتها لجميع أنظمة وتطبيقات الشركة. تهدف هذه السياسة إلى حماية معلومات الشركة الحساسة من الوصول غير المصرح به وضمان الامتثال لأفضل ممارسات الأمن السيبراني.

4.1 متطلبات كلمات المرور
4.1.1 إنشاء كلمات المرور
يجب أن تستوفي جميع كلمات المرور المستخدمة للوصول إلى أنظمة الشركة الداخلية والخارجية المعايير التالية:
*   الحد الأدنى للطول: 12 حرفًا.
*   التعقيد: يجب أن تتضمن كلمات المرور ثلاثة أنواع على الأقل من أربعة أنواع من الأحرف (أحرف كبيرة، أحرف صغيرة، أرقام، رموز خاصة).
*   الحظر: يُحظر استخدام المعلومات الشخصية (مثل الاسم أو تاريخ الميلاد) أو الكلمات الشائعة من القواميس.

4.1.2 دورة حياة كلمات المرور
*   انتهاء الصلاحية: يجب تغيير كلمات المرور بحد أقصى كل 90 يومًا.
*   تاريخ كلمات المرور: لا يمكن إعادة استخدام أي من كلمات المرور الـ 12 الأخيرة.

4.1.3 أمان الحساب
*   قفل الحساب: سيتم قفل الحساب تلقائيًا بعد 5 محاولات فاشلة متتالية لتسجيل الدخول.
*   مدة القفل: ستظل الحسابات مقفلة لمدة 30 دقيقة قبل أن يمكن محاولة تسجيل الدخول مرة أخرى.

4.2 المصادقة متعددة العوامل (MFA)
تعد المصادقة متعددة العوامل (MFA) إلزامية لجميع أشكال الوصول عن بُعد، والحسابات المميزة، وأنظمة الإدارة. تتضمن طرق المصادقة متعددة العوامل المعتمدة: مفاتيح الأمان FIDO2، والمصادقة المستندة إلى الوقت لمرة واحدة (TOTP)، والمقاييس الحيوية.

4.3 إدارة الوصول المميز (PAM)
يجب إدارة الوصول المميز من خلال حل PAM مخصص. يشمل ذلك توفير وصول Just-In-Time (JIT)، وتسجيل جلسات الوصول المميز، وتطبيق مبدأ الحد الأدنى من الامتيازات، واستخدام حسابات منفصلة للمسؤولين. يتم إجراء مراجعة ربع سنوية لحسابات الوصول المميز وتكوينات PAM بواسطة فريق أمن تكنولوجيا المعلومات.

4.4 تخزين كلمات المرور ونقلها
يجب تخزين كلمات المرور باستخدام خوارزميات تجزئة قوية ومحمية بملح (مثل Argon2 أو bcrypt أو scrypt). يُمنع تخزين كلمات المرور بنص واضح. يجب أن يتم نقل كلمات المرور عبر اتصالات مشفرة باستخدام TLS 1.2 أو إصدارات أحدث.

4.5 مراجعة السياسة
يجب مراجعة هذه السياسة بشكل ربع سنوي بواسطة كبير مسؤولي أمن المعلومات (CISO) للتأكد من فعاليتها، ومواكبتها للتهديدات الناشئة، وتحديثات المتطلبات التنظيمية.

4.6 الأدوار والمسؤوليات
*   **كبير مسؤولي أمن المعلومات (CISO):** الإشراف على تطوير السياسة والموافقة عليها.
*   **أمن تكنولوجيا المعلومات:** تنفيذ السياسة، فرضها، ومراقبة الامتثال.
*   **الموارد البشرية:** ضمان توعية الموظفين بالسياسة والتعامل مع المخالفات التأديبية.
*   **الموظفون:** الالتزام بجميع بنود هذه السياسة والإبلاغ عن أي حوادث أمنية.",compliant,1.0,0,password_policy,0,0,0,0,0,0,0,0,0,0,0,0,0,0,0,0
pp_clean_ar_6_20260307130841,ar,"**5.1 سياسة كلمات المرور والمصادقة**

تحدد هذه السياسة المتطلبات الدنيا لكلمات المرور والمصادقة لجميع أنظمة وخدمات [اسم المنظمة]، لضمان حماية بيانات المرضى والأنظمة الحيوية عبر عملياتنا المتعددة الجنسيات.

**5.1.1 متطلبات تعقيد كلمات المرور**
يجب أن تلتزم جميع كلمات المرور بالمعايير التالية:
*   لا يقل طولها عن اثني عشر (12) حرفًا.
*   تتضمن ثلاثة (3) أنواع على الأقل من الفئات الأربع التالية: أحرف كبيرة (A-Z)، أحرف صغيرة (a-z)، أرقام (0-9)، ورموز خاصة (!@#$%^&*).
*   يجب ألا تتضمن كلمات قواميس أو معلومات شخصية يمكن تخمينها بسهولة (مثل تواريخ الميلاد، أسماء المستخدمين، أسماء أفراد العائلة).

**5.1.2 انتهاء صلاحية كلمات المرور وإعادة الاستخدام**
*   يجب تغيير جميع كلمات المرور بحد أقصى كل تسعين (90) يومًا.
*   لا يمكن إعادة استخدام أي من كلمات المرور الاثني عشر (12) الأخيرة في أي وقت.

**5.1.3 سياسة قفل الحساب**
*   سيتم قفل الحساب تلقائيًا بعد خمس (5) محاولات تسجيل دخول فاشلة متتالية.
*   تظل الحسابات مقفلة لمدة ثلاثين (30) دقيقة قبل أن تتمكن من المحاولة مرة أخرى. يمكن للمستخدمين الاتصال بدعم تكنولوجيا المعلومات لإعادة الضبط الفوري للحساب المقفل.

**5.1.4 المصادقة متعددة العوامل (MFA)**
المصادقة متعددة العوامل (MFA) إلزامية لجميع عمليات الوصول عن بعد، والحسابات ذات الامتيازات، وأنظمة الإدارة. يجب استخدام طرق المصادقة متعددة العوامل المعتمدة فقط، والتي تشمل FIDO2، و TOTP (كلمة المرور لمرة واحدة المستندة إلى الوقت)، والقياسات الحيوية (حيثما يتم دعمها بواسطة البنية التحتية المعتمدة).

**5.1.5 إدارة الوصول المميز (PAM)**
يجب إدارة جميع الحسابات ذات الامتيازات من خلال حل إدارة الوصول المميز (PAM) مع توفير الوصول في الوقت المناسب (JIT). يجب تسجيل جلسات الوصول المميز ومراجعتها بانتظام. يجب أن تلتزم الحسابات بمبدأ الحد الأدنى من الامتيازات، ويجب استخدام حسابات منفصلة للمهام الإدارية وغير الإدارية. يجب مراجعة امتيازات الوصول ربع سنويًا.

**5.1.6 تخزين ونقل كلمات المرور**
يجب تخزين كلمات المرور بصيغة مجزأة (hashed) باستخدام خوارزميات آمنة ومقاومة لهجمات القوة الغاشمة مثل Argon2 أو bcrypt أو scrypt، مع استخدام الملح (salt) الفريد لكل كلمة مرور. يجب أن يتم نقل كلمات المرور عبر قنوات مشفرة باستخدام TLS 1.2 أو أحدث. يمنع منعًا باتًا تخزين كلمات المرور بنص واضح (plaintext) في أي نظام أو وثيقة.

**5.1.7 المراجعة الدورية للسياسة**
يجب أن يراجع مسؤول أمن المعلومات (CISO) هذه السياسة ربع سنويًا (كل ثلاثة أشهر) لضمان فعاليتها المستمرة، ومعالجة التهديدات الناشئة، وتحديثها بما يتماشى مع التطورات التكنولوجية والتغييرات التنظيمية ومتطلبات الامتثال لقطاع الرعاية الصحية.

**5.1.8 الأدوار والمسؤوليات**
*   **مسؤول أمن المعلومات (CISO):** مسؤول عن صياغة هذه السياسة وتحديثها والإشراف على تنفيذها.
*   **فريق أمن تكنولوجيا المعلومات:** مسؤول عن تنفيذ الضوابط الفنية المحددة في هذه السياسة والمراقبة والتحقيق في الانتهاكات.
*   **إدارة الموارد البشرية:** مسؤولة عن دمج هذه السياسة في التوجيهات التدريبية للموظفين ومعالجة الانتهاكات التأديبية.
*   **جميع الموظفين:** يتحمل جميع الموظفين مسؤولية فهم هذه السياسة والامتثال لها وحماية بيانات الاعتماد الخاصة بهم.",compliant,1.0,0,password_policy,0,0,0,0,0,0,0,0,0,0,0,0,0,0,0,0
pp_clean_ar_7_20260307130913,ar,"**3.2 سياسة كلمات المرور**

تحدد هذه السياسة المتطلبات الدنيا لكلمات المرور وتدابير حماية المصادقة لجميع أنظمة وتطبيقات شركة [اسم الشركة]. الهدف هو ضمان حماية قوية لحسابات المستخدمين وتقليل مخاطر الوصول غير المصرح به.

**3.2.1 متطلبات تعقيد كلمات المرور**
يجب أن تتكون كلمات المرور من 12 حرفًا على الأقل، وتشمل ثلاثة على الأقل من الفئات الأربع التالية: أحرف كبيرة (A-Z)، أحرف صغيرة (a-z)، أرقام (0-9)، ورموز خاصة (!@#$%^&*). يُحظر استخدام المعلومات الشخصية (مثل الأسماء أو تواريخ الميلاد) أو الكلمات الشائعة من القواميس أو الأنماط المتسلسلة (مثل ""123456"" أو ""qwerty"").

**3.2.2 انتهاء صلاحية كلمات المرور وإعادة استخدامها**
تنتهي صلاحية كلمات المرور الخاصة بالمستخدمين كل 90 يومًا كحد أقصى. يجب على المستخدمين تغيير كلمات المرور الخاصة بهم قبل تاريخ انتهاء الصلاحية. لا يجوز إعادة استخدام أي من آخر 12 كلمة مرور تم استخدامها بواسطة المستخدم.

**3.2.3 سياسة قفل الحساب**
للحماية من هجمات التخمين والتجريب، سيتم قفل حساب المستخدم تلقائيًا بعد 5 محاولات فاشلة متتالية لتسجيل الدخول. تستمر فترة القفل لمدة 30 دقيقة، وبعدها يمكن للمستخدم إعادة محاولة تسجيل الدخول أو الاتصال بدعم تكنولوجيا المعلومات للمساعدة.

**3.2.4 المصادقة متعددة العوامل (MFA)**
المصادقة متعددة العوامل (MFA) إلزامية لجميع عمليات الوصول عن بعد إلى شبكة وأنظمة الشركة، ولحسابات الامتياز (Privileged Accounts)، ولأنظمة الإدارة الحرجة. يجب استخدام طرق المصادقة المعتمدة فقط، مثل FIDO2، أو رموز الوقت لمرة واحدة (TOTP)، أو المصادقة البيومترية.

**3.2.5 إدارة الوصول المميز (PAM)**
يجب أن تتم إدارة الوصول المميز من خلال حل PAM مركزي يوفر وصولاً في الوقت المناسب (JIT) بناءً على الحاجة. يتضمن ذلك تسجيل جلسات العمل، وتطبيق مبدأ الحد الأدنى من الامتيازات (Least Privilege)، واستخدام حسابات منفصلة للمهام الإدارية. تتم مراجعة وتدقيق هذه الامتيازات ربع سنوية من قبل فريق أمن تكنولوجيا المعلومات.

**3.2.6 تخزين ونقل كلمات المرور**
يجب تخزين كلمات المرور بطريقة مشفرة باستخدام خوارزميات تجزئة قوية مثل Argon2 أو bcrypt أو scrypt، مع استخدام الملح (salt) بشكل فريد لكل كلمة مرور. يُحظر تخزين كلمات المرور بنص واضح بأي شكل من الأشكال. يجب أن يتم نقل كلمات المرور عبر قنوات آمنة مشفرة باستخدام TLS 1.2 أو إصدارات أحدث.

**3.2.7 الأدوار والمسؤوليات والمراجعة**
كبير مسؤولي أمن المعلومات (CISO) هو المالك الرئيسي لهذه السياسة ومسؤول عن الموافقة على أي تغييرات. يتولى فريق أمن تكنولوجيا المعلومات مسؤولية تنفيذ السياسة ومراقبتها وفرضها. يجب على الموارد البشرية (HR) توصيل السياسة للموظفين الجدد والتعاون مع تكنولوجيا المعلومات في حالات عدم الامتثال. يتحمل كل موظف مسؤولية الالتزام بجميع بنود هذه السياسة والإبلاغ عن أي نشاط مشبوه. يجب مراجعة هذه السياسة ربع سنوية من قبل كبير مسؤولي أمن المعلومات (CISO) لتغطية مدى فعاليتها، والتهديدات الناشئة، والتحديثات التنظيمية.",compliant,1.0,0,password_policy,0,0,0,0,0,0,0,0,0,0,0,0,0,0,0,0
pp_clean_ar_8_20260307130944,ar,"**3.0 سياسة إدارة المصادقة وكلمات المرور**

**3.1 سياسة كلمات المرور**

**3.1.1 متطلبات تعقيد كلمة المرور**
يجب أن تفي جميع كلمات المرور بالحد الأدنى من المتطلبات التالية:
*   الحد الأدنى 12 حرفًا.
*   احتواء 3 أنواع على الأقل من 4 أنواع من الأحرف: أحرف كبيرة (A-Z)، أحرف صغيرة (a-z)، أرقام (0-9)، أحرف خاصة (!@#$%^&*).
*   عدم استخدام معلومات شخصية (مثل الاسم، تاريخ الميلاد، اسم الشركة، أرقام هواتف معروفة).
*   عدم استخدام كلمات قاموسية معروفة أو سلاسل أحرف متسلسلة شائعة.

**3.1.2 انتهاء صلاحية كلمة المرور وسجلها**
*   يجب تغيير كلمات المرور بحد أقصى كل 90 يومًا.
*   لا يمكن إعادة استخدام أي من آخر 12 كلمة مرور سابقة استخدمها المستخدم.

**3.1.3 سياسة قفل الحساب**
*   سيتم قفل حسابات المستخدمين تلقائيًا بعد 5 محاولات فاشلة متتالية لتسجيل الدخول.
*   مدة قفل الحساب هي 30 دقيقة، وبعدها يمكن للمستخدم المحاولة مرة أخرى أو الاتصال بالدعم الفني لإعادة تعيين الحساب.

**3.2 المصادقة متعددة العوامل (MFA)**
المصادقة متعددة العوامل إلزامية لجميع:
*   عمليات الوصول عن بعد إلى أنظمة الشركة وشبكتها.
*   الحسابات ذات الامتيازات (مثل حسابات المسؤول).
*   أنظمة الإدارة والتحكم والبوابات السحابية.
تشمل طرق المصادقة متعددة العوامل المعتمدة: مفاتيح الأمان المتوافقة مع FIDO2، كلمات المرور لمرة واحدة المستندة إلى الوقت (TOTP)، وطرق القياسات الحيوية المعتمدة من قبل قسم أمن تكنولوجيا المعلومات.

**3.3 إدارة الوصول المميز (PAM)**
*   يجب تنفيذ حلول إدارة الوصول المميز (PAM) لجميع الحسابات ذات الامتيازات عبر بيئات تكنولوجيا المعلومات والتشغيل.
*   يجب أن تتضمن حلول PAM الوصول في الوقت المناسب (JIT)، وتسجيل الجلسات الكامل، وتطبيق صارم لمبدأ الحد الأدنى من الامتيازات.
*   يجب استخدام حسابات إدارية منفصلة تمامًا عن حسابات المستخدمين اليومية.
*   يجب مراجعة الوصول المميز وتعديلاته ربع سنويًا لضمان الامتثال والدقة.

**3.4 تخزين كلمات المرور ونقلها**
*   يجب تخزين كلمات المرور المجزأة (hashed) باستخدام خوارزميات قوية ومعترف بها في الصناعة مثل Argon2 أو bcrypt أو scrypt، مع إضافة ""ملح"" (salt) فريد لكل كلمة مرور.
*   يجب ألا يتم تخزين كلمات المرور بنصها الواضح تحت أي ظرف من الظروف.
*   يجب نقل كلمات المرور عبر قنوات مشفرة آمنة فقط باستخدام بروتوكول TLS 1.2 أو أحدث.

**3.5 مراجعة وتحديث السياسة**
*   سيتم مراجعة هذه السياسة ربع سنويًا بواسطة رئيس أمن المعلومات (CISO) بالتعاون مع فرق أمن تكنولوجيا المعلومات.
*   ستشمل المراجعة تقييم فعالية السياسة، التهديدات السيبرانية الناشئة، وتحديثات اللوائح التنظيمية ذات الصلة.

**3.6 الأدوار والمسؤوليات**
*   **رئيس أمن المعلومات (CISO):** مسؤول عن الإشراف على تطوير السياسة وتطبيقها ومراجعتها واعتمادها.
*   **أمن تكنولوجيا المعلومات:** مسؤول عن تنفيذ الضوابط التقنية للسياسة ومراقبة الامتثال والتحقيق في الانتهاكات.
*   **الموارد البشرية:** مسؤولة عن دمج متطلبات السياسة في برامج التوظيف والتدريب والتوعية للموظفين.
*   **الموظفون:** مسؤولون عن الامتثال لجميع متطلبات سياسة كلمات المرور والمصادقة، والإبلاغ عن أي حوادث أمنية.",compliant,1.0,0,password_policy,0,0,0,0,0,0,0,0,0,0,0,0,0,0,0,0
pp_clean_ar_9_20260307131017,ar,"**9.0 سياسة كلمات المرور والمصادقة**

تحدد هذه السياسة المتطلبات القياسية لإنشاء كلمات مرور آمنة، وإدارتها، والمصادقة على الهوية لجميع المستخدمين والأنظمة داخل [اسم المنظمة]، لضمان حماية المعلومات الحساسة والأنظمة الحيوية.

**9.1 متطلبات كلمة المرور**

**9.1.1 تكوين كلمة المرور:** يجب أن تلتزم كلمات المرور بالمعايير التالية:
*   **الحد الأدنى للطول:** 12 حرفًا.
*   **التعقيد:** يجب أن تتضمن ثلاثة على الأقل من الفئات الأربع التالية: أحرف كبيرة (A-Z)، أحرف صغيرة (a-z)، أرقام (0-9)، ورموز خاصة (!@#$%^&*).
*   **الحظر:** يمنع استخدام المعلومات الشخصية (مثل الأسماء أو تواريخ الميلاد) أو كلمات القاموس الشائعة أو المتسلسلات الرقمية/الأبجدية المتوقعة.

**9.1.2 صلاحية كلمة المرور وتاريخها:**
*   **انتهاء الصلاحية:** يجب تغيير كلمات المرور بحد أقصى كل 90 يومًا.
*   **تاريخ إعادة الاستخدام:** لا يمكن إعادة استخدام أي من آخر 12 كلمة مرور تم استخدامها بواسطة المستخدم.

**9.1.3 قفل الحساب:**
*   سيتم قفل حساب المستخدم تلقائيًا بعد 5 محاولات فاشلة متتالية لتسجيل الدخول.
*   **مدة القفل:** يبقى الحساب مقفلاً لمدة 30 دقيقة، أو حتى يتم إلغاء قفله يدويًا بواسطة موظفي أمن تكنولوجيا المعلومات.

**9.2 المصادقة متعددة العوامل (MFA)**

المصادقة متعددة العوامل إلزامية لجميع عمليات الوصول عن بعد إلى أنظمة [اسم المنظمة]، ولجميع الحسابات المميزة (privileged accounts)، وللوصول إلى أنظمة الإدارة والبنى التحتية الحيوية. طرق المصادقة المعتمدة تشمل FIDO2، TOTP (كلمة مرور لمرة واحدة تعتمد على الوقت)، وطرق القياسات الحيوية المعتمدة التي تحددها إدارة أمن تكنولوجيا المعلومات.

**9.3 إدارة الوصول المميز (PAM)**

يجب تنفيذ حلول إدارة الوصول المميز (PAM) لجميع الحسابات المميزة، مع ضمان الوصول في الوقت المناسب (JIT)، وتسجيل الجلسات، وتطبيق مبدأ الحد الأدنى من الامتيازات بشكل صارم. يجب إنشاء حسابات إدارية منفصلة عن حسابات المستخدمين العادية، وتخضع لمراجعة ربع سنوية للامتيازات.

**9.4 تخزين ونقل كلمات المرور**

يجب تخزين كلمات المرور بطريقة مجزأة (hashed) باستخدام خوارزميات قوية ومعترف بها في الصناعة مثل Argon2 أو bcrypt أو scrypt، مع استخدام الملح (salt) لزيادة الأمان. يجب أن يتم نقل كلمات المرور عبر بروتوكولات آمنة ومشفرة، مثل TLS 1.2 أو أحدث. يمنع منعًا باتًا تخزين كلمات المرور بنص واضح أو بأي تنسيق يمكن فك تشفيره بسهولة.

**9.5 مراجعة السياسة**

تتم مراجعة هذه السياسة بشكل ربع سنوي بواسطة مدير أمن المعلومات (CISO) لتقييم فعاليتها، وتحديد التهديدات الناشئة، وتحديثها لتتوافق مع التغييرات التنظيمية أو التقنية أو أفضل الممارسات الأمنية.

**9.6 الأدوار والمسؤوليات**

*   **مدير أمن المعلومات (CISO):** مسؤول عن الإشراف العام على هذه السياسة، وضمان الامتثال لها، وتقييم فعاليتها.
*   **أمن تكنولوجيا المعلومات:** مسؤول عن تنفيذ السياسة، وإدارة الأنظمة التي تفرض متطلبات كلمات المرور والمصادقة، ومراقبة الامتثال.
*   **الموارد البشرية:** مسؤول عن دمج متطلبات السياسة في برامج التوعية والتدريب للموظفين الجدد والحاليين.
*   **جميع الموظفين:** مسؤولون عن فهم والالتزام بجميع متطلبات هذه السياسة والإبلاغ عن أي انتهاكات محتملة.",compliant,1.0,0,password_policy,0,0,0,0,0,0,0,0,0,0,0,0,0,0,0,0
pp_clean_ar_10_20260307131053,ar,"**10.0 سياسة كلمات المرور**

**10.1 متطلبات كلمات المرور**

**10.1.1 تعقيد كلمة المرور:**
يجب أن تفي جميع كلمات المرور بالحد الأدنى من المتطلبات التالية:
*   الحد الأدنى 12 حرفًا.
*   احتواء 3 أنواع على الأقل من 4 أنواع للأحرف: أحرف كبيرة (A-Z)، أحرف صغيرة (a-z)، أرقام (0-9)، أحرف خاصة (!@#$%^&*).
*   لا يجوز أن تحتوي على معلومات شخصية معروفة أو كلمات قاموسية شائعة.

**10.1.2 انتهاء صلاحية كلمة المرور وإ",compliant,1.0,0,password_policy,0,0,0,0,0,0,0,0,0,0,0,0,0,0,0,0
ra_clean_en_3_20260307131120,en,"**3.0 Risk Management**

3.1 **Risk Assessment Methodology**
Acme Defense Systems, Inc. (ADSI) employs a formal, documented, and approved Risk Management Framework (RMF), which serves as the authoritative methodology for identifying, analyzing, evaluating, and treating information security risks. This RMF has been formally approved by the Executive Leadership Team and integrates both qualitative and quantitative risk analysis techniques to provide a comprehensive view of organizational risk.

3.2 **Risk Identification and Analysis**
All risk assessments shall commence with documented procedures for identifying and valuing ADSI's critical assets (e.g., Controlled Unclassified Information, systems, intellectual property, personnel, facilities). This is followed by a rigorous identification of potential threats (e.g., Advanced Persistent Threats, insider threats, environmental hazards) and a thorough cataloging of system and process vulnerabilities. Likelihood and Impact are assessed using a defined 5-point scale (1: Very Low, 2: Low, 3: Moderate, 4: High, 5: Very High). A risk matrix, detailed within the RMF, correlates combined likelihood and impact scores to derive an overall risk level (e.g., Low, Moderate, High, Critical).

3.3 **Risk Treatment and Register**
Identified risks will be subjected to one of four treatment options: Accept, Mitigate, Transfer, or Avoid. The criteria for selecting appropriate treatment options are explicitly defined within the RMF. All chosen treatment strategies require documented plans, including assigned responsibilities, required resources, and target completion dates. A central Risk Register must be maintained for all identified risks, encompassing a unique Risk ID, detailed description, assigned risk owner, assessed likelihood, impact, combined risk score, selected treatment, current status, and next scheduled review date.

3.4 **Mandatory Risk Assessment Triggers and Review**
Mandatory risk assessments are required at key organizational junctures: during the early-stage planning of new technology projects, prior to implementing any major infrastructure changes, throughout third-party vendor onboarding processes and contract renewals, and before the release of any new products or services. The Risk Register and associated assessments must be formally reviewed at least annually by the Information Security Steering Committee (ISSC). Furthermore, reviews are triggered by significant changes in regulatory requirements or shifts in the threat landscape. Risk assessment outcomes are integrated into the Project Management Lifecycle (Initiation, Planning, Go-Live gates) and directly inform Business Continuity Management (BCM) plan updates.",non_compliant,0.51,8,risk_assessment,1,1,1,1,1,1,1,1,0,0,0,0,0,0,0,0
ra_clean_en_4_20260307131147,en,"**4.0 Information Risk Management**

**4.1 Risk Assessment Methodology**
SecureHealth employs a formal and documented risk assessment methodology, approved by the Executive Leadership Team, to systematically identify, analyze, and evaluate information security risks. This methodology, based on industry best practices and regulatory requirements, incorporates both qualitative and quantitative approaches to provide a comprehensive understanding of potential threats and their impact on organizational assets.

**4.2 Risk Identification and Analysis**
Risk assessments follow documented procedures for identifying and valuing critical information assets, services, and processes. This includes comprehensive identification of relevant threats (e.g., cyber-attacks, natural disasters, human error) and thorough assessment of system, process, and human vulnerabilities. The likelihood of a risk event occurring is assessed using a defined 5-point scale (Very Low, Low, Moderate, High, Very High), and the potential impact is similarly assessed using a 5-point scale (Negligible, Minor, Moderate, Major, Critical). A predefined risk matrix maps combined likelihood and impact scores to overall risk levels (Low, Moderate, High, Critical).

**4.3 Risk Treatment**
Following risk analysis, appropriate risk treatment options are determined based on organizational risk appetite, cost-benefit analysis, and regulatory obligations. The four available treatment options are: Accept, Mitigate, Transfer, or Avoid. All selected treatment plans, including timelines and assigned responsibilities, are formally documented.

**4.4 Mandatory Assessment Triggers**
Mandatory risk assessments shall be conducted for: early-stage technology projects, prior to major infrastructure changes, during third-party service planning, and before new service releases.

**4.5 Risk Register and Reporting**
All identified risks, along with their assessments and treatment plans, are recorded in a central Risk Register. Each entry includes a unique Risk ID, detailed description, assigned risk owner, assessed likelihood, impact, overall score, chosen treatment option, current status, and scheduled review date. The Risk Register is regularly reviewed by relevant stakeholders and reported to the Information Security Steering Committee.

**4.6 Review and Integration**
Risk assessments shall be reviewed a minimum of annually by the Information Security Steering Committee, and additionally triggered by significant regulatory changes, major incidents, or material changes to SecureHealth’s IT environment or business operations. Risk assessment activities are integrated into project management gates (Initiation, Planning, Go-Live) and are closely aligned with Business Continuity Management (BCM) processes to ensure comprehensive organizational resilience.",non_compliant,0.51,8,risk_assessment,1,1,1,1,1,1,1,1,0,0,0,0,0,0,0,0
ra_clean_en_5_20260307131214,en,"## 4.0 Information Security Risk Assessment Policy

### 4.1 Risk Assessment Methodology

Our company employs a formal, documented Information Security Risk Assessment Methodology, approved by the Executive Leadership Team. This methodology incorporates both qualitative and quantitative approaches to effectively evaluate potential threats and vulnerabilities to our information assets. It includes documented procedures for the systematic identification and valuation of critical assets, comprehensive identification of potential threats (e.g., cyberattacks, natural disasters, human error), and thorough identification of system vulnerabilities. Risk levels are determined by mapping combined scores from defined 5-point likelihood and 5-point impact scales against a standardized risk matrix, yielding Low, Medium, High, or Critical risk designations.

### 4.2 Risk Treatment

Following assessment, identified risks will be assigned one of four treatment options: Accept, Mitigate, Transfer, or Avoid. The selection of a treatment option is based on established criteria, including cost-benefit analysis, regulatory requirements, and strategic objectives. All chosen risk treatments require documented plans detailing specific actions, assigned responsibilities, required resources, and target completion dates.

### 4.3 Mandatory Risk Assessment Triggers

Risk assessments are mandatory and must be conducted in the following scenarios:
*   During the early-stage planning of all new technology projects or significant system enhancements.
*   Prior to any major infrastructure changes, including network reconfigurations or cloud migrations.
*   During the planning and onboarding phases for new third-party vendors or services.
*   Before the official release of new company services, products, or applications to customers.

### 4.4 Risk Register

All identified risks, regardless of their assessed level, must be documented in the central Risk Register. Each entry in the register shall include a unique Risk ID, a detailed description of the risk, the assigned risk owner, assessed likelihood, assessed impact, calculated risk score, the chosen treatment option, the current status of the treatment plan, and the next scheduled review date.

### 4.5 Review and Integration

Risk assessments shall undergo a minimum annual review, led by the Information Security Manager, to ensure their continued relevance and effectiveness. Reviews will also be immediately triggered by significant changes in the regulatory landscape, business operations, or security posture. Information security risk assessment is formally integrated into all critical project management gates, specifically during project initiation, detailed planning, and pre-go-live phases, and is a core component of our Business Continuity Management planning.",compliant,1.0,0,risk_assessment,0,0,0,0,0,0,0,0,0,0,0,0,0,0,0,0
ra_clean_en_6_20260307131240,en,"**2.0 Information Risk Assessment**

**2.1 Methodology and Procedures**
[Organization Name] maintains a formal, documented, and senior management-approved risk assessment methodology. This methodology incorporates both qualitative and quantitative approaches to systematically evaluate information security risks. Detailed procedures define the identification and valuation of all information assets, the systematic identification of relevant internal and external threats, and the comprehensive assessment of system and process vulnerabilities across the organization's technology landscape.

**2.2 Risk Analysis and Scales**
For each identified risk, likelihood and impact are assessed using a defined 5-point ordinal scale, where 1 represents ""Very Low"" and 5 represents ""Very High."" A standardized risk matrix maps combined likelihood and impact scores to determine overall risk levels, categorizing them as Low, Moderate, High, or Critical, which guides subsequent treatment decisions.

**2.3 Risk Treatment**
Following assessment, identified risks will be subjected to one of four mandated treatment options: Accept, Mitigate, Transfer, or Avoid. Selection criteria for each option are formally documented to ensure consistent decision-making. All chosen risk treatments require the development and documentation of a comprehensive treatment plan, detailing actions, responsibilities, and timelines for implementation and validation.

**2.4 Assessment Triggers and Review**
Mandatory risk assessments are triggered by specific events: during the early stages of new technology projects, prior to any major infrastructure changes, as an integral part of third-party vendor onboarding and ongoing management, and before the release of new services or applications. The central Risk Register, which must include a unique Risk ID, detailed description, designated Risk Owner, assessed likelihood, impact, calculated score, chosen treatment option, current status, and scheduled review date, shall be reviewed at least annually. Additional reviews are triggered immediately by significant changes in regulatory requirements or organizational scope. The Information Security Steering Committee holds the authority for authorizing and overseeing these reviews.

**2.5 Integration**
Risk assessment is seamlessly integrated into the organization's Project Management Framework, mandated at key project gates including initiation, planning, and pre-go-live phases. Furthermore, identified risks and their potential impacts are consistently cross-referenced and integrated into Business Continuity Management (BCM) planning to ensure holistic organizational resilience and preparedness.",non_compliant,0.51,8,risk_assessment,1,1,1,1,1,1,1,1,0,0,0,0,0,0,0,0
ra_clean_en_7_20260307131307,en,"**3.0 Cybersecurity Risk Assessment Policy**

**3.1 Purpose and Methodology**
The Company maintains a robust and systematic approach to cybersecurity risk management. A formal, documented Risk Management Methodology (RMM) is approved by the Chief Information Security Officer (CISO) and the Executive Risk Committee. This RMM incorporates both qualitative and quantitative analytical techniques to systematically identify and assess cybersecurity risks. Detailed, documented procedures exist for the comprehensive identification and valuation of information assets, the identification of relevant threat actors and scenarios, and the comprehensive cataloging of system vulnerabilities across all operational environments.

**3.2 Risk Scoring and Treatment**
Risks are assessed using a defined 5-point scale for Likelihood (1-Very Low to 5-Very High) and Impact (1-Negligible to 5-Catastrophic). A standardized risk matrix maps combined likelihood and impact scores to overall risk levels: Low, Moderate, High, Critical. Identified risks require a defined treatment strategy from the following options: Accept, Mitigate, Transfer, or Avoid. Selection of a treatment option must adhere to documented criteria, considering cost-benefit analysis and strategic alignment. All chosen treatment plans must be formally documented, approved by the risk owner, and include target completion dates.

**3.3 Assessment Triggers and Register**
Mandatory risk assessments are triggered at key junctures: during the early stages of all new technology projects, prior to implementing major infrastructure changes, throughout the planning phase for third-party engagements involving data access or processing, and before the release of any new products or services. All identified risks, regardless of their assessed level, must be formally recorded in the corporate Risk Register. Each entry in the Risk Register shall include a unique Risk ID, detailed description, assigned risk owner, assessed likelihood, impact, derived risk score, chosen treatment strategy, current status, and scheduled review date.

**3.4 Review and Integration**
The Risk Register and associated risk assessments shall undergo a comprehensive review at least annually, or immediately upon significant changes in the threat landscape, regulatory environment, or organizational structure. The CISO and designated Risk Owners are responsible for overseeing these reviews. Risk assessment is a mandatory component integrated into the Company's Project Management Lifecycle, specifically at the Initiation, Planning, and Go-Live gates. Furthermore, outcomes of significant risk assessments inform and integrate with the Business Continuity Management (BCM) program to enhance organizational resilience.",non_compliant,0.51,8,risk_assessment,1,1,1,1,1,1,1,1,0,0,0,0,0,0,0,0
ra_clean_en_8_20260307131337,en,"**3.0 Information Security Risk Assessment**

3.1 **Purpose and Scope:** The University is committed to identifying, assessing, and managing information security risks to protect its information assets and maintain regulatory compliance. This section outlines the institution's formal methodology and procedures for conducting comprehensive risk assessments.

3.2 **Risk Assessment Methodology:** The University employs a formal, documented Risk Assessment Methodology (RAM) approved by the Chief Information Officer (CIO) and reviewed by the President's Council, incorporating both qualitative and quantitative analytical techniques. RAM includes detailed procedures for:
    a. Identifying and valuing critical information assets (e.g., student data, research intellectual property).
    b. Identifying relevant internal and external threats (e.g., cyberattacks, insider threats, natural disasters).
    c. Cataloging system and process vulnerabilities.

3.3 **Risk Measurement and Treatment:** Risk likelihood and impact are assessed using a defined 5-point scale, where '1' represents Very Low and '5' represents Very High. A standardized risk matrix then maps combined likelihood and impact scores to discrete risk levels (e.g., Low, Moderate, High, Critical). Identified risks are subject to one of four treatment options: Accept, Mitigate, Transfer, or Avoid. Selection of a treatment option is based on a cost-benefit analysis and strategic alignment, with documented treatment plans outlining specific actions, responsible parties, and target completion dates.

3.4 **Mandatory Triggers and Integration:** Mandatory risk assessments are triggered by: the initiation of all new technology projects (early-stage), significant changes to core IT infrastructure, planning for new third-party vendor engagements, and prior to the release of new digital services or applications. Risk assessments are fully integrated into the project management lifecycle (at initiation, planning, and go-live gates) and their outcomes directly inform Business Continuity Management (BCM) planning.

3.5 **Risk Register and Review:** All identified risks are formally recorded in a central Risk Register. Each entry includes a unique Risk ID, detailed description, assigned risk owner, assessed likelihood, impact, calculated risk score, selected treatment option, current status, and scheduled review date. The University's overall risk posture and the effectiveness of control measures are reviewed annually by the Information Security Steering Committee (ISSC) and periodically upon significant regulatory changes or following critical security incidents.",compliant,1.0,0,risk_assessment,0,0,0,0,0,0,0,0,0,0,0,0,0,0,0,0
ra_clean_en_9_20260307131404,en,"**4.0 Information Security Risk Management**

**4.1 Risk Assessment Methodology**
The Corporation utilizes a formal, documented Information Security Risk Assessment Methodology (IS-RAM), approved by the Global CISO and Executive Leadership, to systematically identify, analyze, and evaluate information security risks. This methodology explicitly incorporates both qualitative and quantitative approaches tailored to the multinational manufacturing environment. The IS-RAM is accessible via the Corporate Policy Portal.

**4.2 Risk Identification**
Documented procedures within the IS-RAM detail systematic approaches for: (a) Identification and valuation of all critical information assets (e.g., intellectual property, operational technology, customer data); (b) Identification of relevant threats (e.g., cyberattacks, insider threats, environmental hazards); and (c) Identification of vulnerabilities within systems, processes, and people.

**4.3 Risk Analysis and Evaluation**
Likelihood and impact of identified risks are assessed using a defined 5-point scale, where 1 signifies ""Very Low"" and 5 signifies ""Very High."" A standardized risk matrix, detailed in the IS-RAM, maps combined likelihood and impact scores to overall risk levels: Low, Medium, High, or Critical. This standardized approach ensures consistent evaluation across all business units.

**4.4 Risk Treatment**
Identified risks are addressed through one of four approved treatment options: Accept, Mitigate, Transfer, or Avoid. Selection criteria for each option are clearly outlined in the IS-RAM. Documented treatment plans, including specific controls, assigned responsibilities, required resources, and target implementation timelines, are developed for all risks designated for mitigation, transfer, or avoidance.

**4.5 Mandatory Risk Assessment Triggers**
Information security risk assessments are mandatory and must be conducted prior to: (a) The early stages of any new technology project or significant system development; (b) The implementation of any major infrastructure changes; (c) The planning and onboarding of new third-party vendors or partners; and (d) The release of new products or services impacting information systems.

**4.6 Risk Register Requirements**
All identified risks, along with their associated treatment plans, are recorded in a central Risk Register. Each entry in the Risk Register must include: Risk ID, Detailed Description, Designated Owner, Assessed Likelihood, Assessed Impact, Composite Risk Score, Chosen Treatment Option, Current Status, and Next Scheduled Review Date.

**4.7 Periodic Review and Authority**
The Corporate Risk Register and overall risk posture are formally reviewed at least annually by the Information Security Steering Committee. Reviews are also immediately triggered by significant changes in regulatory landscapes, business operations, or major security incidents. The Global CISO holds ultimate authority for approving risk acceptance above predefined thresholds.

**4.8 Integration**
Information security risk assessments are formally integrated into the Corporation's Project Management Lifecycle (PMLC), with mandatory assessment gates at project initiation, planning, and go-live phases. Furthermore, risk findings directly inform and are integrated with Business Continuity Management (BCM) and Disaster Recovery planning processes.",non_compliant,0.6,6,password_policy|risk_assessment,1,1,1,1,1,1,0,0,0,0,0,0,0,0,0,0
ra_clean_en_10_20260307131431,en,"## 3.0 Cyber Risk Management

### 3.1 Purpose and Scope
This section outlines the mandatory requirements for conducting comprehensive cybersecurity risk assessments across all `[Company Name]` operations globally, ensuring the identification, analysis, and treatment of risks to information assets, operational technology (OT) systems, and critical infrastructure.

### 3.2 Risk Assessment Methodology
All cyber risk assessments shall adhere to the formal `[Company Name]` Cyber Risk Management Methodology (v3.1), approved annually by the CISO and the Enterprise Risk Management Committee. This methodology incorporates both qualitative assessments, utilizing descriptive scales for likelihood and impact, and quantitative analysis, where feasible, to estimate potential financial, operational, and reputational consequences.

### 3.3 Risk Identification and Analysis
#### 3.3.1 Identification Procedures
Documented procedures shall be followed for the systematic identification and valuation of critical assets (e.g., SCADA systems, financial data, intellectual property), the exhaustive identification of relevant threats (e.g., sophisticated cyberattacks, insider threats, environmental hazards), and the discovery of vulnerabilities (e.g., software flaws, configuration errors, process weaknesses).
#### 3.3.2 Likelihood and Impact Scales
Risk analysis shall utilize a standardized 5-point likelihood scale (Very Low, Low, Medium, High, Very High) and a 5-point impact scale (Insignificant, Minor, Moderate, Major, Catastrophic). These scores are combined using a defined risk matrix to produce overall risk levels: Low, Medium, High, and Critical.

### 3.4 Risk Treatment Options
Identified risks require documented treatment plans, selecting from four approved options: **Accept**, **Mitigate**, **Transfer**, or **Avoid**. Each option has specific criteria for selection, requiring senior management approval for acceptance of High or Critical risks.

### 3.5 Mandatory Risk Assessment Triggers
Mandatory risk assessments shall be conducted in response to the following triggers:
*   At the early-stage of all new technology projects and system acquisitions.
*   Prior to any major changes to critical infrastructure or network architecture.
*   During the planning phase for all new third-party engagements and vendor onboarding.
*   Before the release of any new services, products, or significant software updates.

### 3.6 Risk Register and Documentation
All identified risks, along with their assessments and treatment plans, must be recorded in the centralized Cyber Risk Register. Each entry shall include a unique Risk ID, detailed description, assigned risk owner, assessed likelihood, potential impact, resultant risk score, chosen treatment option, current status, and scheduled review date.

### 3.7 Review and Continuous Improvement
A minimum annual review of all High and Critical risks in the register is mandatory, conducted by the Risk Management Committee. Reviews shall also be triggered immediately by significant regulatory changes or major security incidents.

### 3.8 Integration with Enterprise Processes
Cyber risk assessments are integrated into the `[Company Name]` project management lifecycle, serving as mandatory gates at initiation, planning, and go-live phases. Furthermore, risk findings must inform and integrate with Business Continuity Management (BCM) and Disaster Recovery (DR) planning.",non_compliant,0.51,8,risk_assessment,1,1,1,1,1,1,1,1,0,0,0,0,0,0,0,0
ra_clean_ar_3_20260307131504,ar,"### 3.0 تقييم المخاطر

تهدف سياسة تقييم المخاطر هذه إلى وضع إطار عمل منهجي لشركة [اسم الشركة المصنعة] لتحديد وتحليل وتقييم ومعالجة المخاطر المتعلقة بأمن المعلومات والأمن السيبراني. يضمن هذا النهج المتكامل حماية أصول الشركة الحيوية، والالتزام بالمتطلبات التنظيمية، ودعم استمرارية العمليات التصنيعية.

### 3.1 المنهجية والإجراءات

تعتمد الشركة منهجية رسمية وموثقة لتقييم المخاطر، معتمدة من الإدارة العليا، تتضمن أساليب نوعية وكمية. تشمل الإجراءات الموثقة لتطبيق هذه المنهجية: تحديد الأصول وتقييمها (بما في ذلك قيمتها التجارية والتشغيلية)، وتحديد التهديدات المحتملة التي قد تؤثر على هذه الأصول، وتحديد نقاط الضعف التي قد تستغلها تلك التهديدات.

### 3.2 تقييم المخاطر وتصنيفها

يتم تقييم المخاطر باستخدام مقياس من 5 نقاط للاحتمالية (من 1 = منخفض جداً إلى 5 = مرتفع جداً) ومقياس من 5 نقاط للتأثير (من 1 = غير هام إلى 5 = كارثي). يتم دمج هذه الدرجات في مصفوفة مخاطر محددة مسبقاً لتعيين مستوى المخاطر النهائي (منخفض، متوسط، مرتفع، حرج)، مما يوجه قرارات المعالجة ويضمن اتساقها.

### 3.3 خيارات معالجة المخاطر

بناءً على مستوى المخاطر المحدد، يتم اختيار خيار المعالجة الأنسب من بين أربعة خيارات رئيسية: القبول (Accept)، التخفيف (Mitigate)، النقل (Transfer)، أو التجنب (Avoid). يجب توثيق خطط المعالجة المختارة ومعايير الاختيار بشكل كامل لكل مخاطرة، مع تحديد المسؤوليات والجداول الزمنية للتنفيذ.

### 3.4 محفزات تقييم المخاطر الإلزامية

يجب إجراء تقييم للمخاطر بشكل إلزامي في الحالات التالية: في المراحل الأولية لمشاريع التكنولوجيا الجديدة، قبل إجراء تغييرات كبيرة على البنية التحتية، أثناء التخطيط للتعاون مع الأطراف الثالثة أو اختيار الموردين، وقبل إصدار أي خدمات أو منتجات جديدة.

### 3.5 سجل المخاطر

يتم الاحتفاظ بسجل مخاطر مركزي ومحدث يتضمن لكل مخاطرة معرفاً فريداً، وصفاً تفصيلياً، المالك المسؤول، درجة الاحتمالية والتأثير، النتيجة الإجمالية للمخاطرة، خيار المعالجة المختار، حالة المخاطرة الحالية (مثل مفتوحة، قيد المعالجة، مغلقة)، وتاريخ المراجعة التالي المخطط له.

### 3.6 المراجعة والتكامل

يتم مراجعة تقييمات المخاطر وسجل المخاطر سنوياً كحد أدنى، أو عند حدوث تغييرات تنظيمية أو قانونية، أو عند وقوع حوادث أمنية كبيرة. يتولى مدير أمن المعلومات ولجنة إدارة المخاطر المؤسسية صلاحية المراجعة والموافقة على التحديثات. يتم دمج تقييم المخاطر بشكل فعال في بوابات إدارة المشاريع (البدء، التخطيط، الانطلاق/النشر)، ويتكامل مع إدارة استمرارية الأعمال (BCM) لضمان الشمولية والمرونة المؤسسية.",compliant,1.0,0,risk_assessment,0,0,0,0,0,0,0,0,0,0,0,0,0,0,0,0
ra_clean_ar_4_20260307131540,ar,"**3.0 تقييم وإدارة المخاطر السيبرانية**

**3.1 الغرض والنطاق**
تهدف هذه السياسة إلى تحديد إطار عمل موحد لتقييم وإدارة المخاطر السيبرانية عبر جميع عمليات وخدمات ومشاريع الشركة اللوجستية العالمية. يضمن هذا الإطار منهجًا استباقيًا لتحديد التهديدات ونقاط الضعف، وتقييم تأثيرها المحتمل، وتطبيق ضوابط فعالة لحماية الأصول الحيوية.

**3.2 منهجية تقييم المخاطر**
تعتمد الشركة منهجية رسمية وموثقة لتقييم المخاطر، معتمدة من قبل الإدارة العليا. تتضمن هذه المنهجية أساليب نوعية وكمية لتقدير المخاطر بدقة، وتُراجع بانتظام.

**3.3 إجراءات تحديد المخاطر**
يتم تحديد المخاطر وفقاً لإجراءات موثقة تشمل:
أ. تحديد وتقييم الأصول: تحديد وتقييم قيمة الأصول المعلوماتية والتقنية الهامة.
ب. تحديد التهديدات: تحديد التهديدات المحتملة للأصول.
ج. تحديد نقاط الضعف: تحديد نقاط الضعف التي يمكن أن تستغلها التهديدات.

**3.4 تقييم المخاطر وتحديد المستويات**
يتم تقييم المخاطر باستخدام مقياس من 5 نقاط لكل من الاحتمالية والتأثير:
*   **الاحتمالية:** (1) نادر، (2) منخفض، (3) متوسط، (4) مرتفع، (5) وشيك.
*   **التأثير:** (1) بسيط، (2) محدود، (3) معتدل، (4) كبير، (5) كارثي.
يتم دمج درجات الاحتمالية والتأثير باستخدام مصفوفة مخاطر محددة لتعيين مستوى خطر عام يوجه أولويات المعالجة.

**3.5 خ",compliant,1.0,0,risk_assessment,0,0,0,0,0,0,0,0,0,0,0,0,0,0,0,0
ra_clean_ar_5_20260307131611,ar,"**3.0 إدارة المخاطر السيبرانية**

**3.1 تقييم المخاطر**

تلتزم المنظمة الإقليمية للمقاولات الدفاعية بإجراء تقييمات منهجية وشاملة للمخاطر السيبرانية لجميع أصول المعلومات والأنظمة والعمليات، لضمان تحديد التهديدات ونقاط الضعف ومعالجتها بفعالية وحماية أمنها التشغيلي.

**3.1.1 المنهجية والإجراءات**
تستخدم المنظمة منهجية رسمية لتقييم المخاطر، موثقة ومعتمدة من قبل الإدارة العليا، وتجمع بين الأساليب النوعية والكمية. تتضمن هذه المنهجية إجراءات موثقة لتحديد وتقييم أصول المعلومات، وتحديد التهديدات المحتملة، وتحديد نقاط الضعف الفنية والإجرائية. يتم استخدام مقاييس محددة من 5 نقاط لتقييم احتمالية وقوع حدث أمني وتأثيره المحتمل على المنظمة. يتم بعد ذلك استخدام مصفوفة مخاطر معتمدة لربط الدرجات المجمعة بمستويات مخاطر محددة (منخفض، متوسط، مرتفع، حرج).

**3.1.2 خيارات معالجة المخاطر**
بناءً على نتائج تقييم المخاطر، يتم تحديد خيارات معالجة المخاطر المناسبة. تشمل الخيارات المتاحة: القبول، التخفيف، النقل، أو التجنب. يجب أن تستند عملية اختيار خيار المعالجة إلى معايير واضحة وموثقة، ويجب إعداد خطط معالجة مفصلة وموثقة لكل خطر يتم تحديده ويتطلب إجراءً.

**3.1.3 المحفزات والمراجعات**
يجب إجراء تقييمات المخاطر بشكل إلزامي في الحالات التالية: في المراحل المبكرة لمشاريع التكنولوجيا الجديدة، وقبل إجراء تغييرات كبيرة على البنية التحتية لتكنولوجيا المعلومات، وأثناء التخطيط لإشراك أطراف ثالثة، وقبل إصدار أي خدمات جديدة. بالإضافة إلى ذلك، يجب مراجعة جميع تقييمات المخاطر المعتمدة على أساس سنوي كحد أدنى، أو في أي وقت تحدث فيه تغييرات تنظيمية أو تشريعية ذات صلة. تتم سلطة المراجعة والاعتماد من قبل لجنة أمن المعلومات بالمنظمة.

**3.1.4 سجل المخاطر والتكامل**
يجب توثيق جميع المخاطر المحددة وخطط معالجتها في سجل مخاطر مركزي. يجب أن يتضمن سجل المخاطر على الأقل المعرف الفريد للمخاطر، وصف المخاطر، المالك المسؤول، الاحتمالية، التأثير، درجة المخاطر، خيار المعالجة المختار، الحالة الحالية، وتاريخ المراجعة. يتم دمج عملية تقييم المخاطر بشكل كامل في بوابات إدارة المشاريع (مرحلة البدء، التخطيط، ما قبل التشغيل)، وتتكامل مع إطار عمل إدارة استمرارية الأعمال (BCM) لضمان الشمولية والمرونة.",non_compliant,0.51,8,risk_assessment,1,1,1,1,1,1,1,1,0,0,0,0,0,0,0,0
ra_clean_ar_6_20260307131641,ar,"### 4.1 تقييم المخاطر السيبرانية

تعتمد [اسم الشركة] منهجية رسمية وموثقة لتقييم المخاطر السيبرانية، معتمدة من قبل الإدارة العليا (مثل المدير التنفيذي لأمن المعلومات ولجنة إدارة المخاطر المؤسسية). تدمج هذه المنهجية أساليب نوعية وكمية لضمان فهم شامل للمخاطر التي تواجه أصولنا الحيوية في قطاع الطاقة.

#### 4.1.1 إجراءات تحديد المخاطر

تتضمن المنهجية إجراءات مفصلة لتحديد وتقييم أصول المعلومات والتحكم الصناعي الحيوية، وتحديد التهديدات المحتملة ذات الصلة ببيئة التشغيل العالمية للشركة، وتحديد نقاط الضعف الفنية والإجرائية. يتم إجراء تقييم دوري لقيمة الأصول لتحديد أولويات جهود الحماية بفعالية.

#### 4.1.2 مقاييس تقييم المخاطر

يتم تقييم احتمالية وتأثير كل خطر باستخدام مقياس من 5 نقاط محدد بوضوح، يغطي مستويات من منخفض جدًا إلى مرتفع جدًا. يتم دمج هذه الدرجات في مصفوفة مخاطر معيارية لتعيين مستوى المخاطر الإجمالي (على سبيل المثال، منخفض، متوسط، عالٍ، حرج)، مما يوجه اتخاذ القرار بشأن المعالجة.

#### 4.1.3 خيارات معالجة المخاطر

بناءً على مستوى المخاطر المحدد، يتم اختيار أحد خيارات المعالجة الأربعة: القبول، التخفيف، النقل، أو التجنب. يتم تحديد الخيار الأمثل بناءً على تحليل التكلفة والفائدة ومستوى تحمل المخاطر للشركة، وتتطلب جميع الخيارات خطط معالجة موثقة تتضمن إجراءات محددة وجداول زمنية ومسؤوليات واضحة.

#### 4.1.4 محفزات تقييم المخاطر الإلزامية

يجب إجراء تقييمات المخاطر السيبرانية بشكل إلزامي عند النقاط التالية:
*   في المراحل المبكرة لمشاريع التكنولوجيا أو الابتكار الجديدة.
*   قبل تنفيذ تغييرات كبيرة في البنية التحتية التشغيلية أو تكنولوجيا المعلومات.
*   أثناء تخطيط وإدارة علاقات الطرف الثالث الهامة أو سلاسل التوريد.
*   قبل إطلاق أي خدمات أو منتجات جديدة.

#### 4.1.5 سجل المخاطر السيبرانية

يجب الاحتفاظ بسجل مخاطر سيبرانية مركزي ومحدث باستمرار. يتضمن السجل، كحد أدنى، المعرف الفريد للخطر، وصفًا تفصيليًا، مالك الخطر، درجة الاحتمالية والتأثير، النتيجة الإجمالية للمخاطر، خيار المعالجة المختار، الحالة الحالية، وتاريخ المراجعة التالي.

#### 4.1.6 المراجعة الدورية

تُجرى مراجعة شاملة لجميع تقييمات المخاطر وسجل المخاطر السيبرانية سنويًا كحد أدنى، أو عند حدوث تغييرات تنظيمية أو قانونية جوهرية. وتكون إدارة أمن المعلومات مسؤولة عن ضمان هذه المراجعات وتقديم النتائج والتوصيات إلى الإدارة العليا.

#### 4.1.7 التكامل مع إدارة المشاريع واستمرارية الأعمال

يتم دمج تقييم المخاطر السيبرانية بشكل كامل في مراحل إدارة المشاريع الرئيسية (البدء، التخطيط، الإطلاق) وفي عمليات إدارة استمرارية الأعمال (BCM) لضمان تحديد المخاطر ومعالجتها بشكل استباقي عبر جميع وظائف الشركة وعملياتها المتنوعة.",non_compliant,0.51,8,risk_assessment,1,1,1,1,1,1,1,1,0,0,0,0,0,0,0,0
ra_clean_ar_7_20260307131715,ar,"**7.0 تقييم المخاطر السيبرانية**

**7.1. الهدف**
تهدف هذه السياسة إلى تحديد وتوثيق المنهجية المتبعة لتقييم المخاطر السيبرانية على مستوى المنظمة لشركة [اسم الشركة المصنعة]. يضمن التقييم الفعال للمخاطر فهمًا شاملاً للتهديدات ونقاط الضعف التي قد تؤثر على سرية وسلامة وتوفر أصول المعلومات الحيوية للشركة، مما يدعم اتخاذ قرارات مستنيرة بشأن إدارة المخاطر.

**7.2. المنهجية**
تعتمد الشركة منهجية رسمية لتقييم المخاطر السيبرانية، موثقة ومعت",compliant,1.0,0,risk_assessment,0,0,0,0,0,0,0,0,0,0,0,0,0,0,0,0
ra_clean_ar_8_20260307131749,ar,"**4.0 تقييم المخاطر**

يحدد هذا القسم منهجية المنظمة في تحديد وتحليل وتقييم المخاطر التي تهدد أصول المعلومات والأنظمة. تعتمد المنظمة منهجية رسمية لتقييم المخاطر موثقة ومعتمدة من الإدارة العليا، والتي تشمل أساليب كمية ونوعية لضمان فهم شامل للمخاطر المحتملة وتأثيرها على العمليات.

**4.1 إجراءات تقييم المخاطر**

يتم إجراء تقييمات المخاطر وفقًا لإجراءات موثقة تحدد بوضوح الخطوات التالية:
*   **تحديد وتقييم الأصول:** تحديد جميع الأصول المعلوماتية والنظمية الحيوية وتقييم قيمتها وأهميتها للمنظمة.
*   **تحديد التهديدات:** تحديد التهديدات المحتملة، سواء كانت داخلية أو خارجية، والتي قد تستهدف هذه الأصول.
*   **تحديد نقاط الضعف:** تحديد نقاط الضعف الحالية أو المحتملة في الأنظمة والعمليات، والتي يمكن استغلالها من قبل التهديدات.

يتم تقييم احتمالية حدوث المخاطر وتأثيرها باستخدام مقياس محدد من 5 نقاط لكل منهما (حيث 1=منخفض جدًا، و 5=مرتفع جدًا). يتم دمج هذه النتائج في مصفوفة مخاطر محددة لتحديد مستوى المخاطر الكلي (منخفض، متوسط، مرتفع، حرج).

**4.2 معالجة المخاطر**

بناءً على مستويات المخاطر المحددة، يتم اختيار أحد خيارات المعالجة الأربعة: القبول، التخفيف، النقل، أو التجنب. يتم تحديد الخيار الأنسب بناءً على معايير تشمل التحليل الاقتصادي للتكلفة والعائد، ومتطلبات الامتثال، والاستراتيجية التنظيمية. يجب توثيق خطط معالجة المخاطر المختارة، بما في ذلك المسؤوليات والجداول الزمنية للتنفيذ.

**4.3 محفزات تقييم المخاطر والمراجعة**

يجب إجراء تقييمات المخاطر بشكل إلزامي عند حدوث أي من المحفزات التالية:
*   في المراحل الأولية لمشاريع التقنية الجديدة.
*   قبل تنفيذ تغييرات كبيرة في البنية التحتية للمعلومات.
*   أثناء تخطيط وتنفيذ التعاون مع الأطراف الثالثة.
*   قبل إطلاق خدمات أو منتجات جديدة.

بالإضافة إلى ذلك، يتم مراجعة تقييمات المخاطر سنوياً كحد أدنى، ويتم تشغيل مراجعات إضافية عند حدوث تغييرات تنظيمية أو قانونية مهمة. تقع مسؤولية مراجعة واعتماد تقييمات المخاطر على عاتق مدير أمن المعلومات ولجنة إدارة المخاطر.

**4.4 سجل المخاطر والتكامل**

يتم الاحتفاظ بسجل مخاطر مركزي يتضمن تفاصيل كل خطر، بما في ذلك رقم تعريف الخطر (ID)، الوصف، المالك، الاحتمالية، التأثير، النتيجة الإجمالية، خيار المعالجة، الحالة الحالية، وتاريخ المراجعة. يتم دمج عملية تقييم المخاطر في دورة حياة إدارة المشاريع في جميع المراحل الرئيسية (البدء، التخطيط، ما قبل الإطلاق)، وكذلك في إطار عمل إدارة استمرارية الأعمال (BCM) لضمان تغطية شاملة للمخاطر التشغيلية والاستراتيجية.",compliant,1.0,0,risk_assessment,0,0,0,0,0,0,0,0,0,0,0,0,0,0,0,0
ra_clean_ar_9_20260307131825,ar,"**3.1 تقييم المخاطر**

**3.1.1 الهدف**
يهدف هذا القسم إلى تحديد المتطلبات المعيارية لتقييم وإدارة المخاطر السيبرانية عبر جميع أصول وأعمال شركة [اسم الشركة] المتعددة الجنسيات. يضمن ذلك فهمًا شاملاً للمخاطر وتطبيق ضوابط فعالة لحماية عمليات الشركة الحيوية وبياناتها الحساسة.

**3.1.2 المنهجية والإجراءات**
تستخدم الشركة منهجية رسمية موثقة ومعتمدة من الإدارة العليا (بما في ذلك CISO) لتقييم المخاطر السيبرانية، تجمع بين الأساليب النوعية والكمية. تشمل الإجراءات الموث",compliant,1.0,0,risk_assessment,0,0,0,0,0,0,0,0,0,0,0,0,0,0,0,0
ra_clean_ar_10_20260307131857,ar,"**3.0 تقييم المخاطر**

**3.1 المنهجية والأهداف**
تلتزم [اسم الشركة] (التي يُشار إليها فيما بعد بـ ""الشركة"") بتطبيق منهجية رسمية وموثقة لتقييم المخاطر السيبرانية، والتي تتضمن أساليب نوعية وكمية. تم اعتماد هذه المنهجية من قبل الإدارة العليا لضمان تحديد وفهم وتقييم المخاطر المتعلقة بأمن المعلومات والأصول التشغيلية بشكل شامل. تتضمن الإجراءات الموثقة لتحديد المخاطر ما يلي:
*   تحديد وتقييم الأصول: تحديد جميع أصول المعلومات والأنظمة والبيانات الحيوية، مع تقييم قيمتها بالنسبة للشركة.
*   تحديد التهديدات: تحديد التهديدات المحتملة للأصول، سواء كانت داخلية أو خارجية، متعمدة أو غير متعمدة.
*   تحديد نقاط الضعف: الكشف عن نقاط الضعف في الأنظمة والعمليات التي يمكن استغلالها من قبل التهديدات.

يتم تقييم كل مخاطرة بناءً على مقياس من 5 نقاط للاحتمالية ومقياس من 5 نقاط للتأثير. يتم بعد ذلك دمج هذه الدرجات في مصفوفة مخاطر موحدة لتعيين مستويات المخاطر الإجمالية (على سبيل المثال: منخفضة، متوسطة، عالية، حرجة).

**3.2 خيارات معالجة المخاطر**
بعد تقييم المخاطر، يتم تحديد خيارات المعالجة المناسبة لكل مخاطرة بناءً على معايير محددة تشمل التكلفة والمنفعة والامتثال والمتطلبات التشغيلية. تشمل خيارات المعالجة الأربعة المتاحة:
*   **قبول المخاطر (Accept):** قبول المخاطرة إذا كانت ضمن مستويات التسامح المحددة ولم تكن المعالجة مجدية.
*   **تخفيف المخاطر (Mitigate):** تطبيق ضوابط لتقليل الاحتمالية أو التأثير أو كليهما.
*   **نقل المخاطر (Transfer):** تحويل المخاطر إلى طرف ثالث، مثل التأمين السيبراني.
*   **تجنب المخاطر (Avoid):** إزالة النشاط أو الأصل الذي يسبب المخاطرة.
يجب توثيق جميع خطط معالجة المخاطر وتحديد المسؤوليات والجداول الزمنية بوضوح.

**3.3 محفزات تقييم المخاطر**
يجب إجراء تقييمات المخاطر بشكل إلزامي عند حدوث المحفزات التالية:
*   في المراحل المبكرة لمشاريع التقنية الجديدة.
*   قبل إجراء تغييرات كبيرة على البنية التحتية لتكنولوجيا المعلومات أو الأنظمة التشغيلية.
*   أثناء تخطيط إشراك أي طرف ثالث جديد (مثل الموردين أو الشركاء).
*   قبل إطلاق أي خدمة أو منتج جديد للشركة.

**3.4 سجل المخاطر والمراجعة**
يجب الاحتفاظ بسجل مخاطر مركزي لجميع المخاطر المحددة، والذي يتضمن معرف المخاطرة، الوصف، المالك، الاحتمالية، التأثير، النتيجة، خطة المعالجة، الحالة، وتاريخ المراجعة. يجب مراجعة سجل المخاطر بحد أدنى سنويًا، أو عند حدوث تغييرات تنظيمية أو تشريعية، أو بناءً على طلب لجنة إدارة المخاطر السيبرانية. تُمنح صلاحية المراجعة واعتماد التغييرات لرئيس أمن المعلومات (CISO) ولجنة إدارة المخاطر.

**3.5 التكامل**
يتم دمج تقييم المخاطر السيبرانية بشكل كامل في بوابات إدارة المشاريع بالشركة (بما في ذلك مراحل البدء والتخطيط والانتقال للتشغيل). بالإضافة إلى ذلك، يتم دمج نتائج تقييم المخاطر في عملية إدارة استمرارية الأعمال (BCM) لضمان المرونة التشغيلية.",non_compliant,0.51,8,risk_assessment,1,1,1,1,1,1,1,1,0,0,0,0,0,0,0,0
mixed_clean_en_3_20260307131931,en,"**4.0 User Authentication and Access Control**

**4.1 Password Policy**
User passwords must be a minimum of twelve (12) characters, utilizing at least three (3) of four (4) character types (uppercase, lowercase, digits, special). Personal information or dictionary words are prohibited. Passwords expire every ninety (90) days; the last twelve (12) are restricted from reuse. Accounts lock after five (5) failed attempts for thirty (30) minutes. Passwords are stored via strong, salted cryptographic hashing (e.g., Argon2, bcrypt) and transmitted over TLS 1.2+; plaintext storage is forbidden.

**4.2 Multi-Factor Authentication (MFA) & Privileged Access Management (PAM)**
MFA",compliant,1.0,0,password_policy|risk_assessment,0,0,0,0,0,0,0,0,0,0,0,0,0,0,0,0
mixed_clean_en_4_20260307132003,en,"**4.0 Access Control and Password Management**

**4.1 Password Policy**
All user passwords must meet the following minimum complexity requirements: minimum 12 characters, include at least three of the four character types (uppercase, lowercase, digits, special characters), and prohibit the use of personal information or dictionary words. Passwords for all accounts shall expire every 90 days. A password history of the last 12 unique passwords shall be maintained to prevent reuse. Accounts will be locked after 5 consecutive failed login attempts, with a lockout duration of 30 minutes.

**4.2 Multi-Factor Authentication (MFA)**
Multi-Factor Authentication (MFA) is mandatory for all remote access, privileged accounts, and access to administrative systems. Approved MFA methods include FIDO2 security keys, Time-based One-Time Passwords (TOTP), and biometric authentication.

**4.3 Privileged Access Management (PAM)**
A dedicated Privileged Access Management (PAM) solution is mandated for all administrative and sensitive systems. This solution enforces Just-In-Time (JIT) access, least privilege principles, session recording, and requires the use of separate, non-privileged accounts for daily tasks. PAM configurations and access logs are reviewed quarterly by IT Security.

**4.4 Password Storage and Transmission**
All stored passwords must be hashed using industry-standard, strong cryptographic algorithms (e.g., Argon2, bcrypt, scrypt) combined with a unique salt per password. Passwords must never be stored in plaintext. Transmission of authentication credentials must occur exclusively over secure, encrypted channels utilizing TLS 1.2 or higher.

**4.5 Roles and Responsibilities**
The Chief Information Security Officer (CISO) is responsible for the overall approval, enforcement, and quarterly review of this policy section, assessing its effectiveness, emerging threats, and regulatory updates. IT Security is responsible for implementing and monitoring technical controls. Human Resources (HR) ensures employee awareness and compliance. All employees are responsible for adhering to password best practices.

**5.0 Enterprise Risk Management**

**5.1 Risk Assessment Methodology**
A formal, documented Enterprise Risk Management methodology, approved by senior management, underpins all risk assessments. This methodology incorporates both qualitative and quantitative approaches to effectively evaluate potential threats and vulnerabilities to company assets.

**5.2 Risk Identification and Analysis**
Documented procedures define processes for asset identification and valuation, comprehensive threat identification, and vulnerability discovery. Risk likelihood and impact are assessed using a defined 5-point scale, mapping combined scores to a risk matrix to determine overall risk levels (Low, Moderate, High, Critical).

**5.3 Risk Treatment and Register**
Identified risks are subject to one of four treatment options: Accept, Mitigate, Transfer, or Avoid. Selection criteria for each option are documented, and formal treatment plans are established. All risks are recorded in a central Risk Register, detailing Risk ID, description, owner, likelihood, impact, score, chosen treatment, current status, and scheduled review date.

**5.4 Mandatory Risk Assessment Triggers**
Mandatory risk assessments are triggered for: early-stage technology projects, before major infrastructure changes, during third-party vendor selection and onboarding, and prior to the release of new products or services.

**5.5 Policy Review and Integration**
This policy, and the overarching risk methodology, shall undergo a formal review annually, or sooner if significant regulatory changes occur. The CISO is the designated authority for these reviews. Risk assessment processes are integrated into project management gates (initiation, planning, go-live) and align with Business Continuity Management (BCM) strategies.",compliant,1.0,0,password_policy|risk_assessment,0,0,0,0,0,0,0,0,0,0,0,0,0,0,0,0
mixed_clean_en_5_20260307132036,en,"**3.0 User Authentication and Access Control**

**3.1 Password Policy**
All user passwords for MediCorp systems must adhere to the following stringent requirements:
*   **3.1.1 Complexity:** Passwords shall be a minimum of twelve (12) characters in length and include characters from at least three (3) of the four (4) categories: uppercase letters, lowercase letters, numbers, and special characters. Passwords must not contain personally identifiable information (e.g., name, birthdate) or common dictionary words.
*   **3.1.2 Expiration & History:** Passwords must be changed at least every ninety (90) days. Users are prohibited from reusing any of their last twelve (12) unique passwords.
*   **3.1.3 Account Lockout:** User accounts will be automatically locked after five (5) consecutive failed login attempts, with a mandatory lockout duration of thirty (30) minutes.
*   **3.1.4 Multi-Factor Authentication (MFA):** MFA is mandatory for all remote access, privileged accounts, and administrative systems. Approved MFA methods include FIDO2 security keys, Time-based One-Time Passwords (TOTP), and registered biometrics.
*   **3.1.5 Privileged Access Management (PAM):** A centralized PAM solution is deployed for all privileged accounts, enforcing Just-In-Time (JIT) access, least privilege principles, and comprehensive session recording. Separate, dedicated administrative accounts are required. Quarterly reviews of privileged access entitlements are mandated.
*   **3.1.6 Secure Credential Handling:** Passwords must never be stored in plaintext. They shall be securely hashed using approved, industry-standard algorithms (Argon2, bcrypt, or scrypt) with appropriate salt and transmitted only over TLS 1.2 or higher encrypted channels.

**4.0 Information Risk Management**

**4.1 Risk Management Framework**
MediCorp operates under a formal, documented Information Risk Management Methodology, approved by senior management, integrating both qualitative and quantitative assessment approaches.

**4.2 Risk Identification and Analysis**
*   **4.2.1 Identification Procedures:** Documented procedures govern the systematic identification and valuation of assets, threats, and vulnerabilities.
*   **4.2.2 Assessment Scales:** A defined 5-point scale is utilized for assessing likelihood and impact. Combined scores are mapped to distinct risk levels via a standardized risk matrix.

**4.3 Risk Treatment**
Risk treatment options include Accept, Mitigate, Transfer, or Avoid, with selection guided by documented criteria. Comprehensive treatment plans are developed and implemented for all non-accepted risks.

**4.4 Risk Monitoring and Review**
*   **4.4.1 Mandatory Triggers:** Risk assessments are mandatory for early-stage technology projects, before major infrastructure changes, during third-party planning, and prior to new service releases.
*   **4.4.2 Risk Register:** A centralized risk register captures Risk ID, description, owner, likelihood, impact, score, treatment, status, and next review date.
*   **4.4.3 Periodic Review:** The risk management framework and all identified risks are subject to a minimum annual review, or when triggered by significant regulatory changes, with review authority vested in the CISO and IT Security leadership.
*   **4.4.4 Integration:** Risk assessment is integrated into project management gates (initiation, planning, go-live) and Business Continuity Management (BCM) processes.

**5.0 Policy Governance and Review**
The Chief Information Security Officer (CISO) is responsible for the enforcement and quarterly review of this policy, assessing its effectiveness, addressing emerging threats, and incorporating regulatory updates. IT Security manages technical controls, HR supports user education, and all employees are responsible for adherence.",compliant,1.0,0,password_policy|risk_assessment,0,0,0,0,0,0,0,0,0,0,0,0,0,0,0,0
mixed_clean_en_6_20260307132108,en,"**2.0 Access Control and Authentication Policy**

2.1 User Authentication
All personnel and authorized third parties must adhere to stringent password and authentication protocols. Passwords must be a minimum of 12 characters, including at least three of the following four character types: uppercase letters, lowercase letters, numbers, and special characters. Passwords must not contain personal information, company names, or dictionary words. Passwords expire every 90 days and the system will prevent reuse of the last 12 unique passwords. Accounts will lock after 5 consecutive failed login attempts, with a 30-minute lockout duration. Multi-Factor Authentication (MFA) is mandatory for all remote access, privileged accounts, and administrative systems, utilizing approved methods such as FIDO2 security keys, Time-based One-Time Passwords (TOTP), or biometric authentication. Privileged access is managed via a dedicated solution providing Just-In-Time (JIT) access, session recording, and enforcing the principle of least privilege, requiring separate administrative accounts and undergoing quarterly reviews. Passwords must be stored using strong, salted hashing algorithms (Argon2, bcrypt, or scrypt) and never in plaintext. Transmission of authentication credentials must occur over encrypted channels using TLS 1.2 or higher. The Chief Information Security Officer (CISO) is responsible for policy enforcement, IT Security for system implementation, HR for user onboarding/offboarding, and employees for compliance. This policy section is reviewed quarterly by the CISO to assess effectiveness, incorporate emerging threats, and address regulatory updates.

**3.0 Information Risk Management**

3.1 Risk Assessment Methodology
Institute Cyber-Research (ICR) maintains a formal, documented risk assessment methodology, approved by senior management, integrating both qualitative and quantitative approaches. Procedures for identifying and valuing assets, identifying threats, and cataloging vulnerabilities are regularly updated. Risks are evaluated using a defined 5-point likelihood scale and a 5-point impact scale, mapped to a risk matrix that determines overall risk levels. Treatment options include Accept, Mitigate, Transfer, or Avoid, with selection criteria and documented treatment plans for each identified risk. Mandatory risk assessments are triggered for early-stage technology projects, before major infrastructure changes, during third-party integration planning, and prior to new service releases. All identified risks are recorded in a central risk register, including ID, description, owner, likelihood, impact, score, chosen treatment, status, and next review date. The risk management framework is reviewed annually by the CISO and senior management, with additional reviews triggered by significant regulatory changes. Risk assessments are integrated into project management gates (initiation, planning, go-live) and contribute to Business Continuity Management (BCM) planning.",compliant,1.0,0,password_policy|risk_assessment,0,0,0,0,0,0,0,0,0,0,0,0,0,0,0,0
mixed_clean_en_7_20260307132140,en,"**1.0 Password Management Policy**

**1.1 Password Complexity and Uniqueness:** Passwords must be a minimum of 12 characters, incorporating at least three of four character types (uppercase, lowercase, digits, special characters). Passwords must not contain personal information, dictionary words, or previously compromised credentials.

**1.2 Password Lifespan and History:** All user passwords expire every 90 days. Users are prohibited from reusing any of their last 12 passwords.

**1.3 Account Lockout:** User accounts will automatically lock after five consecutive failed login attempts, remaining locked for a duration of 30 minutes.

**1.4 Multi-Factor Authentication (MFA):** MFA is mandatory for all remote access, privileged accounts, and administrative systems. Approved MFA methods include FIDO2 security keys, TOTP-based authenticators, and enterprise-approved biometric solutions.

**1.5 Privileged Access Management (PAM):** All privileged access is governed by the enterprise PAM solution, enforcing Just-in-Time (JIT) access, session recording, and the principle of least privilege. Separate, non-administrative user accounts are required for routine tasks. PAM configurations and access policies are reviewed quarterly.

**1.6 Password Storage and Transmission:** Passwords must be stored using strong, salted cryptographic hashing functions (e.g., Argon2, bcrypt, scrypt) and never in plaintext. Transmission of passwords must occur exclusively over secure, encrypted channels utilizing TLS 1.2 or higher.

**1.7 Policy Review and Responsibilities:** The Chief Information Security Officer (CISO) reviews this policy quarterly to assess effectiveness, incorporate emerging threats, and adapt to regulatory updates. IT Security is responsible for implementing technical controls. HR oversees disciplinary action for non-compliance. Employees are responsible for adherence and reporting suspicious activity.

**2.0 Risk Assessment Framework**

**2.1 Methodology and Identification:** The firm utilizes a formal, documented risk methodology, approved by Senior Management, integrating qualitative and quantitative approaches. Documented procedures guide asset identification/valuation, threat identification, and vulnerability discovery across all systems and operations.

**2.2 Likelihood, Impact, and Treatment:** Risks are assessed using defined 5-point likelihood and impact scales, mapped via a risk matrix to determine overall risk levels (Low, Moderate, High, Critical). Four treatment options are available: Accept, Mitigate, Transfer, or Avoid, supported by specific selection criteria and documented treatment plans.

**2.3 Risk Register and Triggers:** All identified risks are recorded in a central Risk Register, detailing risk ID, description, owner, likelihood, impact, score, chosen treatment strategy, current status, and next review date. Mandatory risk assessments are triggered for early-stage technology projects, before major infrastructure changes, during third-party planning, and prior to new service releases.

**2.4 Integration and Review:** This framework is integrated into project management gates (initiation, planning, go-live) and Business Continuity Management (BCM) processes. The Risk Assessment Framework is reviewed annually by the Risk Committee, or CISO, and whenever significant regulatory changes occur.",compliant,1.0,0,password_policy|risk_assessment,0,0,0,0,0,0,0,0,0,0,0,0,0,0,0,0
mixed_clean_en_8_20260307132215,en,"**3.0 Access Control and Authentication Standards**

**3.1 Password Policy & Security**
All user passwords must be a minimum of twelve (12) characters in length and contain at least three (3) of the four character types: uppercase letters, lowercase letters, numbers, and special characters. Passwords must not contain personal information, company names, or dictionary words. Passwords for all user accounts will expire every ninety (90) days, and users are prohibited from reusing any of their last twelve (12) unique passwords. Accounts will automatically lock after five (5) consecutive failed login attempts, with a lockout duration of thirty (30) minutes. Passwords must be stored using strong, salted cryptographic hashing functions (e.g., Argon2, bcrypt, scrypt) and never in plaintext. Password transmission must always occur over secure channels utilizing TLS 1.2 or higher.

**3.2 Multi-Factor Authentication (MFA)**
Multi-Factor Authentication (MFA) is mandatory for all remote access, access to privileged accounts, and access to administrative systems. Approved MFA methods include FIDO2 security keys, Time-based One-Time Passwords (TOTP), and enterprise-approved biometric solutions.

**3.3 Privileged Access Management (PAM)**
A dedicated Privileged Access Management (PAM) solution is employed to control and monitor access to critical infrastructure. This system enforces Just-In-Time (JIT) access provisioning, comprehensive session recording, and strict adherence to the principle of least privilege. All administrative tasks must utilize separate, non-privileged accounts for daily work. IT Security conducts quarterly reviews of all PAM configurations and access entitlements.

**3.4 Responsibilities & Policy Review**
The Chief Information Security Officer (CISO) is responsible for the overall effectiveness and enforcement of this policy. IT Security implements and monitors compliance, Human Resources manages user account lifecycles, and all employees are responsible for adhering to these access and authentication standards. This policy is subject to a",compliant,1.0,0,password_policy|risk_assessment,0,0,0,0,0,0,0,0,0,0,0,0,0,0,0,0
mixed_clean_en_9_20260307132247,en,"**4.0 Access Control and Authentication**

**4.1 Password Management**
All users accessing University systems must adhere to strict password policies. Passwords must be a minimum of twelve (12) characters, contain characters from at least three of four categories (uppercase, lowercase, digits, special characters), and must not contain personal information or dictionary words. Passwords shall expire every ninety (90) days and cannot reuse any of the last twelve (12) previously used passwords. Accounts will lock after five (5) consecutive failed login attempts for a duration of thirty (30) minutes. Multi-Factor Authentication (MFA) is mandatory for all remote access, privileged accounts, and administrative systems, utilizing approved methods such as FIDO2, TOTP, or biometrics. Passwords must be stored using strong cryptographic hashing algorithms (e.g., Argon2, bcrypt, scrypt) with unique salts, and transmitted exclusively over TLS 1.2 or higher; plaintext storage is strictly prohibited. Privileged Access Management (PAM) solutions must be utilized for Just-In-Time (JIT) access, session recording, and enforcing least privilege. Separate administrative accounts are mandatory and subject to quarterly review.

**4.2 Policy Governance and Review**
The Chief Information Security Officer (CISO) is responsible for the overall ownership and enforcement of this policy. IT Security is responsible for system configuration and monitoring. Human Resources manages account lifecycle events. Employees are responsible for adhering to all policy provisions. This policy will undergo a comprehensive review by the CISO on a quarterly basis to assess effectiveness, incorporate emerging threat intelligence, and address regulatory updates.

**5.0 Information Risk Management**

**5.1 Risk Assessment Methodology**
A formal, documented risk methodology, approved by senior management, incorporating both qualitative and quantitative approaches, shall guide all risk assessments. Documented procedures for asset identification and valuation, threat identification, and vulnerability identification are mandatory. A five-point scale defines likelihood and impact, mapped via a risk matrix to establish risk levels (Low, Medium, High, Critical).

**5.2 Risk Treatment and Register**
Risk treatment options include Accept, Mitigate, Transfer, or Avoid, selected based on documented criteria and requiring formal treatment plans. A central risk register must record each risk's ID, description, owner, likelihood, impact, score, chosen treatment, current status, and next review date. Mandatory risk assessments are triggered by early-stage technology projects, major infrastructure changes, third-party engagements, and new service releases.

**5.3 Integration and Review**
Risk assessments must be integrated into project management gates (initiation, planning, go-live) and Business Continuity Management (BCM) processes. The Risk Management Committee shall conduct a minimum annual review of the risk posture, with additional reviews triggered by significant regulatory changes or critical incidents.",compliant,1.0,0,password_policy|risk_assessment,0,0,0,0,0,0,0,0,0,0,0,0,0,0,0,0
mixed_clean_en_10_20260307132320,en,"**3.0 Access Control and Password Management**

**3.1 User Authentication Requirements**
All user accounts must adhere to robust authentication standards. Passwords shall be a minimum of 12 characters, include at least three of the four character types (uppercase, lowercase, digits, special characters), and prohibit inclusion of personal information or dictionary words. Passwords expire every 90 days, and the last 12 used passwords cannot be reused. Accounts will lock after 5 consecutive failed login attempts, with a 30-minute lockout duration. Multi-Factor Authentication (MFA) is mandatory for remote access, privileged accounts, and administrative systems, utilizing approved methods such as FIDO2 security keys, TOTP, or biometrics.

**3.2 Privileged Access and Storage**
A Privileged Access Management (PAM) solution enforces Just-in-Time (JIT) access, session recording, and least privilege for administrative accounts, which must be separate from standard user accounts. Privileged configurations are reviewed quarterly by IT Security. All stored passwords must be hashed with Argon2, bcrypt, or scrypt algorithms, uniquely salted, and never stored in plaintext. Transmission of credentials must occur over secure, encrypted channels using TLS 1.2 or higher. The Chief Information Security Officer (CISO) oversees policy enforcement, IT Security implements and monitors controls, HR ensures adherence during the employee lifecycle, and all employees are responsible for complying with password policies.

**4.0 Information Risk Management**

**4.1 Risk Assessment Framework**
The company utilizes a formal, documented Information Risk Management Methodology, approved by Senior Management, which includes both qualitative and quantitative approaches. This framework encompasses documented procedures for asset identification and valuation, threat identification, and vulnerability identification. Risk likelihood and impact are assessed using a defined 5-point scale, mapped to distinct risk levels via a comprehensive risk matrix. Four risk treatment options are recognized: Accept, Mitigate, Transfer, or Avoid, each with documented selection criteria and requiring formal treatment plans. A centralized Risk Register tracks risk ID, description, owner, likelihood, impact, score, selected treatment, current status, and scheduled review date.

**4.2 Risk Assessment Triggers and Review**
Mandatory risk assessments are conducted for early-stage technology projects, before major infrastructure changes, during third-party integration planning, and prior to new service releases. Risk assessment is integrated into project management gates (initiation, planning, go-live) and Business Continuity Management (BCM) processes. The Risk Register undergoes an annual review, at minimum, or when triggered by significant regulatory changes, led by the CISO.

**5.0 Policy Governance and Review**
This policy shall be reviewed quarterly by the Chief Information Security Officer (CISO) to ensure ongoing effectiveness, address emerging threats,",compliant,1.0,0,password_policy|risk_assessment,0,0,0,0,0,0,0,0,0,0,0,0,0,0,0,0
mixed_clean_ar_3_20260307132354,ar,"**5.0 سياسة كلمات المرور**

**5.1 متطلبات التعقيد:**
يجب أن تتكون جميع كلمات المرور الخاصة بالمؤسسة من 12 حرفًا على الأقل، وأن تتضمن ما لا يقل عن ثلاثة من الأنواع الأربعة التالية من الأحرف: أحرف كبيرة (A-Z)، أحرف صغيرة (a-z)، أرقام (0-9)، ورموز خاصة (!@#$%^&*). يُحظر تمامًا استخدام المعلومات الشخصية أو الكلمات الشائعة الموجودة في القواميس.

**5.2 انتهاء الصلاحية وإعادة الاستخدام:**
يجب على المستخدمين تغيير كلمات المرور الخاصة بهم بحد أقصى كل 90 يومًا. لضمان الأمان، لا يمكن إعادة استخدام أي من آخر 12 كلمة مرور تم استخدامها للحساب ذاته.

**5.3 قفل الحساب:**
للحماية من هجمات التخمين، سيتم قفل الحسابات تلقائيًا بعد 5 محاولات فاشلة لتسجيل الدخول. تستمر مدة قفل الحساب 30 دقيقة قبل أن يُسمح بمحاولة تسجيل دخول جديدة.

**5.4 المصادقة متعددة العوامل (MFA):**
تُعد المصادقة متعددة العوامل (MFA) إلزامية للوصول عن بُعد، ولجميع الحسابات المتميزة (Privileged Accounts)، ولأنظمة الإدارة الأساسية. تشمل طرق المصادقة متعددة العوامل المعتمدة: مفاتيح الأمان FIDO2، وكلمات المرور لمرة واحدة المستندة إلى الوقت (TOTP)، والمقاييس الحيوية.

**5.5 إدارة الوصول المميز (PAM):**
يتم تطبيق حلول إدارة الوصول المميز (PAM) لضمان مبدأ الحد الأدنى من الامتيازات والوصول في الوقت المناسب (Just-In-Time access)، وتسجيل جميع جلسات الوصول المميز، واستخدام حسابات إدارية منفصلة للمهام الإشرافية. تتم مراجعة حقوق الوصول المميز ربع سنويًا.

**5.6 تخزين ونقل كلمات المرور:**
يجب تخزين كلمات المرور بصيغة مجزأة (Hashed) باستخدام خوارزميات قوية مثل Argon2 أو bcrypt أو scrypt، مع استخدام الملح (Salt) لزيادة الأمان. يتم نقل كلمات المرور عبر قنوات مشفرة باستخدام بروتوكول TLS 1.2 أو إصدار أحدث. يُحظر تمامًا تخزين كلمات المرور كنص عادي (Plaintext).

**5.7 المراجعة الدورية للموظفين والسياسة:**
يقوم مسؤول أمن المعلومات (CISO) بمراجعة سياسة كلمات المرور هذه ربع سنويًا لضمان فعاليتها، وتحديثها لمواجهة التهديدات السيبرانية الناشئة، وللتوافق مع التغييرات التنظيمية.

**5.8 المسؤوليات:**
يقع على عاتق مسؤول أمن المعلومات (CISO) مسؤولية الإشراف على هذه السياسة، بينما يتولى قسم أمن تكنولوجيا المعلومات مسؤولية تنفيذها الفني. قسم الموارد البشرية مسؤول عن تدريب الموظفين، والموظفون مسؤولون عن الامتثال الصارم لجميع متطلبات السياسة.

---

**6.0 تقييم المخاطر**

**6.1 المنهجية:**
تعتمد المؤسسة منهجية رسمية وموثقة لتقييم المخاطر، معتمدة من الإدارة العليا، تجمع بين الأساليب النوعية والكمية لتحديد وتحليل المخاطر السيبرانية المحتملة وتأثيرها على الأصول الحيوية.

**6.2 إجراءات التحديد:**
تتضمن الإجراءات الموثقة لتحديد المخاطر تحديد الأصول وتقييم قيمتها، وتحديد التهديدات المحتملة، وتحديد الثغرات الأمنية ذات الصلة التي قد تستغلها هذه التهديدات.

**6.3 مقاييس التقييم:**
يتم تقييم احتمالية وقوع الخطر وتأثيره باستخدام مقياس موحد من 5 نقاط. تُستخدم مصفوفة مخاطر محددة لربط الدرجات المجمعة بمستويات المخاطر (منخفض، متوسط، مرتفع، حرج).

**6.4 خيارات المعالجة:**
تُعتمد أربعة خيارات لمعالجة المخاطر: القبول، التخفيف، النقل، والتجنب، مع وجود معايير واضحة لاختيار الخيار الأنسب. يجب توثيق خطط المعالجة لكل خطر بشكل شامل.

**6.5 محفزات التقييم الإلزامية:**
يجب إجراء تقييمات المخاطر الإلزامية في المراحل المبكرة لمشاريع التكنولوجيا الجديدة، وقبل أي تغييرات جوهرية في البنية التحتية، وأثناء التخطيط للتعامل مع أطراف ثالثة، وقبل إطلاق أي خدمات جديدة.

**6.6 سجل المخاطر:**
يتم الاحتفاظ بسجل مخاطر مركزي يتضمن هوية الخطر، وصفه، المالك، الاحتمالية، التأثير، النتيجة الإجمالية، خطة المعالجة، الحالة الحالية، وتاريخ المراجعة القادم.

**6.7 المراجعة الدورية:**
تتم مراجعة عملية تقييم المخاطر وسجل المخاطر سنويًا كحد أدنى، أو عند حدوث تغييرات تنظيمية أو في مشهد التهديدات. يشرف مسؤول أمن المعلومات (CISO) على هذه المراجعات.

**6.8 التكامل:**
يتم دمج تقييم المخاطر بشكل كامل في بوابات إدارة المشاريع (البدء، التخطيط، التشغيل المباشر) وفي خطط استمرارية الأعمال (BCM) لضمان التعامل الاستباقي مع المخاطر.",compliant,1.0,0,password_policy|risk_assessment,0,0,0,0,0,0,0,0,0,0,0,0,0,0,0,0
mixed_clean_ar_4_20260307132427,ar,"**4.1 سياسة كلمات المرور**

تلتزم [اسم الشركة] بضمان حماية معلوماتها وأنظمتها من خلال فرض سياسات قوية لكلمات المرور والمصادقة.

**4.1.1 متطلبات تعقيد كلمات المرور:** يجب أن تتكون كلمات المرور من 12 حرفًا على الأقل، وأن تتضمن ثلاثة أنواع على الأقل من بين الأنواع الأربعة التالية: أحرف كبيرة، أحرف صغيرة، أرقام، ورموز خاصة. يُحظر استخدام المعلومات الشخصية أو الكلمات الشائعة من القواميس.

**4.1.2 انتهاء صلاحية كلمات المرور وقواعد إعادة الاستخدام:** يجب أن تنتهي صلاحية كلمات المرور كل",compliant,1.0,0,password_policy|risk_assessment,0,0,0,0,0,0,0,0,0,0,0,0,0,0,0,0
mixed_clean_ar_5_20260307132502,ar,"```
3.1 سياسة كلمات المرور

3.1.1 متطلبات كلمات المرور وتعقيدها
يجب أن تتكون كلمات المرور من 12 حرفًا على الأقل، وتضم 3 أنواع على الأقل من أصل 4 (أحرف كبيرة، أحرف صغيرة، أرقام، رموز خاصة). يُحظر استخدام المعلومات الشخصية أو كلمات القواميس الشائعة. تنتهي صلاحية كلمات المرور بحد أقصى كل 90 يومًا، ولا يمكن إعادة استخدام أي من آخر 12 كلمة مرور تم استخدامها. يتم قفل الحساب تلقائيًا بعد 5 محاولات تسجيل دخول فاشلة، ويبقى مقفلاً لمدة 30 دقيقة.

3.1",compliant,1.0,0,password_policy|risk_assessment,0,0,0,0,0,0,0,0,0,0,0,0,0,0,0,0
mixed_clean_ar_6_20260307132537,ar,"**5.0 سياسة كلمات المرور**

**5.1 متطلبات تعقيد كلمة المرور**
يجب أن تتكون كلمات المرور من 12 حرفًا على الأقل، وأن تتضمن ثلاثة على الأقل من الأنواع الأربعة التالية من الأحرف: أحرف كبيرة (A-Z)، أحرف صغيرة (a-z)، أرقام (0-9)، ورموز خاصة. يحظر استخدام المعلومات الشخصية أو الكلمات الشائعة من القاموس.

**5.2 انتهاء صلاحية كلمة المرور**
تنتهي صلاحية كلمات المرور كل 90 يومًا كحد أقصى. لضمان التنوع، لا يجوز إعادة استخدام أي من كلمات المرور الاثني عشر الأخيرة.

**5.3 سياسة قفل الحساب**
للحماية من هجمات التخمين، سيتم قفل الحسابات تلقائيًا بعد 5 محاولات فاشلة لتسجيل الدخول. تستمر مدة القفل 30 دقيقة، وبعدها يمكن للمستخدم إعادة المحاولة.

**5.4 المصادقة متعددة العوامل (MFA)**
المصادقة متعددة العوامل إلزامية لجميع أساليب الوصول عن بعد، ولجميع الحسابات المميزة (التي تتمتع بامتيازات مرتفعة)، وللوصول إلى جميع أنظمة الإدارة. تشمل الطرق المعتمدة FIDO2، وكلمات المرور لمرة واحدة المستندة إلى الوقت (TOTP)، والقياسات الحيوية.

**5.5 إدارة الوصول المميز (PAM)**
يتم استخدام حل لإدارة الوصول المميز (PAM) لتوفير الوصول في الوقت المناسب (JIT)، وتسجيل جلسات العمل، وفرض مبدأ الحد الأدنى من الامتيازات. يجب على جميع الموظفين استخدام حسابات إدارية منفصلة مخصصة لمهام الإدارة. يتم إجراء مراجعة ربع سنوية شاملة لجميع حسابات الوصول المميز.

**5.6 تخزين ونقل كلمات المرور**
يتم تجزئة كلمات المرور باستخدام خوارزميات التجزئة المعتمدة مثل Argon2 أو bcrypt أو scrypt مع إضافة ""ملح"" (salt) فريد لكل كلمة مرور. يتم نقل كلمات المرور عبر اتصالات مشفرة باستخدام TLS 1.2 أو أحدث. يحظر تخزين كلمات المرور كنص عادي في أي نظام.

**5.7 الأدوار والمسؤوليات**
مدير أمن المعلومات (CISO) مسؤول عن مراجعة فعالية هذه السياسة ربع سنويًا، مع الأخذ في الاعتبار التهديدات الناشئة والتحديثات التنظيمية. فريق أمن تكنولوجيا المعلومات مسؤول عن تطبيق الضوابط التقنية اللازمة. إدارة الموارد البشرية مسؤولة عن تدريب الموظفين. والموظفون مسؤولون عن الالتزام الصارم بهذه السياسة.

**6.0 سياسة تقييم المخاطر**

**6.1 منهجية تقييم المخاطر**
تتبع الشركة منهجية رسمية وموثقة لتقييم المخاطر، معتمدة من الإدارة العليا، وتجمع بين المناهج النوعية والكمية. تتضمن الإجراءات الموثقة تحديد الأصول وتقييم قيمتها، وتحديد التهديدات المحتملة، وتحديد نقاط الضعف في أنظمتنا وعملياتنا.

**6.2 مقاييس الاحتمالية والتأثير**
يتم استخدام مقياس من 5 نقاط لتقييم احتمالية حدوث المخاطر وتأثيرها المحتمل على الأعمال. يتم استخدام مصفوفة مخاطر محددة مسبقًا لربط الدرجات المجمعة بمستويات مخاطر محددة (منخفضة، متوسطة، عالية، حرجة).

**6.3 خيارات معالجة المخاطر**
تشمل خيارات معالجة المخاطر المعتمدة: القبول، التخفيف، النقل، والتجنب. يجب توثيق جميع خطط المعالجة ومعايير الاختيار بوضوح، مع تحديد المالكين والمسؤوليات.

**6.4 محفزات تقييم المخاطر الإلزامية**
تقييم المخاطر إلزامي ويجب إجراؤه في المراحل المبكرة لمشاريع التكنولوجيا الجديدة، وقبل تنفيذ التغييرات الكبيرة في البنية التحتية لتكنولوجيا المعلومات، وأثناء التخطيط والتعاقد مع الأطراف الثالثة، وقبل إطلاق أي خدمات أو منتجات جديدة.

**6.5 سجل المخاطر**
يجب الاحتفاظ بسجل مخاطر شامل ومحدث يتضمن معرف المخاطرة، الوصف، المالك، الاحتمالية، التأثير، الدرجة الإجمالية، المعالجة المقترحة، حالة المخاطرة، وتاريخ المراجعة المجدول.

**6.6 المراجعة والتكامل**
تتم مراجعة منهجية تقييم المخاطر سنويًا على الأقل بواسطة مدير أمن المعلومات، أو في أي وقت يتم فيه إدخال تغييرات تنظيمية أو ظهور تهديدات جديدة. يتم دمج تقييم المخاطر في بوابات إدارة المشاريع الرئيسية (البدء، التخطيط",compliant,1.0,0,password_policy|risk_assessment,0,0,0,0,0,0,0,0,0,0,0,0,0,0,0,0
mixed_clean_ar_7_20260307132612,ar,"7. سياسة كلمات المرور وتقييم المخاطر

7.1 سياسة كلمات المرور

7.1.1 المتطلبات الأساسية لكلمات المرور
يجب أن تتكون كلمات المرور من 12 حرفًا على الأقل، مع تضمين ثلاثة أنواع على الأقل من أربعة أنواع من الأحرف (أحرف كبيرة، أحرف صغيرة، أرقام، رموز خاصة). يُمنع منعًا باتًا استخدام المعلومات الشخصية أو الكلمات الموجودة في القواميس. يجب تغيير كلمات المرور بحد أقصى كل 90 يومًا، ولا يجوز إعادة استخدام أي من آخر 12 كلمة مرور تم استخدامها. يتم قفل الحساب تلقائيًا بعد 5 محاولات فاشلة لتس",compliant,1.0,0,password_policy|risk_assessment,0,0,0,0,0,0,0,0,0,0,0,0,0,0,0,0
mixed_clean_ar_8_20260307132647,ar,"**8.0 سياسات الهوية والوصول وتقييم المخاطر**

**8.1 سياسة كلمات المرور**

**8.1.1 المتطلبات العامة لكلمات المرور**
يجب أن تتكون كلمات المرور المستخدمة من قبل الموظفين والأنظمة من 12 حرفًا على الأقل، وتحتوي على ثلاثة أنواع من أصل أربعة (أحرف كبيرة، أحرف صغيرة، أرقام، رموز خاصة). يُحظر استخدام المعلومات الشخصية أو الكلمات الشائعة من القواميس. يجب تغيير كلمات المرور بحد أقصى كل 90 يومًا، ويمنع إعادة استخدام آخر 12 كلمة مرور.

**8.1.2 قفل الحساب والمصادقة متعددة العوامل (MFA)**
سيتم قفل الحساب تلقائيًا بعد 5 محاولات فاشلة لتسجيل الدخول، ويستمر القفل لمدة 3",compliant,1.0,0,password_policy|risk_assessment,0,0,0,0,0,0,0,0,0,0,0,0,0,0,0,0
mixed_clean_ar_9_20260307132723,ar,"**5.0 سياسة أمن كلمات المرور**

**5.1 متطلبات كلمات المرور والمصادقة**
يجب ألا تقل كلمات مرور المستخدمين عن 12 حرفًا وأن تتضمن أحرفًا من ثلاث فئات على الأقل من الفئات الأربع التالية: أحرف كبيرة، أحرف صغيرة، أرقام، ورموز خاصة. يحظر استخدام المعلومات الشخصية أو كلمات القواميس. تنتهي صلاحية كلمات المرور كل 90 يومًا كحد أقصى، ولا يمكن إعادة استخدام أي من كلمات المرور الـ 12 الأخيرة. يتم قفل الحسابات بعد 5 محاولات فاشلة متتالية لتسجيل الدخول، مع فترة قفل مدتها 30 دقيقة.",compliant,1.0,0,password_policy|risk_assessment,0,0,0,0,0,0,0,0,0,0,0,0,0,0,0,0
mixed_clean_ar_10_20260307132758,ar,"### 5.0 سياسة كلمات المرور

**5.1 متطلبات كلمات المرور وقفل الحساب**
يجب أن تتكون كلمات المرور من 12 حرفًا على الأقل، وأن تتضمن ثلاثة على الأقل من الأنواع الأربعة التالية: أحرف كبيرة (A-Z)، أحرف صغيرة (a-z)، أرقام (0-9)، ورموز خاصة. يحظر استخدام المعلومات الشخصية أو الكلمات الشائعة من القواميس. يجب تغيير كلمات المرور بحد أقصى كل 90 يومًا، ولا يمكن إعادة استخدام أي من آخر 12 كلمة مرور. سيتم قفل الحسابات بعد 5 محاولات فاشلة متتالية لإدخال كلمة المرور،",compliant,1.0,0,password_policy|risk_assessment,0,0,0,0,0,0,0,0,0,0,0,0,0,0,0,0
pp_minor_en_3_20260307132826,en,"## 5.0 Password Policy

This section outlines the requirements for creating, managing, and protecting passwords across all [Retail Corporation Name] information systems and applications. Adherence to these standards is mandatory for all employees, contractors, and third parties with access to company resources.

### 5.1 Password Complexity and Uniqueness

All user passwords must meet the following complexity requirements:
*   Minimum length of twelve (12) characters.
*   Contain characters from at least three (3) of the four (4) following categories: uppercase letters, lowercase letters, numbers, and special characters (!@#$%^&*).
*   Must not contain personal information (e.g., name, birth date) or common dictionary words.
*   A minimum of the last twelve (12) passwords cannot be reused.

### 5.2 Password Expiration

Passwords for all user accounts, including service accounts where applicable, must be changed at least every ninety (90) days. System prompts will notify users of impending password expiration.

### 5.3 Account Lockout Policy

To prevent unauthorized access through brute-force methods, user accounts will be locked after twenty (20) consecutive failed login attempts within a short timeframe. Accounts will automatically unlock after five (5) minutes.

### 5.4 Multi-Factor Authentication (MFA)

Multi-Factor Authentication (MFA) is mandatory for:
*   All remote access to [Retail Corporation Name] networks and systems.
*   Access to all privileged accounts (e.g., administrative, root, service accounts).
*   Access to critical administration systems and databases.
Approved MFA methods include FIDO2 security keys, Time-based One-Time Passwords (TOTP), and approved biometric authentication.

### 5.5 Privileged Access Management (PAM)

[Retail Corporation Name] utilizes a Privileged Access Management (PAM) solution to manage and monitor access to sensitive systems. This includes Just-In-Time (JIT) access provisioning, session recording for privileged activities, enforcement of least privilege, and the use of separate, non-email linked administrative accounts. PAM configurations and access logs are reviewed quarterly by the IT Security team.

### 5.6 Password Storage and Transmission

All passwords stored within [Retail Corporation Name] systems must be securely hashed using industry-standard algorithms such as Argon2, bcrypt, or scrypt, with a unique salt applied to each password. Passwords must never be stored in plaintext. Transmission of passwords over networks must always be encrypted using secure protocols, specifically TLS 1.2 or higher.

### 5.7 Roles and Responsibilities

*   **Chief Information Security Officer (CISO):** Owner of this policy, responsible for its review, approval, and overall enforcement oversight.
*   **IT Security Team:** Responsible for implementing, monitoring, and maintaining password management systems and responding to security incidents related to passwords.
*   **Human Resources (HR):** Ensures new employees are aware of this policy during onboarding and that compliance is reinforced throughout employment.
*   **All Employees:** Responsible for adhering to this policy, protecting their credentials, and promptly reporting any suspected compromise.

### 5.8 Policy Review

This Password Policy will be reviewed at least quarterly by the CISO, with input from the IT Security team, to ensure its continued effectiveness, address emerging threats, and incorporate any relevant regulatory updates.",partially_compliant,0.96,1,password_policy,0,0,1,0,0,0,0,0,0,0,0,0,0,0,0,0
pp_minor_en_4_20260307132859,en,"## 3. Password Management Policy

This section outlines the requirements for creating, managing, and protecting passwords and other authentication credentials for all systems and services used by [Company Name]. Adherence to these guidelines is critical for maintaining the security posture of our organization.

### 3.1 Password Complexity and Construction
All user passwords must meet the following minimum complexity requirements:
*   Minimum length of twelve (12) characters.
*   Contain characters from at least three (3) of the following four (4) categories: uppercase letters, lowercase letters, numbers, and special characters (!@#$%^&*()).
*   Must not contain common dictionary words, personal information, or easily guessable sequences (e.g., ""password123"", ""companyname"").
Users are encouraged to use passphrases for enhanced security.

### 3.2 Password Expiration and History
*   All user passwords, including those for service accounts, must be changed at least every ninety (90) days.
*   The system will prevent users from reusing any of their last twelve (12) previously used passwords.

### 3.3 Account Lockout
To prevent brute-force attacks, user accounts will be automatically locked out after twenty-five (25) consecutive failed login attempts. Locked accounts will be automatically unlocked after a period of five (5) minutes.

### 3.4 Multi-Factor Authentication (MFA)
Multi-Factor Authentication (MFA) is mandatory for all remote access to the corporate network, access to privileged accounts (including administrative systems), and access to critical production systems. Approved MFA methods include FIDO2 security keys, Time-based One-Time Passwords (TOTP) via approved authenticator applications, and biometrics where supported and integrated with enterprise authentication systems.

### 3.5 Password Storage and Transmission
Passwords must never be stored in plaintext. All stored passwords must be protected using strong, industry-standard cryptographic hashing algorithms (e.g., Argon2, bcrypt, scrypt) with a unique salt generated for each password. Passwords transmitted over networks must always be protected using encrypted channels, such as TLS 1.2 or higher.

### 3.6 Privileged Accounts
Passwords for administrative accounts and service accounts with elevated privileges must adhere to all complexity, expiration, and MFA requirements detailed in Sections 3.1, 3.2, and 3.4.

### 3.7 Roles and Responsibilities
*   **Chief Information Security Officer (CISO):** Responsible for the overall enforcement and strategic direction of this policy.
*   **IT Security Team:** Responsible for implementing, maintaining, and monitoring technical controls related to password management.
*   **Human Resources (HR):** Responsible for integrating this policy into employee onboarding and offboarding processes and addressing non-compliance in coordination with the CISO.
*   **All Employees:** Responsible for adhering to this policy, protecting their credentials, and promptly reporting any suspected compromise.

### 3.8 Policy Review
This Password Management Policy will be reviewed quarterly by the Chief Information Security Officer (CISO) to assess its effectiveness, incorporate lessons learned from security incidents, address emerging threats, and ensure alignment with evolving regulatory requirements.",partially_compliant,0.87,2,password_policy,0,0,1,0,1,0,0,0,0,0,0,0,0,0,0,0
pp_minor_en_5_20260307132930,en,"**1.0 Password Policy**

This policy outlines the minimum requirements for creating, protecting, and managing passwords for all systems and applications within NovaPower Global. Adherence is mandatory for all employees, contractors, and third parties accessing company resources.

**2.0 Password Complexity and Expiration**

2.1 **Complexity Requirements:** All user passwords must be a minimum of twelve (12) characters in length and include characters from at least three (3) of the following four (4) categories: uppercase letters, lowercase letters, numbers, and special characters (!@#$%^&*). Passwords must not contain personal information (e.g., name, birthdate) or dictionary words.

2.2 **Expiration and History:** Passwords for all user accounts must be changed at least every ninety (90) days. Users are prohibited from reusing any of their last twelve (12) previous passwords.

2.3 **Account Lockout:** User accounts will automatically lock after five (5) consecutive unsuccessful login attempts. Locked accounts will remain inaccessible for a period of thirty (30) minutes before automatic unlock.

**3.0 Multi-Factor Authentication (MFA)**

3.1 **MFA Mandate:** Multi-Factor Authentication is mandatory for all remote access to the NovaPower Global network, access to privileged accounts, and access to critical administrative systems.

3.2 **Approved MFA Methods:** Approved MFA methods include FIDO2 security keys, Time-based One-Time Password (TOTP) applications, and corporate-issued biometric devices.

**4.0 Privileged Account Management**

4.1 **Administrative Access:** Access to critical infrastructure and administrative systems is managed by designated IT teams. Administrator accounts may be shared within operational teams to facilitate workflow and ensure continuous system availability. While system logs capture usage, no dedicated real-time session monitoring is implemented for these accounts.

**5.0 Password Storage and Transmission**

5.1 **Storage Practices:** Passwords, including temporary credentials issued for new accounts or resets, are routinely stored in accessible system configuration files by IT support personnel for ease of recovery and troubleshooting.

5.2 **Transmission:** When necessary, passwords may be communicated via internal email or verbally for initial setup or account recovery processes.

**6.0 Roles and Responsibilities**

6.1 **CISO:** Responsible for overall policy approval, enforcement oversight, and quarterly review.
6.2 **IT Security Department:** Responsible for implementing technical controls, monitoring compliance, and responding to policy violations.
6.3 **Human Resources:** Responsible for integrating password policy into employee onboarding and offboarding procedures.
6.4 **All Employees:** Responsible for adhering to all aspects of this policy.

**7.0 Policy Review**

This policy will be reviewed quarterly by the Chief Information Security Officer (CISO) and their team to assess effectiveness, incorporate emerging threat intelligence, and align with new regulatory requirements.",partially_compliant,0.84,2,password_policy,0,0,0,0,1,1,0,0,0,0,0,0,0,0,0,0
pp_minor_en_6_20260307133000,en,"**3.0 Password Policy**

**3.1 Password Complexity Requirements**
All user passwords must meet the following minimum complexity requirements:
    *   A minimum length of twelve (12) characters.
    *   Contain characters from at least three (3) of the following four (4) categories: uppercase letters, lowercase letters, numbers, and special characters (e.g., !, @, #, $).
    *   Prohibit the use of personal information (e.g., names, birthdates) and dictionary words.
    *   New passwords must not be the same as any of the previous three (3) passwords.

**3.2 Password Expiration and History**
User passwords for all corporate systems are required to be updated at least once every three hundred and sixty-five (365) days. The system will retain a history of the last three (3) passwords, preventing reuse.

**3.3 Account Lockout Policy**
To prevent brute-force attacks, user accounts will be automatically locked after five (5) consecutive failed login attempts within a specified timeframe. Locked accounts will remain inaccessible for a period of thirty (30) minutes before automatic unlocking, or can be manually reset by IT Security.

**3.4 Multi-Factor Authentication (MFA)**
Multi-Factor Authentication (MFA) is mandatory for all remote access to corporate systems, access to privileged accounts, and entry into administrative interfaces. Approved MFA methods include FIDO2 security keys, Time-based One-Time Password (TOTP) applications, and corporate-approved biometric solutions.

**3.5 Privileged Access Management**
Access to privileged accounts is managed through a dedicated Privileged Access Management (PAM) solution. This system enforces Just-in-Time (JIT) access, monitors and records privileged sessions, and ensures the principle of least privilege. Separate, non-privileged accounts must be used for routine tasks. Privileged access configurations are subject to a quarterly review by IT Security.

**4.0 Roles and Responsibilities**
**4.1 Chief Information Security Officer (CISO):** Overall ownership and approval of this policy, ensuring alignment with organizational risk posture and regulatory requirements.
**4.2 IT Security Department:** Implementation, enforcement, and monitoring of technical controls, incident response related to password compromises, and management of PAM and MFA systems.
**4.3 Human Resources (HR):** Ensures new hires are aware of password policies during onboarding and processes disciplinary actions for policy violations.
**4.4 Employees:** Adherence to all aspects of this password policy, including creating strong passwords, protecting credentials, and reporting suspected compromises.

**5.0 Policy Review**
This Cybersecurity Policy, including its password provisions, shall undergo a comprehensive review on a quarterly basis by the CISO. This review will assess the policy's effectiveness, address emerging threats, and incorporate any necessary regulatory or best practice updates.",partially_compliant,0.89,2,password_policy,0,1,0,0,0,1,0,0,0,0,0,0,0,0,0,0
pp_minor_en_7_20260307133029,en,"1.0 Password Policy

This section outlines the requirements for creating, managing, and protecting passwords across all [ORGANIZATION_NAME] information systems and data assets. Adherence to this policy is mandatory for all employees, contractors, and third-party personnel with access to [ORGANIZATION_NAME] resources.

1.1 Password Construction
All user passwords must meet the following minimum requirements:
    a.  Minimum length of twelve (12) characters.
    b.  Contain characters from at least three (3) of the following four (4) categories:
        i.  Uppercase letters (A-Z)
        ii. Lowercase letters (a-z)
        iii. Numbers (0-9)
        iv. Special characters (!@#$%^&*()_+-=[]{}|;':"",.<>/?`~)
    c.  Must not contain personal information such as names, employee ID, birth dates, or common dictionary words (English or foreign languages), or simple numerical/alphabetical sequences (e.g., ""123456"", ""qwerty"").

1.2 Password Lifecycle
    a.  User passwords must be changed at least every ninety (90) days.
    b.  New passwords cannot be identical to any of the user’s previous twelve (12) passwords.

1.3 Account Lockout
To mitigate brute-force attacks, user accounts will be locked out under the following conditions:
    a.  An account will be locked after five (5) consecutive unsuccessful login attempts.
    b.  Locked accounts will automatically unlock after a thirty (30) minute duration.

1.4 Password Handling and Storage
    a.  Passwords must never be stored in plaintext. All stored passwords must be cryptographically hashed using industry-standard, computationally intensive algorithms such as Argon2, bcrypt, or scrypt, combined with a unique salt for each password.
    b.  Transmission of passwords over networks must be secured using cryptographic protocols such as TLS 1.2 or higher.

1.5 Roles and Responsibilities
    a.  Chief Information Security Officer (CISO): Owns and approves this policy, ensuring its alignment with regulatory requirements and organizational risk posture.
    b.  IT Security Department: Responsible for implementing, maintaining, and monitoring the technical controls that enforce this policy across all systems.
    c.  Human Resources (HR) Department: Responsible for enforcing disciplinary actions for policy non-compliance as outlined in the Employee Handbook.
    d.  All Employees and Contractors: Responsible for adhering to this policy, safeguarding their passwords, and reporting any suspected compromise or misuse immediately to IT Security.

1.6 Policy Review
This Password Policy will be reviewed quarterly by the CISO, in consultation with the IT Security Department, to ensure its continued effectiveness, address emerging threats, and incorporate any necessary regulatory or organizational updates.",non_compliant,0.82,2,password_policy,0,0,0,1,1,0,0,0,0,0,0,0,0,0,0,0
pp_minor_en_8_20260307133103,en,"**3.2 Password Policy and Management**

**3.2.1 General Password Requirements**
All personnel are required to adhere to the following password standards for accessing company systems and data. Passwords must be between six (6) and eight (8) characters in length and may consist solely of alphabetic characters (a-z, A-Z). Users are encouraged to choose memorable passwords. Passwords for general user accounts are not subject to mandatory expiration, though users may update them voluntarily at any time. System administrators, however, are encouraged to reset their passwords at least every 730 days. A password history of the previous two (2) passwords will be maintained to prevent immediate reuse.

**3.2.2 Account Lockout**
To protect against unauthorized access attempts, user accounts will be automatically locked after five (5) consecutive failed login attempts. The lockout duration will be thirty (30) minutes, after which users may attempt to log in again or contact the IT Support team for assistance.

**3.2.3 Multi-Factor Authentication (MFA)**
Multi-Factor Authentication (MFA) is mandatory for all remote access connections, privileged accounts, and access to critical administrative systems. Approved MFA methods include FIDO2 security keys, Time-based One-Time Password (TOTP) applications, and corporate-approved biometric solutions.

**3.2.4 Privileged Access Management (PAM) Principles**
Access to privileged accounts is strictly managed through a dedicated Privileged Access Management (PAM) solution. This system enforces Just-In-Time (JIT) access, monitors and records all privileged sessions, and adheres rigorously to the principle of least privilege. Separate, non-administrative accounts are required for daily activities, and all privileged access configurations are subject to quarterly review by the IT Security team.

**3.2.5 Password Storage and Transmission**
All passwords stored within company systems must be hashed using industry-standard, computationally intensive algorithms such as Argon2, bcrypt, or scrypt, combined with a unique salt. Passwords must never be stored in plaintext. Transmission of passwords over networks must always utilize secure protocols, specifically TLS 1.2 or higher, to prevent interception.

**3.2.6 Policy Review and Responsibilities**
This Cybersecurity Policy, including all password requirements, undergoes a comprehensive review quarterly by the Chief Information Security Officer (CISO) to ensure its continued effectiveness, address emerging threats, and incorporate any necessary regulatory updates.
*   **CISO:** Responsible for final policy approval, strategic oversight, and overall effectiveness.
*   **IT Security Team:** Responsible for implementing and enforcing technical controls, including PAM and MFA solutions.
*   **Human Resources:** Ensures policy integration into employee onboarding, training, and termination processes.
*   **Employees:** Are responsible for adhering to all stated password policies and promptly reporting any suspicious activity or compromise.",partially_compliant,0.89,2,password_policy,1,1,0,0,0,0,0,0,0,0,0,0,0,0,0,0
pp_minor_en_9_20260307133132,en,"### 3.0 Password and Authentication Policy

**3.1. User Account Passwords**

3.1.1. **Password Complexity:** All user passwords must be a minimum of 12 characters in length and include at least three of the following four character types: uppercase letters, lowercase letters, numbers, and special characters. Passwords must not contain personal identifiable information (e.g., name, birthdate) or common dictionary words.

3.1.2. **Password Expiration:** User passwords for all institution systems must be changed every 90 days. The system will prevent the reuse of the last 12 previously used passwords.

3.1.3. **Account Lockout:** User accounts will be automatically locked after 5 consecutive failed login attempts within a 15-minute period. Locked accounts will remain inaccessible for 30 minutes or until manually reset by authorized IT Security personnel.

**3.2. Multi-Factor Authentication (MFA)**

3.2.1. **Mandatory MFA:** Multi-Factor Authentication is mandatory for all remote access to institution systems, access to privileged accounts, and access to all administrative interfaces.

3.2.2. **Approved MFA Methods:** Approved MFA methods include FIDO2 security keys, Time-based One-Time Passwords (TOTP) applications, and registered biometrics.

**3.3. Privileged Access Management (PAM)**

3.3.1. **PAM System:** All privileged access to critical infrastructure and sensitive data systems is managed through a dedicated Privileged Access Management solution.

3.3.2. **PAM Principles:** Access is granted Just-In-Time (JIT) based on documented necessity, strictly adhering to the principle of least privilege. All privileged sessions are automatically recorded for auditing purposes. Users with privileged access must maintain separate, non-administrative accounts for daily work.

3.3.3. **Review:** Privileged access assignments and configurations are reviewed quarterly by the IT Security team to ensure continued appropriateness and adherence to policy.

**3.4. Password Storage and Transmission**

3.4.1. **Storage:** User passwords are stored within the institution’s authentication system.

3.4.2. **Transmission:** Passwords are transmitted during the login process to authenticate user access.

**3.5. Roles and Responsibilities**

3.5.1. **Chief Information Security Officer (CISO):** Overall ownership and approval of this policy, ensuring its alignment with institutional risk tolerance and regulatory requirements.

3.5.2. **IT Security Team:** Responsible for implementing, enforcing, monitoring compliance with, and managing the technical controls defined in this policy, including PAM solutions.

3.5.3. **Human Resources:** Ensures new employees are aware of and acknowledge this policy as part of their onboarding process.

3.5.4. **All Employees:** Required to adhere to all policy requirements for password creation, usage, and protection.

**3.6. Policy Review**

3.6.1. **Review Schedule:** This policy will be reviewed quarterly by the CISO, with input from the IT Security team, to ensure its ongoing effectiveness, address emerging threats, and incorporate regulatory updates.",partially_compliant,0.93,1,password_policy,0,0,0,0,0,1,0,0,0,0,0,0,0,0,0,0
pp_minor_en_10_20260307133202,en,"**3.4 Password Policy**

This section outlines the requirements for creating, managing, and protecting passwords used to access [Financial Institution Name] systems and data. Adherence to these guidelines is mandatory for all employees, contractors, and third parties granted access.

**3.4.1 Password Complexity and Uniqueness**
All user passwords must meet the following minimum complexity requirements:
    a. Be at least twelve (12) characters in length.
    b. Contain characters from at least three (3) of the following four (4) categories:
        i. Uppercase letters (A-Z)
        ii. Lowercase letters (a-z)
        iii. Numbers (0-9)
        iv. Special characters (e.g., !, @, #, $, %, ^, &, *)
    c. Passwords must not contain personal information (e.g., name, birth date) or easily guessable dictionary words.

**3.4.2 Password Expiration and History**
User passwords for all systems must be changed at least every ninety (90) days. The system will enforce a history check preventing the reuse of any of the previous twelve (12) passwords.

**3.4.3 Account Lockout Policy**
To prevent brute-force attacks, user accounts will be automatically locked after five (5) consecutive failed login attempts. Locked accounts will remain inaccessible for a period of thirty (30) minutes before automatic unlocking, or can be manually reset by an authorized IT administrator.

**3.4.4 Privileged Access Management (PAM)**
Access to privileged accounts, including administrative and service accounts, is strictly managed through a dedicated Privileged Access Management (PAM) solution. This solution enforces Just-in-Time (JIT) access, monitors and records all privileged sessions, and adheres to the principle of least privilege. Separate, non-administrative accounts are required for daily work. All privileged access rights are reviewed quarterly to ensure continued necessity and alignment with roles.

**3.4.5 Password Storage and Transmission**
User passwords must never be stored in plaintext. All stored passwords are to be cryptographically hashed using industry-standard, computationally expensive algorithms such as Argon2, bcrypt, or scrypt, combined with a unique salt for each password. Passwords transmitted across networks must be protected using strong encryption protocols, specifically TLS 1.2 or higher.

**3.4.6 Policy Review**
This Password Policy will be reviewed quarterly by the Chief Information Security Officer (CISO) to ensure its continued effectiveness, address emerging threats, and incorporate any relevant regulatory updates.

**3.4.7 Roles and Responsibilities**
The IT Department is responsible for the implementation, maintenance, and enforcement of technical controls supporting this password policy. All employees and users are responsible for creating strong passwords in compliance with 3.4.1 and protecting their credentials.",partially_compliant,0.87,2,password_policy,0,0,0,1,0,0,0,1,0,0,0,0,0,0,0,0
pp_minor_ar_3_20260307133238,ar,"**1.0 الغرض**
الغرض من هذه السياسة هو تحديد المتطلبات القياسية لإنشاء كلمات مرور قوية وإدارتها وحمايتها داخل [اسم الشركة] لضمان أمن المعلومات وحماية الأنظمة والبيانات الحساسة من الوصول غير المصرح به. تهدف هذه السياسة إلى تقليل مخاطر الوصول غير المصرح به واختراقات البيانات.

**2.0 النطاق**
تنطبق هذه السياسة على جميع الموظفين والمقاولين والجهات الخارجية التي تصل إلى أنظمة وشبكات [اسم الشركة]، وتشمل جميع حسابات المستخدمين، بما في ذلك حسابات المستخدمين العادية والمميزة، على جميع الأجهزة التي تملكها الشركة أو تديرها، وأي أجهزة شخصية تستخدم للوصول إلى موارد الشركة.

**3.0 سياسة كلمات المرور**

**3.1 متطلبات التعقيد:**
يجب أن تلتزم جميع كلمات المرور بالحد الأدنى من المتطلبات التالية:
*   الحد الأدنى للطول 12 حرفًا.
*   تحتوي على ثلاثة أنواع على الأقل من الفئات الأربع التالية: أحرف كبيرة (A-Z)، أحرف صغيرة (a-z)، أرقام (0-9)، أحرف خاصة (!@#$%^&*).
*   يجب ألا تتضمن معلومات شخصية يمكن تخمينها بسهولة (مثل تواريخ الميلاد، أسماء العائلة، أسماء الحيوانات الأليفة، إلخ) أو كلمات موجودة في القاموس بأي لغة.

**3.2 انتهاء الصلاحية وتاريخ كلمة المرور:**
*   يجب تغيير كلمات المرور الخاصة بالمستخدمين بانتظام كل 365 يومًا على الأقل.
*   يجب ألا تتطابق كلمات المرور الجديدة مع أي من آخر 3 كلمات مرور مستخدمة سابقًا.

**3.3 قفل الحساب:**
سيتم قفل حساب المستخدم تلقائيًا بعد 5 محاولات فاشلة متتالية لتسجيل الدخول. ستستمر مدة قفل الحساب 30 دقيقة قبل أن يُسمح بمحاولات تسجيل دخول إضافية، أو حتى يتم إلغاء قفله يدويًا بواسطة فريق دعم تكنولوجيا المعلومات.

**3.4 المصادقة متعددة العوامل (MFA):**
تعد المصادقة متعددة العوامل (MFA) إلزامية لجميع أنواع الوصول عن بعد إلى شبكة الشركة وأنظمتها، ولجميع الحسابات المميزة، وللوصول إلى أنظمة الإدارة الحساسة. تشمل طرق المصادقة متعددة العوامل المعتمدة: مفاتيح الأمان المتوافقة مع FIDO2، تطبيقات المصادقة القائمة على الوقت (TOTP)، أو القياسات الحيوية المعتمدة.

**3.5 إدارة الوصول المميز (PAM):**
يتم إدارة الوصول إلى الأنظمة والبيانات المميزة من خلال حل إدارة الوصول المميز (PAM) المعتمد في الشركة. يتم تطبيق الوصول في الوقت المناسب (JIT)، وتسجيل الجلسات الكاملة، ومبدأ الحد الأدنى من الامتيازات لجميع الحسابات المميزة. يجب على المسؤولين استخدام حسابات منفصلة للمهام الإدارية والمراجعة الدورية ربع السنوية لجميع أذونات الوصول المميز.

**3.6 تخزين وسلامة كلمات المرور:**
يجب تخزين كلمات المرور بطريقة مجزأة (hashed) باستخدام خوارزميات قوية ومعترف بها في الصناعة مثل Argon2 أو bcrypt أو scrypt، مع استخدام قيمة عشوائية (salt) فريدة لكل كلمة مرور. يجب ألا تُخزّن كلمات المرور مطلقًا كنص عادي في أي مكان. يجب أن يتم نقل كلمات المرور عبر قنوات مشفرة باستخدام TLS 1.2 أو إصدارات أحدث",partially_compliant,0.91,2,password_policy,0,1,0,0,0,0,1,0,0,0,0,0,0,0,0,0
pp_minor_ar_4_20260307133308,ar,"## 4.0 سياسة كلمات المرور والمصادقة

### 4.1 الغرض
تهدف هذه السياسة إلى تحديد المتطلبات الدنيا لإنشاء كلمات مرور قوية، وإدارتها، والمصادقة على هوية المستخدمين عبر أنظمة شركة [اسم الشركة المصنعة] لحماية البيانات والأنظمة من الوصول غير المصرح به.

### 4.2 النطاق
تنطبق هذه السياسة على جميع الموظفين، والمقاولين، والاستشاريين، والجهات الخارجية التي تصل إلى أنظمة ومعلومات شركة [اسم الشركة المصنعة]، وكذلك على جميع الأنظمة والتطبيقات التي تتطلب المصادقة.

### 4.3 متطلبات كلمة المرور
تُعد كلمات المرور مكوناً حاسماً في أمن المعلومات، ويجب على جميع المستخدمين الالتزام بالمتطلبات التالية:

#### 4.3.1 تعقيد كلمة المرور
يجب أن تستوفي كلمات المرور المستخدمة في جميع أنظمة الشركة المعايير التالية:
*   الحد الأدنى للطول 12 حرفاً.
*   أن تحتوي على ثلاثة أنواع مختلفة على الأقل من أصل أربعة (أحرف كبيرة، أحرف صغيرة، أرقام، رموز خاصة).
*   يُحظر استخدام المعلومات الشخصية (مثل الاسم أو تاريخ الميلاد) أو الكلمات الشائعة من القاموس.

#### 4.3.2 انتهاء صلاحية كلمة المرور وتاريخها
*   يجب أن تنتهي صلاحية كلمات المرور بحد أقصى كل 90 يومًا.
*   لا يمكن للمستخدمين إعادة استخدام أي من آخر 12 كلمة مرور تم استخدامها.

#### 4.3.3 قفل الحساب
لحماية الحسابات من هجمات التخمين، سيتم قفل حساب المستخدم تلقائيًا بعد 5 محاولات فاشلة لتسجيل الدخول. وسيظل الحساب مغلقًا لمدة 30 دقيقة قبل أن يُسمح بمحاولات تسجيل دخول إضافية.

### 4.4 المصادقة متعددة العوامل (MFA)
تُعد المصادقة متعددة العوامل (MFA) إلزامية لجميع المستخدمين الذين يصلون إلى أنظمة الشركة عن بُعد، ولجميع الحسابات المميزة، وجميع أنظمة الإدارة. يجب استخدام طرق MFA المعتمدة مثل مفاتيح الأمان FIDO2، والرموز أحادية الوقت المستندة إلى الوقت (TOTP)، أو القياسات الحيوية المعتمدة.

### 4.5 إدارة الوصول المميز (PAM)
تطبق الشركة حلول إدارة الوصول المميز (PAM) لجميع الحسابات ذات الامتيازات العالية. يشمل ذلك الوصول في الوقت المناسب (JIT)، وتسجيل جلسات الوصول، وتطبيق مبدأ الامتياز الأقل. يجب استخدام حسابات إدارية منفصلة عن الحسابات العادية للمستخدمين. ستتم مراجعة جميع حسابات الوصول المميز بشكل ربع سنوي.

### 4.6 مراجعة السياسة
تُراجع هذه السياسة ربع سنويًا بواسطة مسؤول أمن المعلومات (CISO) للشركة. تغطي المراجعات فعالية السياسة، التهديدات الناشئة، والتحديثات التنظيمية لضمان استمرار ملاءمتها وفعاليتها.

### 4.7 الأدوار والمسؤوليات
*   **مسؤول أمن المعلومات (CISO):** مسؤول عن الإشراف العام على تنفيذ هذه السياسة ومراجعتها وتحديثها.
*   **قسم أمن تكنولوجيا المعلومات:** مسؤول عن تنفيذ المتطلبات الفنية لهذه السياسة وتقديم الدعم الفني.
*   **الموارد البشرية:** مسؤولة عن تدريب الموظفين الجدد والحاليين على هذه السياسة والتعامل مع أي انتهاكات لها وفقًا لإجراءات الشركة.
*   **جميع الموظفين والمقاولين:** مسؤولون عن الالتزام الصارم بجميع بنود هذه السياسة والإبلاغ الفوري عن أي انتهاكات أو حوادث أمنية.",partially_compliant,0.93,1,password_policy,0,0,0,0,0,1,0,0,0,0,0,0,0,0,0,0
pp_minor_ar_5_20260307133343,ar,"3.4 سياسة كلمات المرور

تهدف هذه السياسة إلى تحديد المتطلبات الدنيا لكلمات المرور وتدابير الحماية المرتبطة بها لضمان أمن أنظمة ومعلومات الشركة ضد الوصول غير المصرح به. تنطبق هذه السياسة على جميع الموظفين والمقاولين والجهات الخارجية التي تصل إلى أنظمة الشركة.

3.4.1 متطلبات تعقيد كلمات المرور
يجب أن تتراوح كلمات المرور للمستخدمين العاديين بين 4 و 8 أحرف. يجب أن تتكون كلمات المرور من أحرف أبجدية فقط (A-Z, a-z). يُسمح بتضمين معلومات شخصية (مثل الأسماء أو تواريخ الميلاد) في كلمات المرور.

3.4.2 انتهاء صلاحية كلمات المرور وإعادة استخدامها
يجب على المستخدمين تغيير كلمات المرور الخاصة بهم بحد أقصى كل 90 يومًا. لضمان التنوع، لا يجوز إعادة استخدام أي من آخر 12 كلمة مرور تم استخدامها بواسطة المستخدم.

3.4.3 سياسة قفل الحساب
لحماية الحسابات من هجمات التخمين، سيتم قفل الحساب تلقائيًا بعد 5 محاولات فاشلة لتسجيل الدخول. مدة القفل التلقائي للحساب هي 30 دقيقة، وبعدها يمكن للمستخدم إعادة المحاولة أو الاتصال بالدعم الفني لإعادة تعيين كلمة المرور.

3.4.4 المصادقة متعددة العوامل (MFA)
تعتبر المصادقة متعددة العوامل (MFA) إلزامية لجميع عمليات الوصول عن بُعد، ولجميع الحسابات ذات الامتيازات، وللوصول إلى أنظمة الإدارة الحرجة. تشمل طرق المصادقة متعددة العوامل المعتمدة FIDO2، وكلمات المرور لمرة واحدة المستندة إلى الوقت (TOTP)، والمقاييس الحيوية المعتمدة من قبل قسم أمن تقنية المعلومات.

3.4.5 إدارة الوصول المميز (PAM)
يجب استخدام حلول إدارة الوصول المميز (PAM) لجميع الحسابات ذات الامتيازات التي تصل إلى الأنظمة والبنية التحتية الحساسة. يجب أن يوفر هذا الحل وصولاً في الوقت المناسب (JIT)، وتسجيل الجلسات الكامل، وتطبيق مبدأ الحد الأدنى من الامتيازات. يجب استخدام حسابات منفصلة للمهام الإدارية، وتتم مراجعة أذونات الوصول المميز ربع سنويًا بواسطة فريق أمن تقنية المعلومات.

3.4.6 تخزين ونقل كلمات المرور
يجب تخزين كلمات المرور كنص عادي في قواعد بيانات الوصول. لا توجد متطلبات محددة لتشفير كلمات المرور عند التخزين أو النقل عبر الشبكة.

3.4.7 الأدوار والمسؤوليات والمراجعة الدورية
يتحمل كبير مسؤولي أمن المعلومات (CISO) المسؤولية النهائية عن إقرار هذه السياسة وتنفيذها. يلتزم فريق أمن تقنية المعلومات بتطبيق المتطلبات الفنية ومراقبة الامتثال. يضمن قسم الموارد البشرية تدريب الموظفين الجدد والحاليين على هذه السياسة. يتحمل جميع الموظفين مسؤولية الالتزام بهذه السياسة والإبلاغ عن أي انتهاكات أو مخاوف أمنية. تتم مراجعة هذه السياسة ربع سنويًا من قبل كبير مسؤولي أمن المعلومات (CISO) وفريق أمن تقنية المعلومات لضمان فعاليتها، ومواجهة التهديدات الناشئة، وتضمين التحديثات التنظيمية.",partially_compliant,0.87,2,password_policy,1,0,0,0,0,1,0,0,0,0,0,0,0,0,0,0
pp_minor_ar_6_20260307133412,ar,"**5.0 سياسة كلمات المرور**

تهدف هذه السياسة إلى تحديد المتطلبات والمعايير الدنيا لإنشاء كلمات المرور وتخزينها وإدارتها وحمايتها لجميع الأنظمة والتطبيقات والموارد التي تستخدمها شركة [اسم الشركة] (الشركة). تضمن هذه السياسة حماية أصول الشركة من الوصول غير المصرح به وتقلل من مخاطر الانتهاكات الأمنية.

**5.1 متطلبات تعقيد كلمات المرور**

يجب على جميع المستخدمين الالتزام بالمتطلبات التالية عند إنشاء كلمات المرور:
*   يجب أن يكون الحد الأدنى لطول كلمة المرور 4 أحرف والحد الأقصى 8 أحرف.
*   يجب أن تتكون كلمات المرور من أحرف أبجدية فقط (A-Z, a-z).
*   يُسمح باستخدام المعلومات الشخصية التي يسهل تخمينها (مثل أسماء أفراد العائلة أو تواريخ الميلاد) في كلمات المرور.
*   يجب تغيير كلمات المرور بحد أقصى كل 90 يومًا.
*   لا يُسمح بإعادة استخدام أي من آخر 12 كلمة مرور تم استخدامها.

**5.2 آليات الحماية**

*   **قفل الحساب:** يتم قفل الحساب تلقائيًا بعد 5 محاولات تسجيل دخول فاشلة متتالية. يظل الحساب مقفلاً لمدة 30 دقيقة قبل أن يُسمح بمحاولات تسجيل دخول إضافية.
*   **المصادقة متعددة العوامل (MFA):** المصادقة متعددة العوامل (MFA) إلزامية لجميع المستخدمين عند الوصول عن بُعد إلى أنظمة الشركة، ولجميع الحسابات المميزة، وللوصول إلى أنظمة الإدارة والبنية التحتية الحيوية. تشمل طرق المصادقة متعددة العوامل المعتمدة: مفاتيح الأمان FIDO2، ورموز المرور لمرة واحدة المستندة إلى الوقت (TOTP)، والقياسات الحيوية.
*   **إدارة الوصول المميز (PAM):** يتم استخدام حل إدارة الوصول المميز (PAM) لجميع الحسابات المميزة. يفرض هذا الحل الوصول في الوقت المناسب (JIT)، وتسجيل جلسات العمل، ومبدأ الحد الأدنى من الامتيازات، واستخدام حسابات إدارية منفصلة. تتم مراجعة تكوينات وإعدادات PAM ربع سنويًا.

**5.3 تخزين ونقل كلمات المرور**

لا يتم تخزين كلمات المرور أبدًا بنص واضح. يتم تخزين جميع كلمات المرور في شكل تجزئة باستخدام خوارزميات التجزئة الحديثة والمقاومة للتكسير مثل Argon2 أو bcrypt أو scrypt، مع استخدام الملح (salt). يتم نقل كلمات المرور عبر قنوات مشفرة باستخدام بروتوكول TLS 1.2 أو إصدارات أحدث لضمان السرية والنزاهة.

**5.4 الأدوار والمسؤوليات**

*   **مسؤول أمن المعلومات (CISO):** مسؤول عن الإشراف على تطوير هذه السياسة وتطبيقها ومراجعتها.
*   **أمن تكنولوجيا المعلومات:** مسؤول عن تنفيذ الضوابط التقنية لفرض هذه السياسة ومراقبة الامتثال لها.
*   **الموارد البشرية:** مسؤولة عن ضمان دمج متطلبات السياسة في برامج توعية الموظفين وتدريبهم.
*   **الموظفون:** مسؤولون عن فهم هذه السياسة والالتزام بها وحماية كلمات المرور الخاصة بهم.

**5.5 مراجعة السياسة**

تتم مراجعة هذه السياسة ربع سنويًا بواسطة مسؤول أمن المعلومات (CISO) بالتعاون مع فريق أمن تكنولوجيا المعلومات، لضمان فعاليتها، ومواكبتها للتهديدات الناشئة، وتوافقها مع المتطلبات التنظيمية الجديدة في قطاع الطاقة.",partially_compliant,0.93,1,password_policy,1,0,0,0,0,0,0,0,0,0,0,0,0,0,0,0
pp_minor_ar_7_20260307133448,ar,"5.0 سياسة كلمات المرور والمصادقة

تهدف هذه السياسة إلى ضمان حماية موارد المنظمة من خلال فرض معايير قوية لإنشاء كلمات المرور وإدارتها واستخدامها بشكل آمن، وذلك لتقليل مخاطر الوصول غير المصرح به.

5.1 متطلبات تعقيد كلمة المرور
يجب أن تتوافق جميع كلمات المرور الخاصة بالمستخدمين مع المتطلبات التالية:
*   الحد الأدنى 12 حرفًا.
*   احتواء ما لا يقل عن ثلاثة من الأنواع الأربعة التالية من الأحرف: أحرف كبيرة (A-Z)، أحرف صغيرة (a-z)، أرقام (0-9)، أحرف خاصة (!@#$%^&*).
*   يجب ألا تحتوي على معلومات شخصية قابلة للتحديد بسهولة (مثل الاسم، تاريخ الميلاد، رقم الهوية).
*   يجب ألا تكون من كلمات القاموس الشائعة أو المتتاليات المتوقعة.

5.2 انتهاء صلاحية كلمة المرور وإعادة الاستخدام
*   يجب تغيير كلمات المرور الخاصة بالمستخدمين كل 90 يومًا كحد أقصى.
*   يجب ألا تكون كلمة المرور الجديدة واحدة من آخر 12 كلمة مرور تم استخدامها للحساب.

5.3 سياسة قفل الحساب
للحماية من هجمات تخمين كلمات المرور، سيتم قفل حسابات المستخدمين بعد 20 محاولة فاشلة متتالية أو أكثر لتسجيل الدخول. سيتم إعادة فتح الحسابات المقفلة تلقائيًا بعد 5 دقائق من القفل.

5.4 المصادقة متعددة العوامل (MFA)
تعد المصادقة متعددة العوامل إلزامية لـ:
*   جميع عمليات الوصول عن بُعد إلى أنظمة وموارد المنظمة.
*   جميع الحسابات ذات الامتيازات (المسؤولين، المشرفين، حسابات الخدمات).
*   الوصول إلى أنظمة الإدارة والبنية التحتية الحيوية.
تتضمن طرق المصادقة متعددة العوامل المعتمدة: مفاتيح FIDO2، كلمات المرور لمرة واحدة المستندة إلى الوقت (TOTP)، وطرق المصادقة البيومترية المعتمدة.

5.5 إدارة الوصول المميز
لأغراض الكفاءة التشغيلية، قد يتم مشاركة بعض حسابات المسؤولين (Administrative Accounts) بين موظفي تكنولوجيا المعلومات المصرح لهم. لا يتم تطبيق مراقبة جلسات مستخدمي الامتيازات بشكل افتراضي لجميع الأنشطة.

5.6 تخزين و حماية كلمات المرور
يجب تشفير جميع كلمات المرور المخزنة في أنظمة المنظمة باستخدام خوارزميات تجزئة آمنة مثل Argon2 أو bcrypt أو scrypt، مع استخدام ""salt"" فريد لكل كلمة مرور. يجب نقل كلمات المرور عبر قنوات مشفرة باستخدام TLS 1.2 أو إصدارات أحدث فقط. يحظر تخزين كلمات المرور كنص عادي.

5.7 مراجعة السياسة والأدوار والمسؤوليات

5.7.1 مراجعة السياسة
يجب مراجعة هذه السياسة ربع سنويًا من قبل كبير مسؤولي أمن المعلومات (CISO). تشمل المراجعة: فعالية السياسة، تقييم التهديدات الناشئة، وتحديثات اللوائح والمعايير ذات الصلة.

5.7.2 الأدوار والمسؤوليات
*   **كبير مسؤولي أمن المعلومات (CISO):** مسؤول عن الإشراف العام على هذه السياسة، وضمان فعاليتها والامتثال لها.
*   **أمن تكنولوجيا المعلومات:** مسؤول عن تنفيذ السياسة وتكوين الأنظمة والتطبيقات لفرض متطلباتها.
*   **الموارد البشرية:** مسؤول عن دمج متطلبات السياسة في برامج التوعية والتدريب للموظفين الجدد والحاليين.
*   **الموظفون:** مسؤولون عن فهم هذه السياسة والالتزام بها، والإبلاغ الفوري عن أي انتهاكات أمنية أو مخاوف.",partially_compliant,0.87,2,password_policy,0,0,1,0,1,0,0,0,0,0,0,0,0,0,0,0
pp_minor_ar_8_20260307133524,ar,"**4.5 سياسة كلمات المرور**

تحدد هذه السياسة المتطلبات الدنيا لإنشاء كلمات المرور وتخزينها واستخدامها في الشركة لضمان حماية المعلومات الحساسة وأنظمتها. ينطبق هذا على جميع الموظفين والمقاولين والأنظمة التي تتطلب مصادقة بكلمة مرور.

**4.5.1 متطلبات تعقيد كلمة المرور**
يجب أن تستوفي جميع كلمات المرور المتطلبات التالية:
*   الحد الأدنى 12 حرفًا.
*   احتواء ما لا يقل عن ثلاثة من الأنواع الأربعة التالية من الأحرف: أحرف كبيرة (A-Z)، أحرف صغيرة (a-z)، أرقام (0-9)، أحرف خاصة (!@#$%^&*).
*   عدم استخدام معلومات شخصية يمكن تخمينها بسهولة (مثل أسماء المستخدمين أو تواريخ الميلاد) أو كلمات موجودة في القاموس.

**4.5.2 انتهاء صلاحية كلمة المرور وإعادة استخدامها**
*   يجب تغيير كلمات المرور بحد أقصى كل 90 يومًا.
*   لا يجوز إعادة استخدام أي من كلمات المرور الـ 12 الأخيرة التي تم استخدامها.

**4.5.3 قفل الحساب**
*   سيتم قفل حساب المستخدم تلقائيًا بعد 5 محاولات فاشلة متتالية لتسجيل الدخول.
*   مدة قفل الحساب هي 30 دقيقة، وبعدها يمكن للمستخدم إعادة المحاولة أو الاتصال بقسم تقنية المعلومات لإعادة تعيين كلمة المرور.

**4.5.4 المصادقة متعددة العوامل (MFA)**
*   تعد المصادقة متعددة العوامل إلزامية لجميع عمليات الوصول عن بعد، ولحسابات الامتياز، وللوصول إلى أنظمة الإدارة الحرجة.
*   تشمل طرق المصادقة متعددة العوامل المعتمدة: مفاتيح الأمان FIDO2، ورموز TOTP، والقياسات الحيوية.

**4.5.5 تخزين ونقل كلمات المرور**
*   يجب تخزين كلمات المرور بطريقة تجزئة أحادية الاتجاه (hashing) باستخدام خوارزميات قوية مثل Argon2 أو bcrypt أو scrypt، مع استخدام ""ملح"" (salt) فريد لكل كلمة مرور.
*   يجب نقل كلمات المرور عبر قنوات مشفرة فقط باستخدام بروتوكول TLS 1.2 أو أحدث.
*   لا يجوز تخزين كلمات المرور كنص عادي (plaintext) في أي نظام أو سجل.

**4.5.6 إدارة حسابات الامتياز**
يجب أن يتم التعامل مع حسابات المسؤولين (Administrator Accounts) بعناية فائقة. تُستخدم هذه الحسابات من قبل فرق تقنية المعلومات لأداء مهام الإدارة الضرورية. يجب التأكد من أن فرق تقنية المعلومات تتبع إجراءات التشغيل القياسية لحمايتها. لا يتم حاليًا مراقبة جلسات هذه الحسابات بشكل فردي. في بعض الحالات، قد تشترك الفرق في استخدام حسابات إدارية عامة لتسهيل العمليات.

**4.5.7 الأدوار والمسؤوليات**
تتحمل إدارة تقنية المعلومات (IT Department) مسؤولية تنفيذ هذه السياسة وتطبيقها على جميع أنظمة الشركة. يُتوقع من جميع الموظفين الالتزام التام بمتطلبات هذه السياسة، وتتحمل فرق تقنية المعلومات مسؤولية دعمهم في ذلك.

**4.5.8 مراجعة السياسة**
ستتم مراجعة هذه السياسة ربع سنويًا من قبل رئيس أمن المعلومات (CISO) بالتعاون مع فرق تق",partially_compliant,0.87,2,password_policy,0,0,0,0,1,0,0,1,0,0,0,0,0,0,0,0
pp_minor_ar_9_20260307133557,ar,"**5. سياسة كلمات المرور والمصادقة**

تلتزم منظمة [اسم المنظمة] بحماية بيانات المرضى الحساسة وأنظمة المعلومات الصحية من الوصول غير المصرح به. تحدد هذه السياسة المتطلبات الدنيا لإنشاء كلمات مرور قوية وإدارتها واستخدامها عبر جميع أنظمة وتطبيقات المنظمة لضمان الامتثال للوائح المعمول بها ومعايير الصناعة.

**5.1. متطلبات تعقيد كلمات المرور**
يجب أن تفي جميع كلمات المرور بالمتطلبات التالية:
أ. الحد الأدنى للطول: 12 حرفاً.
ب. يجب أن تتضمن أحرفاً من ثلاث فئات على الأقل من الفئات الأربع التالية: أحرف كبيرة (A-Z)، أحرف صغيرة (a-z)، أرقام (0-9)، أحرف خاصة (!@#$%^&*).
ج. يُحظر استخدام المعلومات الشخصية (مثل الاسم أو تاريخ الميلاد) وكلمات القواميس (سواء باللغة العربية أو الإنجليزية) والسلاسل المتتابعة أو المتكررة.

**5.2. انتهاء صلاحية كلمات المرور وسجلها**
أ. يجب أن تنتهي صلاحية كلمات المرور بحد أقصى كل 90 يوماً.
ب. لا يجوز إعادة استخدام أي من آخر 12 كلمة مرور سابقة.

**5.3. سياسة قفل الحساب**
للحماية من هجمات التخمين، سيتم قفل الحساب مؤقتاً لمدة 5 دقائق بعد 20 محاولة فاشلة متتالية لتسجيل الدخول.

**5.4. المصادقة متعددة العوامل (MFA)**
المصادقة متعددة العوامل إلزامية لـ:
أ. جميع عمليات الوصول عن بعد إلى شبكة المنظمة وأنظمتها.
ب. جميع الحسابات المميزة (حسابات المسؤولين).
ج. جميع أنظمة الإدارة الأساسية.
تشمل طرق المصادقة متعددة العوامل المعتمدة: مفاتيح الأمان FIDO2، والمصادقة المستندة إلى الوقت لمرة واحدة (TOTP)، والقياسات الحيوية المعتمدة.

**5.5. إدارة الوصول المميز (PAM)**
تستخدم المنظمة حل إدارة الوصول المميز لجميع الحسابات المميزة. يتضمن ذلك توفير وصول Just-In-Time (JIT) على أساس أقل الامتيازات، وتسجيل جلسات العمل، ومراجعة ربع سنوية لامتيازات الوصول. يجب أن تكون حسابات المسؤول منفصلة عن حسابات المستخدمين القياسية.

**5.6. تخزين ونقل كلمات المرور**
يجب تخزين كلمات المرور بطريقة مجزأة باستخدام خوارزميات قوية مثل Argon2 أو bcrypt أو scrypt مع إضافة ""ملح"" فريد لكل كلمة مرور. يجب ألا يتم تخزين كلمات المرور كنص عادي أبداً. يجب أن يتم نقل كلمات المرور عبر قنوات مشفرة باستخدام TLS 1.2 أو إصدارات أحدث.

**5.7. الأدوار والمسؤوليات**
أ. **المدير التنفيذي لأمن المعلومات (CISO):** مسؤول عن ملكية السياسة، الموافقة، والمراجعة ربع السنوية.
ب. **فريق أمن تكنولوجيا المعلومات:** مسؤول عن تنفيذ السياسة، المراقبة، والاستجابة للحوادث.
ج. **الموارد البشرية:** مسؤول عن توصيل السياسة للموظفين الجدد والحاليين، وإدارة إجراءات إنهاء الخدمة.
د. **جميع الموظفين:** مسؤولون عن فهم السياسة والالتزام بها والإبلاغ عن أي نشاط مشبوه.

**5.8. مراجعة السياسة**
تتم مراجعة هذه السياسة بشكل ربع سنوي بواسطة المدير التنفيذي لأمن المعلومات (CISO) لضمان فعاليتها، ومعالجة التهديدات الناشئة، وتحديثها بما يتماشى مع التغييرات التنظيمية والتشريعية.",partially_compliant,0.96,1,password_policy,0,0,1,0,0,0,0,0,0,0,0,0,0,0,0,0
pp_minor_ar_10_20260307133631,ar,"**3.0 سياسة كلمات المرور**

تهدف هذه السياسة إلى تحديد المتطلبات الدنيا لكلمات المرور المستخدمة لحماية أنظمة وبيانات المؤسسة التعليمية ""النمو الرقمي"" من الوصول غير المصرح به. يسري هذا على جميع الموظفين والطلاب والمتعاقدين الذين يصلون إلى موارد تكنولوجيا المعلومات.

**3.1 متطلبات تعقيد كلمات المرور:**
يجب أن تفي كلمات المرور بالمعايير التالية:
أ. الحد الأدنى 12 حرفًا.
ب. يجب أن تحتوي على ثلاثة أنواع على الأقل من أصل أربعة أنواع من الأحرف (أحرف كبيرة، أحرف صغيرة، أرقام، رموز خاصة).
ج. لا يجوز أن تحتوي على معلومات شخصية (مثل الاسم أو تاريخ الميلاد) أو كلمات موجودة في القواميس الشائعة.

**3.2 صلاحية كلمات المرور وتاريخها:**
يجب على المستخدمين تغيير كلمات المرور الخاصة بهم مرة واحدة على الأقل سنويًا. يجب أن يتذكر النظام آخر ثلاث كلمات مرور مستخدمة ويمنع إعادة استخدامها.

**3.3 سياسة قفل الحساب:**
سيتم قفل حساب المستخدم تلقائيًا لمدة 30 دقيقة بعد 5 محاولات فاشلة لتسجيل الدخول.

**3.4 المصادقة متعددة العوامل (MFA):**
أ. المصادقة متعددة العوامل (MFA) إلزامية لجميع عمليات الوصول عن بُعد، والحسابات المميزة، وأنظمة الإدارة.
ب. تشمل الطرق المعتمدة FIDO2 وTOTP (كلمة المرور لمرة واحدة المستندة إلى الوقت) والقياسات الحيوية.

**3.5 إدارة الوصول المميز (PAM):**
أ. يجب أن تتم إدارة الوصول إلى الأنظمة الحساسة والمتميزة باستخدام حل إدارة الوصول المميز (PAM).
ب. يتطلب الوصول المميز استخدام حسابات إدارة منفصلة عن حسابات المستخدمين العادية، مع تطبيق مبدأ الامتياز الأقل.
ج. يجب أن يكون الوصول في الوقت المناسب (JIT) مع تسجيل جلسات العمل لجميع الأنشطة المميزة.
د. تتم مراجعة الأذونات المميزة بشكل ربع سنوي لضمان الامتثال.

**3.6 الأدوار والمسؤوليات:**
أ. **المدير التنفيذي لأمن المعلومات (CISO):** مسؤول عن الإشراف على هذه السياسة ومراجعتها.
ب. **فريق أمن تكنولوجيا المعلومات:** مسؤول عن تنفيذ الضوابط التقنية لهذه السياسة ومراقبتها.
ج. **الموارد البشرية:** مسؤولة عن دمج متطلبات كلمات المرور في إجراءات التوظيف والإنهاء.
د. **جميع الموظفين والمستخدمين:** مسؤولون عن الامتثال لهذه السياسة والإبلاغ عن أي حوادث أمنية.

**3.7 مراجعة السياسة:**
تتم مراجعة هذه السياسة ربع سنويًا من قبل المدير التنفيذي لأمن المعلومات (CISO) لتقييم فعاليتها، ومعالجة التهديدات الناشئة، وتحديثها لتتوافق مع التغييرات التنظيمية.",partially_compliant,0.89,2,password_policy,0,1,0,0,0,1,0,0,0,0,0,0,0,0,0,0
ra_minor_en_3_20260307133658,en,"## 4.0 Information Security Risk Assessment

### 4.1 Policy Statement

GlobalMed is committed to safeguarding patient data, intellectual property, and operational continuity through proactive information security risk management. This policy outlines the framework for identifying, assessing, and treating information security risks across all GlobalMed entities and operations worldwide.

### 4.2 Risk Assessment Process

While GlobalMed routinely looks into potential security concerns identified through various channels, the specific approach to comprehensively assessing risk is typically developed on a case-by-case basis depending on the specific project or issue at hand. Risk identification generally begins with an awareness of potential issues flagged by operational teams or IT support.

For identified risks, the assessment involves evaluating both the likelihood of a threat exploiting a vulnerability and the potential impact. Likelihood is rated on a 5-point scale: 1 (Very Low), 2 (Low), 3 (Medium), 4 (High), 5 (Very High). Impact is also rated on a 5-point scale: 1 (Negligible), 2 (Minor), 3 (Moderate), 4 (Severe), 5 (Catastrophic). A standardized Risk Matrix combines these scores to determine the overall risk level (e.g., Low, Medium, High, Critical).

Mandatory risk assessments must be conducted for:
*   Early-stage technology projects and system implementations.
*   Before significant infrastructure changes or upgrades.
*   During the planning and onboarding phases for new third-party vendors.
*   Prior to the release of new services or major application updates.

### 4.3 Risk Treatment

Identified risks are evaluated for appropriate treatment based on their assessed level. The four available treatment options are:
*   **Accept:** Acknowledging the risk and taking no further action, with formal approval from the relevant business owner.
*   **Mitigate:** Implementing controls to reduce the likelihood or impact of the risk to an acceptable level.
*   **Transfer:** Shifting the risk to another party, typically through insurance or contractual agreements.
*   **Avoid:** Eliminating the risk by discontinuing the activity or process that generates it.

All selected risk treatment plans must be documented, specifying the chosen option, rationale, required actions, responsible parties, and target completion dates.

### 4.4 Risk Management and Review

All identified risks and their corresponding treatment plans are recorded in a central Risk Register. The register includes a unique Risk ID, detailed description, assigned risk owner, assessed likelihood, impact, final risk score, chosen treatment, current status, and scheduled review date. The effectiveness of risk treatments and the overall risk posture are subject to a minimum annual review, or whenever significant regulatory changes or critical incidents occur. Review authority rests with the GlobalMed Information Security Steering Committee. Furthermore, risk assessment processes are integrated into project management gates (initiation, planning, and go-live phases) and contribute directly to Business Continuity Management planning.",partially_compliant,0.84,2,risk_assessment,0,0,0,0,0,0,0,0,1,1,0,0,0,0,0,0
ra_minor_en_4_20260307133734,en,"## 4.0 Information Security Risk Management

This section establishes the framework for identifying, assessing, and managing information security risks across [Company Name] operations, protecting assets and ensuring business continuity.

## 4.1 Risk Identification Procedures

Formal procedures are in place to systematically identify and categorize assets, including their classification and business value. Threats to these assets are identified through ongoing intelligence gathering and incident analysis. Vulnerabilities are identified via security audits, penetration testing, and routine vulnerability scanning.

## 4.2 Risk Assessment Methodology

When a potential risk is identified, the Information Security Team evaluates its characteristics. This evaluation primarily relies on the expertise and judgment of team members to understand the specific context. Likelihood and impact are assessed using a defined five-point scale (Very Low to Very High; Negligible to Catastrophic). These scores combine via a standard risk matrix to determine the overall risk level (e.g., Low, Medium, High, Critical). While risks are thoroughly investigated, there is no single, formally documented methodology for the entire assessment process, nor is there a defined approval process for the methodology itself.

## 4.3 Risk Treatment

Once a risk is assessed and its level determined, appropriate action will be taken to manage the risk according to its criticality and business context, aiming to reduce it to an acceptable level for [Company Name].

## 4.4 Mandatory Risk Assessment Triggers

Risk assessments are mandatory and must be conducted prior to:
*   The early stages of new technology projects or significant system upgrades.
*   Major changes to IT infrastructure, network architecture, or operational technology (OT) systems.
*   Engaging new third-party service providers accessing [Company Name] data or systems.
*   The release of new services or products processing sensitive information.

## 4.5 Risk Register and Review

All identified risks, their assessments, and proposed actions are recorded in the central Risk Register. Each entry includes a unique Risk ID, detailed description, assigned owner, assessed likelihood, impact, derived risk score, proposed treatment, current status, and scheduled review date. The Information Security Steering Committee (ISSC) reviews the Register annually, at a minimum, and additionally when significant regulatory changes or new threats emerge.

## 4.6 Integration with Business Processes

Risk assessment is a mandatory component integrated into the project management lifecycle at initiation, planning, and pre-go-live gates. Assessments are also incorporated directly into Business Continuity Management (BCM) planning.",partially_compliant,0.84,2,risk_assessment,0,0,0,0,0,0,0,0,1,0,0,1,0,0,0,0
ra_minor_en_5_20260307133757,en,"**4.0 INFORMATION SECURITY RISK MANAGEMENT**

**4.1 Risk Assessment Procedures**
To ensure the systematic identification, analysis, and evaluation of information security risks, all departments and projects at Innovatech Solutions Inc. (""Innovatech"") shall follow established risk assessment procedures. These procedures are vital for protecting Innovatech's information assets and supporting business continuity.

**4.1.1 Risk Identification**
Risk identification procedures involve:
*   **Asset Identification and Valuation:** All information assets (hardware, software, data, services, personnel) are identified, categorized by criticality, and valued based on their importance to Innovatech's operations. This includes assigning ownership.
*   **Threat Identification:** Potential threats, both internal and external, deliberate and accidental, are identified through threat intelligence feeds, incident reports, and expert consultations.
*   **Vulnerability Identification:** Known vulnerabilities in systems, applications, and processes are identified through security assessments, penetration testing, and vulnerability scanning.

**4.1.2 Risk Analysis and Evaluation**
Identified risks are analyzed using a defined 5-point scale for both likelihood (Very Low to Very High) and impact (Very Low to Very High) based on factors like data confidentiality, integrity, availability, financial loss, and reputational damage. The combined likelihood and impact scores are mapped to a risk matrix to determine the overall risk level (e.g., Low, Medium, High, Critical). Risk assessments are generally performed on a case-by-case basis as issues arise or are identified through general oversight.

**4.1.3 Risk Treatment**
For each identified risk, a suitable treatment option is selected:
*   **Accept:** Risk is acknowledged and tolerated without further action, with formal approval from asset owners and relevant stakeholders.
*   **Mitigate:** Controls are implemented to reduce the likelihood or impact of the risk.
*   **Transfer:** Risk is shifted to a third party (e.g., insurance, outsourcing).
*   **Avoid:** Activities giving rise to the risk are ceased or avoided.
Documented treatment plans, including timelines and assigned responsibilities, are mandatory for all mitigated and transferred risks.

**4.2 Mandatory Assessment Triggers**
Risk assessments are mandatory for the following scenarios:
*   Early-stage development of new technological projects or services.
*   Prior to significant changes to network infrastructure or critical systems.
*   During the planning and onboarding stages for new third-party vendors or services.
*   Before the release of any new software versions, applications, or public-facing services.

**4.3 Risk Register and Documentation**
All identified risks, along with their assessment details, are documented in the central Risk Register. Each entry in the Risk Register must include a unique Risk ID, detailed description, assigned owner, assessed likelihood, impact, overall risk score, chosen treatment option, current status, and scheduled review date.

**4.4 Review and Monitoring**
The Information Security Steering Committee is responsible for reviewing the overall risk posture and the effectiveness of controls. The Risk Register is formally reviewed at least annually, or immediately following significant regulatory changes or major security incidents.

**4.5 Integration with Project Management**
Risk assessment activities are integrated into key project management gates, including project initiation, detailed planning, and pre-go-live stages. Furthermore, risk findings directly inform and integrate with Innovatech's Business Continuity Management (BCM) planning.",non_compliant,0.51,8,risk_assessment,1,1,1,1,1,1,1,1,0,0,0,0,0,0,0,0
ra_minor_en_6_20260307133825,en,"### 4.0 Information Security Risk Assessment

**4.1 Purpose and Scope**
GlobalCom is committed to systematically identifying, analyzing, evaluating, and treating information security risks to protect its information assets, systems, services, and customer data. This section outlines the requirements for conducting Information Security Risk Assessments across all business units, technology projects, and third-party engagements.

**4.2 Risk Assessment Methodology**
GlobalCom utilizes a formal, documented, and executive-approved Information Security Risk Management Methodology. This methodology, accessible via the Information Security intranet portal, incorporates both qualitative and quantitative approaches to assess potential impacts and likelihoods of information security incidents on business operations and regulatory compliance.

**4.3 Risk Identification**
Information security risks are identified through internal assessments and stakeholder input from relevant business and technical teams. The objective is to compile a comprehensive understanding of potential threats and vulnerabilities that could impact GlobalCom's operational continuity, data confidentiality, integrity, and availability.

**4.4 Risk Analysis and Evaluation**
Risks are analyzed using a defined 5-point scale for both likelihood of occurrence and potential business impact. These scores are combined using an approved risk matrix to determine overall risk levels (e.g., Low, Medium, High, Critical), guiding subsequent treatment decisions.

**4.5 Risk Treatment**
Identified risks are subject to one of four treatment options: Avoid, Mitigate, Transfer, or Accept. Selection criteria for each option are documented within the methodology, and approved treatment plans, detailing actions, responsibilities, and timelines, are developed for all risks requiring action.

**4.6 Risk Register**
All identified risks, along with their assigned treatment plans, are recorded in the central Information Security Risk Register. Each entry includes a unique Risk ID, detailed description, designated Risk Owner, assessed likelihood, impact, derived risk score, chosen treatment option, current status, and scheduled review date.

**4.7 Mandatory Assessment Triggers**
Formal risk assessments are mandatory and must be conducted at key points: during the early stages of all new technology projects, prior to significant infrastructure changes, as part of third-party vendor onboarding and ongoing management, and before the release of new services.

**4.8 Review and Integration**
The Information Security Risk Register and associated assessments are reviewed at least annually by the CISO's office. Reviews are also triggered by significant regulatory changes or major security incidents. Risk assessment activities are integrated into GlobalCom's project management gates (initiation, planning, go-live) and are a core component of the Business Continuity Management (BCM) program.",partially_compliant,0.93,1,risk_assessment,0,0,0,0,0,0,0,0,0,1,0,0,0,0,0,0
ra_minor_en_7_20260307133854,en,"## 2.0 Information System Risk Management

### 2.1 Information System Risk Assessment Policy

The Regional Administrative Services Agency (RASA) is committed to identifying, assessing, and managing risks to its information systems and data assets to protect their confidentiality, integrity, and availability. This policy establishes the framework for conducting comprehensive risk assessments across all Agency information systems and associated data.

### 2.2 Risk Assessment Methodology

All information system risk assessments shall follow the formal 'Regional Cybersecurity Risk Management Framework (RCRMF) v2.1,' which has been approved by the Agency Director for Information Technology. This framework mandates a structured approach encompassing both qualitative and quantitative analyses. Risk identification procedures require the comprehensive identification and valuation of information assets, followed by the identification of relevant threats and existing vulnerabilities that could impact these assets. The likelihood of a threat exploiting a vulnerability and its potential impact shall be assessed using a defined 5-point scale (1=Very Low, 5=Very High) for each. Combined likelihood and impact scores will be mapped against an approved risk matrix to determine the inherent risk level (Low, Moderate, High, Critical).

### 2.3 Risk Treatment Options

Identified risks categorized as Moderate, High, or Critical must undergo formal treatment planning. The Agency recognizes four primary risk treatment options: Accept, Mitigate, Transfer, or Avoid. Selection criteria for each option are detailed within the RCRMF v2.1. For all chosen treatment options, a documented risk treatment plan outlining specific actions, responsible parties, and timelines must be developed and approved by the designated risk owner.

### 2.4 Risk Register and Review

All identified risks, regardless of their assessed level, shall be recorded in the official Agency Risk Register. Each entry in the Risk Register must include a unique Risk ID, detailed description, assigned risk owner, initial likelihood and impact scores, calculated risk score, chosen treatment option, current status, and scheduled review date. The Agency Risk Register shall be reviewed and updated by the Cybersecurity Office no less than annually. Additional reviews are mandated upon significant changes in regulatory requirements or governing directives concerning information security.

### 2.5 Assessment Frequency

Risk assessments for information systems and related data assets are conducted periodically to ensure ongoing risk awareness. Ad-hoc assessments may also be initiated when deemed necessary by system owners or the Cybersecurity Office to address emerging concerns or specific operational requirements.",partially_compliant,0.87,2,risk_assessment,0,0,0,0,0,0,0,0,0,0,0,0,1,0,0,1
ra_minor_en_8_20260307133926,en,"**2.0 Information Security Risk Assessment**

**2.1 Purpose and Scope**
This section outlines the Bank's framework for identifying, analyzing, evaluating, and treating information security risks to protect information assets and support strategic objectives. All departments, business units, and third-party partners involved in processing or storing the Bank’s data are subject to these requirements.

**2.2 Risk Assessment Methodology**
The Bank employs a formal, documented Information Security Risk Assessment Methodology, approved by the Chief Information Security Officer and senior management. This methodology incorporates both qualitative and quantitative approaches to ensure comprehensive risk evaluation. Risk likelihood and impact are assessed using a defined 5-point scale, where 1 signifies ""Very Low"" and 5 ""Very High."" A risk matrix maps the combined likelihood and impact scores to assign an overall risk level (e.g., Low, Medium, High, Critical). Risk identification is performed regularly to capture emerging threats and vulnerabilities.

**2.3 Risk Treatment Options**
Identified and assessed risks must undergo a treatment decision, with documented justification. The Bank recognizes four primary risk treatment options:
    a.  **Accept:** Acknowledging the risk and choosing to take no further action, typically for low-level risks or where treatment cost outweighs potential impact.
    b.  **Mitigate:** Implementing controls to reduce the likelihood or impact of the risk to an acceptable level.
    c.  **Transfer:** Shifting the financial or operational impact of a risk to another party (e.g., through insurance or outsourcing agreements).
    d.  **Avoid:** Eliminating the risk by discontinuing the activity that gives rise to it.
All mitigation efforts must be documented in a formal treatment plan, including assigned responsibilities and timelines.

**2.4 Mandatory Risk Assessment Triggers**
Information security risk assessments are mandatory and must be initiated under the following circumstances:
    a.  Prior to the early-stage development or adoption of new technology projects.
    b.  Before the implementation of significant changes to core infrastructure or network architecture.
    c.  During the planning and onboarding phases of new third-party vendors or services.
    d.  Prior to the release of new customer-facing products or services.

**2.5 Risk Register and Review**
All identified and assessed risks, along with their chosen treatment plans, must be recorded in the central Information Security Risk Register. The register must include, at a minimum: Risk ID, detailed description, assigned owner, likelihood score, impact score, overall risk level, chosen treatment option, current status, and scheduled review date. The Information Security Risk Register shall be formally reviewed at least annually by the Information Security Steering Committee. Ad-hoc reviews will be triggered by significant regulatory changes or major security incidents.",non_compliant,0.51,8,risk_assessment,1,1,1,1,1,1,1,1,0,0,0,0,0,0,0,0
ra_minor_en_9_20260307133957,en,"2.0 INFORMATION SECURITY RISK MANAGEMENT

2.1 Purpose and Scope
This section outlines [Healthcare Organization Name]'s formal approach to identifying, assessing, and managing information security risks across all information systems, data, and processes. The scope encompasses all organizational units, departments, and third-party relationships involving the processing, storage, or transmission of Protected Health Information (PHI) and other sensitive organizational data.

2.2 Risk Assessment Methodology
[Healthcare Organization Name] employs a formal, documented risk assessment methodology, approved by the Chief Information Security Officer (CISO) and the Executive Leadership Team. This methodology incorporates both qualitative and quantitative analyses to provide a comprehensive understanding of potential risks. Documented procedures guide the identification and valuation of information assets, the identification of potential threats, and the pinpointing of system and process vulnerabilities. Risk analysis utilizes a predefined 5-point scale for assessing the likelihood of a risk event occurring and its potential impact on confidentiality, integrity, and availability. These scores are mapped to a standardized risk matrix to determine the overall inherent risk level (e.g., Low, Moderate, High, Critical).

2.3 Risk Treatment and Management
For identified risks, four primary treatment options are available: Accept, Mitigate, Transfer, or Avoid. Selection of a treatment option is based on predefined criteria, including cost-benefit analysis, regulatory requirements, and organizational risk tolerance. Documented treatment plans are required for all risks deemed Moderate or higher, outlining specific actions, timelines, and responsible parties. All identified risks and their associated treatment plans must be documented and assigned for resolution.

2.4 Mandatory Risk Assessment Triggers and Review
Mandatory risk assessments shall be conducted for:
    a. Early-stage technology projects and initiatives.
    b. Prior to any major infrastructure changes, upgrades, or decommissioning.
    c. Before engaging with new third-party vendors or services that access, process, or store organizational data.
    d. Before the release of new patient-facing or internal service offerings.
Risk assessments shall be reviewed at least annually by the Information Security Department to ensure continued relevance and effectiveness. Reviews will also be triggered by significant changes in regulatory requirements, industry best practices, or the organizational threat landscape.",partially_compliant,0.91,2,risk_assessment,0,0,0,0,0,0,0,0,0,0,0,0,0,1,0,1
ra_minor_en_10_20260307134028,en,"**4.0 Information Risk Assessment**

**4.1 Purpose and Scope**
This section defines the Institute’s approach to identifying, analyzing, and evaluating information security risks to its assets, operations, and mission. The scope covers all information systems, data, and processes managed or utilized by the Regional Research Institute, ensuring comprehensive coverage across all departments and research initiatives.

**4.2 Methodology and Identification**
The Institute generally approaches risk identification and analysis by having departmental leads and IT personnel collaborate to discuss potential issues and their implications. While there isn't a formally documented methodology for this process, the aim is to identify and assess risks to critical information assets. Procedures for asset identification, valuation, threat identification, and vulnerability identification are comprehensively documented within the 'Information Security Handbook - Section 3.1', ensuring a structured approach to understanding potential exposures. Risk assessments are conducted periodically and when deemed necessary by departmental management or the IT director, typically coinciding with significant operational changes.

**4.3 Likelihood, Impact, and Scoring**
Risk likelihood and impact are assessed using a defined 5-point scale (Very Low, Low, Medium, High, Very High), as detailed in Appendix A of this policy. These individual scores are combined via the Institute's Risk Matrix to determine an overall risk level, categorized as Low, Medium, High, or Critical. This standardized approach ensures consistent evaluation across the Institute’s diverse risk landscape.

**4.4 Risk Treatment**
Identified risks are subject to one of four treatment options: Accept, Mitigate, Transfer, or Avoid. Selection criteria for each option, along with requirements for documented treatment plans and residual risk acceptance, are meticulously outlined in the 'Risk Management Guidelines' document, ensuring clear accountability and strategic response.

**4.5 Risk Register and Review**
All identified risks, along with their assessed likelihood, impact, score, assigned owner, a detailed description, chosen treatment option, current status, and scheduled review date, must be meticulously recorded in the centralized Risk Register maintained by the Information Security Office. The Risk Register and all associated assessments undergo a formal review at least annually, or when significant regulatory changes occur. Review authority rests with the Information Security Committee.

**4.6 Integration**
Risk assessments are formally integrated into the Institute's project management lifecycle, specifically at project initiation, planning, and go-live gates. Furthermore, risk information directly informs and is integrated with Business Continuity Management (BCM) planning, ensuring a holistic and resilient security posture across all Institute operations.",non_compliant,0.82,2,risk_assessment,0,0,0,0,0,0,0,0,1,0,0,0,1,0,0,0
ra_minor_ar_3_20260307134100,ar,"**3.0 تقييم المخاطر**

**3.1 منهجية تقييم المخاطر**
تلتزم [اسم المنظمة] بمنهجية رسمية وموثقة لتقييم المخاطر السيبرانية، معتمدة من قبل الإدارة العليا. تتضمن هذه المنهجية نهجًا كميًا ونوعيًا لتحديد المخاطر وتحليلها ومعالجتها. يتم تحديد المخاطر السيبرانية بناءً على إجراءات موثقة لتحديد وتقييم الأصول الحيوية (مثل بيانات المرضى، السجلات الطبية الإلكترونية، الأنظمة التشغيلية)، وتحديد التهديدات المحتملة (مثل الهجمات السيبرانية، البرمجيات الخبيثة، الأخطاء البشرية، الكوارث الطبيعية)، وتحديد نقاط الضعف (مثل الثغرات الأمنية في الأنظمة والبرمجيات، ضعف التكوين).

**3.2 تحليل وتقييم المخاطر**
لتحليل المخاطر، تستخدم [اسم المنظمة] مقياسًا من خمس نقاط لتحديد احتمالية حدوث الخطر ومقياسًا من خمس نقاط لتحديد تأثيره المحتمل على عمليات الأعمال، وسلامة بيانات المرضى وسريتها وتوافرها، والامتثال التنظيمي. يتم دمج هذه النتائج في مصفوفة مخاطر محددة مسبقًا لتعيين مستوى الخطر الإجمالي (منخفض، متوسط، مرتفع، حرج). يتم مراجعة وتحديث مقاييس الاحتمالية والتأثير ومصفوفة المخاطر هذه بانتظام من قبل فريق أمن المعلومات.

**3.3 معالجة المخاطر**
بعد تقييم المخاطر، تُتخذ إجراءات مناسبة لمعالجة المخاطر المصنفة على أنها متوسطة أو مرتفعة أو حرجة. تهدف هذه الإجراءات إلى خفض مستوى المخاطر إلى مستوى مقبول يتناسب مع شهية [اسم المنظمة] للمخاطر، مع الأخذ في الاعتبار المتطلبات التنظيمية والتشغيلية المحددة.

**3.4 محفزات تقييم المخاطر وتكاملها**
يُعد إجراء تقييم للمخاطر إلزاميًا في الحالات التالية: في المراحل المبكرة من مشاريع التكنولوجيا الجديدة، وقبل إجراء أي تغييرات رئيسية على البنية التحتية لتكنولوجيا المعلومات، وأثناء تخطيط الارتباطات مع الأطراف الثالثة (الموردين، الشركاء)، وقبل إطلاق أي خدمات أو أنظمة جديدة. يتم دمج عملية تقييم المخاطر بشكل كامل في بوابات إدارة المشاريع (البدء، التخطيط، الانطلاق) لضمان تحديد المخاطر في وقت مبكر. كما يتم دمجها مع خطة استمرارية الأعمال وإدارة الكوارث.

**3.5 سجل المخاطر والمراجعة الدورية**
يتم الاحتفاظ بسجل مخاطر مركزي يتضمن لكل خطر مُحدد: معرف الخطر، وصفًا تفصيليًا، مالك الخطر، الاحتمالية، التأثير، درجة المخاطر، خطة المعالجة المقترحة، الحالة الحالية، وتاريخ المراجعة. تتم مراجعة سجل المخاطر بشكل دوري، على الأقل مرة واحدة سنويًا، أو عند حدوث تغييرات تنظيمية أو قانونية، أو عند وقوع حوادث أمنية كبرى. تتم هذه المراجعات تحت إشراف لجنة أمن المعلومات لضمان الامتثال والفعالية المستمرة.",partially_compliant,0.93,1,risk_assessment,0,0,0,0,0,0,0,0,0,0,0,1,0,0,0,0
ra_minor_ar_4_20260307134127,ar,"### 3.1 تقييم المخاطر الأمنية

تلتزم الجامعة بالحفاظ على بيئة رقمية آمنة لجميع أعضائها وأصولها. يعتبر تقييم المخاطر الأمنية عملية أساسية لتحديد وقياس ومعالجة المخاطر المحتملة التي قد تؤثر على سرية وسلامة وتوفر معلومات الجامعة وأنظمتها.

**3.1.1 منهجية تقييم المخاطر**
تقوم الجامعة بتقييم المخاطر بشكل مستمر من خلال متابعة المشكلات وتحديات الأمن السيبراني التي تظهر. يتم التعامل مع التقييمات بطريقة مخصصة حسب الحاجة، ولا تتطلب عملية موافقة رسمية قبل البدء.

**3.1.2 إجراءات تحديد المخاطر**
لضمان الشمولية، تحدد الجامعة إجراءات موثقة لتحديد الأصول وتقييمها (بما في ذلك البيانات الطلابية، البحث، البنية التحتية)، وتحديد التهديدات المحتملة، وتحديد نقاط الضعف الكامنة في أنظمة الجامعة وشبكاتها وتطبيقاتها.

**3.1.3 تقييم الاحتمالية والتأثير**
يتم تقييم كل خطر بناءً على احتمالية حدوثه وتأثيره المحتمل على الجامعة باستخدام مقياس من 1 إلى 5 نقاط (1=منخفض جدًا، 5=مرتفع جدًا). يتم دمج هذه الدرجات في مصفوفة مخاطر لتحديد مستوى الخطر الكلي (على سبيل المثال، منخفض، متوسط، مرتفع، حرج).

**3.1.4 خيارات معالجة المخاطر**
بعد تقييم المخاطر، يتم اختيار خيارات المعالجة المناسبة من بين أربعة خيارات: قبول (Accept)، تخفيف (Mitigate)، نقل (Transfer)، أو تجنب (Avoid). يتم توثيق خطط معالجة المخاطر، بما في ذلك المعايير لاختيار الخيار الأنسب.

**3.1.5 محفزات تقييم المخاطر الإلزامية**
يجب إجراء تقييمات المخاطر بشكل إلزامي عند:
*   المراحل المبكرة لمشاريع التقنية الجديدة.
*   قبل إجراء تغييرات كبيرة على البنية التحتية.
*   أثناء تخطيط التعاون مع الجهات الخارجية ومقدمي الخدمات.
*   قبل إطلاق خدمات أو تطبيقات جديدة.

**3.1.6 سجل المخاطر**
يتم الاحتفاظ بسجل مخاطر مركزي يتضمن المعرف الفريد للمخاطرة، وصفها، المالك المسؤول، احتمالية وتأثير ودرجة المخاطر، خطة المعالجة، الحالة الحالية، وتاريخ المراجعة المجدول.

**3.1.7 المراجعة الدورية**
تتم مراجعة سجل المخاطر وتقييمات المخاطر السنوية على الأقل، أو عند حدوث تغييرات تنظيمية أو قانونية، أو عند الكشف عن مخاطر جديدة. يتولى مدير أمن المعلومات ولجنة إدارة المخاطر مهمة سلطة المراجعة.

**3.1.8 التكامل مع إدارة المشاريع وإدارة استمرارية الأعمال**
يتم دمج عملية تقييم المخاطر بشكل منهجي في بوابات إدارة المشاريع (البدء، التخطيط، الانطلاق) وفي إطار عمل إدارة استمرارية الأعمال (BCM) لضمان تحديد المخاطر ومعالجتها بشكل استباقي.",partially_compliant,0.91,1,risk_assessment,0,0,0,0,0,0,0,0,1,0,0,0,0,0,0,0
ra_minor_ar_5_20260307134159,ar,"**5.1 تقييم المخاطر**

تلتزم [اسم المنظمة] بتقييم منهجي ومستمر لمخاطر الأمن السيبراني لضمان حماية أصول المعلومات الحيوية والوفاء بمتطلبات الامتثال التعاقدية والتنظيمية. تهدف هذه السياسة إلى تحديد إطار عمل واضح وموحد لإدارة المخاطر السيبرانية.

**5.1.1 منهجية تقييم المخاطر**
تعتمد [اسم المنظمة] منهجية رسمية وموثقة لتقييم المخاطر السيبرانية، والتي تمت الموافقة عليها من قبل الإدارة العليا. تتضمن هذه المنهجية أساليبًا نوعية وكمية لتقدير احتمالية وتأثير المخاطر بدقة، مما يضمن اتخاذ قرارات مستنيرة.

**5.1.2 إجراءات تحديد المخاطر**
يتم تنفيذ إجراءات موثقة لتحديد وتقييم الأصول وتحديد التهديدات ونقاط الضعف. تشمل هذه الإجراءات ما يلي:
أ. تحديد وتقييم قيمة وأهمية الأصول المعلوماتية والتقنية.
ب. تحديد مصادر التهديد المحتملة وسيناريوهات الهجوم ذات الصلة.
ج. تحديد نقاط الضعف في الأنظمة والتطبيقات والعمليات.

**5.1.3 مقاييس الاحتمالية والتأثير**
تستخدم [اسم المنظمة] مقاييس موحدة مكونة من 5 نقاط لتقييم احتمالية حدوث المخاطر وتأثيرها المحتمل. يتم استخدام مصفوفة مخاطر محددة لربط النتائج المجمعة بمستويات مخاطر محددة (منخفض، متوسط، مرتفع، حرج)، والتي توجه قرارات المعالجة ذات الأولوية.

**5.1.4 خيارات معالجة المخاطر**
لكل خطر محدد، يتم اختيار أحد خيارات المعالجة الأربعة التالية بناءً على معايير محددة مسبقًا: القبول، التخفيف، النقل، أو التجنب. يجب توثيق خطط المعالجة بالتفصيل لكل خطر يتم تخفيفه أو نقله، مع تحديد الموارد والمسؤوليات والجداول الزمنية.

**5.1.5 محفزات تقييم المخاطر الإلزامية**
يجب إجراء تقييمات للمخاطر بشكل إلزامي في الحالات التالية:
أ. في المراحل الأولية لمشاريع التكنولوجيا الجديدة أو عند إدخال تقنيات جديدة.
ب. قبل إجراء تغييرات كبيرة على البنية التحتية أو الأنظمة الحرجة.
ج. أثناء تخطيط التعاقد مع أطراف ثالثة أو شركاء جدد.
د. قبل إطلاق خدمات أو منتجات جديدة للسوق.

**5.1.6 سجل المخاطر**
يجب الاحتفاظ بسجل مخاطر شامل لجميع المخاطر المحددة. يتضمن السجل معرف المخاطرة، وصفًا تفصيليًا، مالك المخاطرة، الاحتمالية، التأثير، درجة المخاطرة، خيار المعالجة المختار، حالة المخاطرة الحالية، وتاريخ المراجعة.

**5.1.7 مراجعة المخاطر**
يتم مراجعة تقييمات المخاطر وسجل المخاطر عند ظهور مشكلات جديدة أو حوادث أمنية، لضمان استمرار ملاءمتها وفعاليتها.

**5.1.8 التكامل مع الإدارة**
يتم دمج عملية تقييم المخاطر في بوابات إدارة المشاريع (البدء، التخطيط، الانطلاق) وفي تخطيط استمرارية الأعمال وإدارة الأزمات، لضمان معالجة المخاطر بشكل استباقي في جميع دورات حياة المشاريع والعمليات الحيوية للمنظمة.",partially_compliant,0.96,1,risk_assessment,0,0,0,0,0,0,0,0,0,0,0,0,0,0,1,0
ra_minor_ar_6_20260307134233,ar,"**4.0 تقييم المخاطر**

**4.1 الغرض**
تهدف هذه السياسة إلى إنشاء منهجية رسمية وموثقة لتقييم المخاطر السيبرانية عبر جميع عمليات شركة اللوجستيات الديناميكية وأنظمتها. على عكس الممارسات السابقة التي قد اعتمدت على الاستجابات المخصصة للمشاكل، تُحدد هذه السياسة إطاراً منظماً لتحديد المخاطر وتحليلها ومعالجتها. تضمن هذه المنهجية التي سيتم اعتمادها والموافقة عليها من قبل الإدارة العليا، نهجاً متسقاً وفعالاً لإدارة المخاطر.

**4.2 منهجية تقييم المخاطر**
يجب على الشركة إجراء تقييمات للمخاطر الأمنية بشكل دوري وممنهج.

**4.2.1 تحديد المخاطر**
يجب أن يعتمد تحديد المخاطر على مصادر بيانات شاملة لضمان تحديد جميع التهديدات ونقاط الضعف المحتملة. يتضمن ذلك، على سبيل المثال لا الحصر، الاستناد إلى جرد شامل للأصول الحالية، كتالوج للمخاطر المعروفة التي تواجه قطاع الخدمات اللوجستية، وعمليات مسح منتظمة ومجدولة للثغرات الأمنية في الأنظمة والتطبيقات.

**4.2.2 تحليل وتقييم المخاطر**
تعتمد عملية التقييم على مقاييس محددة من 5 نقاط للاحتمالية (منخفض جداً إلى مرتفع جداً) والتأثير (ضئيل إلى كارثي). سيتم استخدام مصفوفة مخاطر محددة لربط هذه الدرجات بمستويات المخاطر (منخفضة، متوسطة، عالية، حرجة) لتوجيه قرارات المعالجة.

**4.2.3 خيارات معالجة المخاطر**
بعد تحديد المخاطر وتقييمها، يجب اختيار أحد خيارات المعالجة الأربعة التالية بناءً على معايير محددة: القبول، التخفيف، التحويل، أو التجنب. يجب توثيق خطط المعالجة بوضوح، مع تحديد المسؤوليات والجداول الزمنية اللازمة للتنفيذ والمتابعة.

**4.3 متطلبات سجل المخاطر**
يجب الاحتفاظ بسجل مخاطر مركزي ومحدث لجميع المخاطر المحددة. يتضمن السجل على الأقل: معرف المخاطرة، وصفها، المالك، درجة الاحتمالية، درجة التأثير، النتيجة الإجمالية للمخاطرة، خطة المعالجة، حالة المخاطرة (على سبيل المثال: مفتوحة، مغلقة، قيد المعالجة)، وتاريخ المراجعة التالي.

**4.4 محفزات تقييم المخاطر الإلزامية**
يجب إجراء تقييمات المخاطر إلزامياً عند: بدء مشاريع تقنية جديدة في مراحلها المبكرة، قبل أي تغييرات كبرى في البنية التحتية أو الأنظمة، أثناء التخطيط للتعامل مع أطراف ثالثة أو مزودي الخدمات، وقبل إطلاق خدمات أو منتجات جديدة.

**4.5 المراجعة والتكامل**
يجب مراجعة هذه السياسة وتقييمات المخاطر المرتبطة بها سنوياً كحد أدنى، أو عند حدوث تغييرات تنظيمية أو تشريعية أو تغييرات جوهرية في بيئة الأعمال. السلطة المسؤولة عن المراجعة هي قسم أمن المعلومات بالتنسيق مع الإدارة العليا. يجب دمج تقييم المخاطر بشكل كامل في بوابات إدارة المشاريع (مثل البدء، التخطيط، الإطلاق) وفي خطط استمرارية الأعمال (BCM) لضمان نهج شامل.",partially_compliant,0.84,2,risk_assessment,0,0,0,0,0,0,0,0,1,1,0,0,0,0,0,0
ra_minor_ar_7_20260307134308,ar,"**7.0 تقييم المخاطر**

تلتزم المؤسسة المالية بالحفاظ على بيئة آمنة للمعلومات والأنظمة من خلال تطبيق عملية قوية لتقييم المخاطر. تهدف هذه العملية إلى تحديد، تحليل، تقييم، ومعالجة المخاطر السيبرانية لضمان استمرارية الأعمال وحماية بيانات العملاء والأصول.

**7.1 منهجية تقييم المخاطر**
تطبق المؤسسة المالية منهجية رسمية وموثقة لتقييم المخاطر، معتمدة من الإدارة العليا. تتضمن هذه المنهجية أساليب كمية ونوعية لضمان تقييم شامل للمخاطر السيبرانية، مع مراعاة طبيعة العمليات المصرفية ومتطلبات الامتثال.

**7.2 تحديد المخاطر**
يُعد تحديد المخاطر خطوة أساسية لضمان فهم شامل للمشهد الأمني. على الرغم من أهمية هذه الخطوة، لا يوجد حاليًا جرد مركزي وشامل للأصول الرقمية والأنظمة، ولا كتالوج موحد للتهديدات السيبرانية المعروفة التي تستهدف المؤسسة، كما أن عملية المسح المنتظم للثغرات الأمنية ليست مطبقة بشكل كامل لضمان تغطية شاملة وفعالة لجميع الأنظمة والبنى التحتية.

**7.3 تحليل وتقييم المخاطر**
يتم تقييم المخاطر المحددة باستخدام مقاييس محددة من 5 نقاط للاحتمالية والتأثير. يتم دمج هذه المقاييس في مصفوفة مخاطر محددة مسبقًا لتعيين مستويات المخاطر (منخفضة، متوسطة، عالية، حرجة)، مما يوجه أولويات المعالجة ويتيح اتخاذ قرارات مستنيرة.

**7.4 معالجة المخاطر**
بناءً على مستوى المخاطر، يتم تحديد خيار المعالجة الأنسب من بين أربعة خيارات: القبول، التخفيف، النقل، أو التجنب. يتم تحديد معايير واضحة لاختيار كل خيار، ويجب توثيق خطط المعالجة المفصلة والإجراءات المتخذة بشكل كامل مع تحديد المسؤوليات والجداول الزمنية.

**7.5 سجل المخاطر**
يجب الاحتفاظ بسجل مخاطر شامل ومحدث لكل مخاطرة محددة. يتضمن هذا السجل معرف المخاطرة، الوصف، مالك المخاطرة، الاحتمالية، التأثير، النتيجة الإجمالية للمخاطرة، خيار المعالجة المعتمد، الحالة الحالية، وتاريخ المراجعة المجدول للمخاطرة.

**7.6 محفزات تقييم المخاطر الإلزامية**
يجب إجراء تقييمات المخاطر بشكل إلزامي في الحالات التالية: قبل الشروع في مشاريع التكنولوجيا الجديدة، وقبل أي تغييرات جوهرية في البنية التحتية لتقنية المعلومات، وأثناء تخطيط الارتباطات الجديدة مع الأطراف الثالثة أو الموردين، وقبل إطلاق أي خدمات أو منتجات جديدة.

**7.7 مراجعة المخاطر والتكامل**
تُجرى مراجعات المخاطر حاليًا فقط عند ظهور مشكلات أمنية أو حوادث، ولا يوجد جدول زمني دوري أو آلي محدد لضمان مراجعة جميع المخاطر بشكل استباقي ومستمر. ومع ذلك، يتم دمج تقييم المخاطر بشكل كامل في مراحل إدارة المشاريع الرئيسية (البدء، التخطيط، الإطلاق) وفي عملية إدارة استمرارية الأعمال (BCM) لضمان اتخاذ قرارات مستنيرة ومتكاملة عبر المؤسسة.",partially_compliant,0.89,2,risk_assessment,0,0,0,0,0,0,0,0,0,1,0,0,0,0,1,0
ra_minor_ar_8_20260307134343,ar,"**4.8 تقييم المخاطر الأمنية**

**4.8.1 السياسة العامة:** تلتزم الشركة بإجراء تقييمات منهجية وشاملة لمخاطر الأمن السيبراني لجميع أصول المعلومات والأنظمة والخدمات لضمان حماية مناسبة ضد التهديدات المحتملة. يهدف ذلك إلى فهم وتحديد ومعالجة المخاطر التي قد تؤثر على سرية وسلامة وتوفر معلومات الشركة.

**4.8.2 المنهجية والإجراءات:**
تتبع الشركة منهجية رسمية وموثقة لتقييم المخاطر الأمنية، معتمدة من الإدارة العليا. تتضمن هذه المنهجية منهجيات كمية ونوعية لتقييم المخاطر، ويتم تحديثها بانتظام لتعكس التطورات في المشهد الأمني والتقني. تشتمل المنهجية على إجراءات موثقة لتحديد الأصول وتقييمها، وتحديد التهديدات المحتملة، وتحديد نقاط الضعف المتعلقة بهذه الأصول. يتم استخدام مقياس من 5 نقاط لتقييم احتمالية حدوث المخاطر وتأثيرها على العمليات. يتم تحديد مستويات المخاطر (منخفضة، متوسطة، عالية، حرجة) باستخدام مصفوفة مخاطر موحدة تجمع بين درجات الاحتمالية والتأثير.

**4.8.3 معالجة المخاطر:**
تتضمن خيارات معالجة المخاطر المعتمدة: القبول، التخفيف، النقل، والتجنب. يجب أن تتضمن جميع خطط المعالجة الموثقة معايير واضحة لاختيار خيار المعالجة المناسب بناءً على مستوى المخاطرة المحددة وتكلفة المعالجة وفوائدها المحتملة.

**4.8.4 توقيت التقييمات والمراجعات:**
يجب إجراء تقييمات المخاطر إلزامياً عند: المراحل المبكرة لمشاريع التكنولوجيا الجديدة، قبل التغييرات الرئيسية في البنية التحتية، أثناء تخطيط التعاون مع الأطراف الثالثة، وقبل إصدار أي خدمات أو منتجات جديدة. تتم مراجعة تقييمات المخاطر مرة واحدة على الأقل سنوياً، أو عند حدوث تغييرات تنظيمية أو تنظيمية رئيسية أو حوادث أمنية كبيرة. السلطة المسؤولة عن المراجعة الدورية هي فريق أمن المعلومات بالتعاون مع الإدارة العليا ولجنة المخاطر.

**4.8.5 سجل المخاطر والتكامل:**
بينما تحتفظ الشركة بسجل للمخاطر المحددة، فإنه غالبًا ما يفتقر إلى بعض الحقول الأساسية مثل المالك المسؤول عن كل مخاطرة، وخطة المعالجة التفصيلية المرتبطة بها، وحالة المعالجة الحالية للمخاطرة. يجب دمج عملية تقييم المخاطر في بوابات إدارة المشاريع (البدء، التخطيط، الإطلاق) وفي خطط استمرارية",partially_compliant,0.96,1,risk_assessment,0,0,0,0,0,0,0,0,0,0,0,0,0,1,0,0
ra_minor_ar_9_20260307134419,ar,"5.0 تقييم المخاطر

يهدف هذا القسم إلى تحديد المتطلبات والمسؤوليات الخاصة بتقييم مخاطر الأمن السيبراني عبر المعهد لضمان حماية أصول المعلومات وتلبية متطلبات الامتثال.

**5.1 منهجية تقييم المخاطر**
يستخدم المعهد منهجية رسمية لتقييم المخاطر السيبرانية موثقة ومعتمدة من الإدارة العليا. تتضمن هذه المنهجية أساليب نوعية وكمية لتقديم رؤية شاملة للمخاطر المحتملة، بما يتماشى مع أهداف المعهد الاستراتيجية والتشغيلية.

**5.2 تحديد المخاطر**
تُحدد المخاطر السيبرانية المحتملة بناءً على فهم أنظمة المعهد وبيئته التشغيلية والخدمات المقدمة، وذلك لتحديد التهديدات ونقاط الضعف التي قد تؤثر على سرية وسلامة وتوافر معلومات المعهد.

**5.3 تحليل المخاطر**
يتم تحليل المخاطر باستخدام مقاييس محددة من 5 نقاط لتقييم الاحتمالية (حدوث الخطر) والتأثير (الضرر المحتمل على المعهد). تُستخدم مصفوفة مخاطر لربط هذه النتائج بمستويات مخاطر محددة (منخفض، متوسط، مرتفع، حرج) لتوجيه قرارات المعالجة.

**5.4 معالجة المخاطر**
بعد تحليل المخاطر، يتم تحديد خيارات المعالجة المناسبة من بين أربع استراتيجيات معتمدة: القبول، التخفيف، النقل، أو التجنب. يتم وضع خطط معالجة موثقة تتضمن معايير اختيار لكل خيار، مع تحديد المسؤوليات والجداول الزمنية اللازمة للتنفيذ.

**5.5 سجل المخاطر**
يتم توثيق جميع المخاطر المحددة والمحللة والمعالجة في سجل مخاطر مركزي. يجب أن يتضمن سجل المخاطر على الأقل: معرف المخاطر، وصف المخاطر، مالك المخاطر، الاحتمالية، التأثير، درجة المخاطر، خيار المعالجة، حالة المخاطر، وتاريخ المراجعة.

**5.6 محفزات تقييم المخاطر الإلزامية**
يجب إجراء تقييمات المخاطر السيبرانية بشكل إلزامي عند المحفزات التالية:
*   في المراحل المبكرة لمشاريع التقنية الجديدة.
*   قبل إجراء تغييرات كبيرة على البنية التحتية.
*   أثناء تخطيط الارتباطات مع الأطراف الثالثة.
*   قبل إطلاق خدمات أو أنظمة جديدة.

**5.7 المراجعة والتكامل**
تُراجع تقييمات وخطط معالجة المخاطر سنويًا كحد أدنى، أو عند حدوث تغييرات تنظيمية أو في بيئة التهديدات. تُناط صلاحية المراجعة والموافقة النهائية للجنة أمن المعلومات. يتم دمج عملية تقييم المخاطر السيبرانية في مراحل إدارة المشاريع الرئيسية (مثل البدء والتخطيط والانتقال للتشغيل). كما يتم دمجها مع خطط إدارة استمرارية الأعمال (BCM) لضمان الشمولية والمرونة التشغيلية.",partially_compliant,0.93,1,risk_assessment,0,0,0,0,0,0,0,0,0,1,0,0,0,0,0,0
ra_minor_ar_10_20260307134452,ar,"**4.0 إدارة المخاطر السيبرانية**

**4.1 تقييم المخاطر**
تلتزم المنظمة بمنهجية شاملة ومنظمة لتقييم المخاطر السيبرانية لضمان تحديد المخاطر، تحليلها، ومعالجتها بفعالية. تهدف هذه العملية إلى حماية أصول المعلومات والأنظمة من التهديدات المحتملة، بما يتماشى مع الأهداف الاستراتيجية للجهة ومتطلبات الامتثال المحلية والدولية.

**4.1.1 منهجية تقييم المخاطر**
يتم تنفيذ تقييمات المخاطر السيبرانية وفقًا لمنهجية موثقة ومعتمدة رسميًا من الإدارة العليا. تتضمن هذه المنهجية نهجًا نوعيًا وكميًا لتحديد مدى تعرض الأصول للتهديدات ونقاط الضعف، مما يضمن تقييمًا متوازنًا وعميقًا. يتم توفير إجراءات تفصيلية لتحديد الأصول وتقييمها، وتحديد التهديدات المحتملة، وتحديد نقاط الضعف المتعلقة بالمعلومات والأنظمة.

**4.1.2 تصنيف المخاطر**
يتم تقييم كل خطر بناءً على احتمالية حدوثه وتأثيره المحتمل على المنظمة، ويتم تصنيفها بشكل عام على أنها عالية أو متوسطة أو منخفضة. هذا التقييم يوجه عملية تحديد الأولويات وتخصيص الموارد لمعالجة المخاطر.

**4.1.3 خيارات معالجة المخاطر**
بعد تقييم المخاطر، يتم اختيار خيار المعالجة الأنسب من بين أربعة خيارات رئيسية: القبول، التخفيف، النقل، أو التجنب. يتم تحديد معايير اختيار الخيار المناسب لكل خطر، ويجب توثيق خطط المعالجة بشكل واضح وتحديد المسؤوليات والجداول الزمنية لتنفيذها.

**4.1.4 سجل المخاطر**
يجب الاحتفاظ بسجل مخاطر سيبرانية شامل لجميع المخاطر المحددة. يتضمن السجل معرف المخاطر، وصفًا تفصيليًا للمخاطر، المالك المسؤول، احتمالية الحدوث، مستوى التأثير، درجة المخاطر، خيار المعالجة المختار، حالة الخطر الحالية، وتاريخ المراجعة المجدول.

**4.1.5 محفزات تقييم المخاطر الإلزامية**
تُعد تقييمات المخاطر إلزامية في الحالات التالية: في المراحل المبكرة من مشاريع التقنية الجديدة، قبل إجراء تغييرات كبيرة على البنية التحتية لتكنولوجيا المعلومات، أثناء تخطيط وتنفيذ الشراكات مع الأطراف الثالثة، وقبل إطلاق خدمات أو منتجات جديدة.

**4.1.6 المراجعة والتكامل**
تُجرى مراجعة سنوية كحد أدنى لتقييمات المخاطر وسجل المخاطر، ويتم إجراؤها بشكل فوري عند حدوث تغييرات تنظيمية أو تهديدات جديدة. يتم دمج تقييم المخاطر في بوابات إدارة المشاريع (البدء، التخطيط، الانطلاق) وفي خطط استمرارية الأعمال (BCM) لضمان اتخاذ قرارات مستنيرة. تُفوض إدارة أمن المعلومات بمراجعة واعتماد تحديثات منهجية تقييم المخاطر.",non_compliant,0.51,8,risk_assessment,1,1,1,1,1,1,1,1,0,0,0,0,0,0,0,0
mixed_minor_en_3_20260307134526,en,"### 2.0 Access Control

#### 2.1 Password Policy

This policy establishes minimum requirements for password strength, management, and authentication to protect the Institution's resources across all global operations.

2.1.1 **Complexity & Uniqueness:** User passwords must be at least 12 characters long and include characters from at least three of the following four categories: uppercase letters, lowercase letters, numbers, and special characters. Passwords must not contain personal identifiable information, dictionary words, or sequential character patterns. A minimum of the last 12 passwords used by an individual cannot be reused.

2.1.2 **Expiration & Lockout:** User passwords must be changed at least every 90 days. Accounts will be automatically locked after 5 consecutive unsuccessful login attempts. Locked accounts will",partially_compliant,0.93,1,password_policy|risk_assessment,0,0,0,0,0,0,0,0,0,1,0,0,0,0,0,0
mixed_minor_en_4_20260307134602,en,"**1.0 Information Security Policy: User Credential Management**

**1.1 Password Requirements**
User passwords must be at least 12 characters, including three of four character types (uppercase, lowercase, digits, special). They cannot contain personal identifiable information or dictionary words. Passwords expire every 90 days, preventing reuse of the last 12. Accounts automatically lock after 5 failed login attempts for a duration of 30 minutes.

**1.2 Multi-Factor Authentication (MFA)**
Multi-Factor Authentication (MFA) is mandatory for all remote access, privileged accounts, and administrative systems. Approved MFA methods include FIDO2 security keys, Time-based One-Time Passwords (TOTP), and biometric authentication.

**1.3",partially_compliant,0.93,1,password_policy|risk_assessment,0,0,0,0,0,1,0,0,0,0,0,0,0,0,0,0
mixed_minor_en_5_20260307134637,en,"**3.0 User Authentication and Password Policy**

**3.1 Password Complexity and Expiration:** User passwords must meet minimum complexity: 12 characters, including at least three of four character types (uppercase, lowercase, digits, special characters). Passwords must not contain personal information or common dictionary words. Passwords shall expire every 90 days, prohibiting reuse of the last 12 passwords.

**3.2 Account Lockout:** Accounts will lock after 5 consecutive failed login attempts for a duration of 30 minutes.

**3.3 Multi-Factor Authentication (MFA):** MFA is mandatory for all remote access, privileged accounts, and administrative systems. Approved MFA methods include FIDO2 security keys, TOTP applications, and corporate-issued biometric solutions.

**",partially_compliant,0.93,1,password_policy|risk_assessment,0,0,0,0,0,0,0,0,0,0,1,0,0,0,0,0
mixed_minor_en_6_20260307134713,en,"## 4.0 User Authentication and Access Control

### 4.1 Password Policy
All personnel accessing MedGlobal Health systems must adhere to the following standards:
    a.  **Complexity**: Passwords require a minimum of 12 characters, incorporating at least three of four character types (uppercase, lowercase, digits, special). Personal information and dictionary words are explicitly prohibited.
    b.  **Expiration & History**: Passwords expire every 90 days. Reuse of any of the last 12 passwords is strictly forbidden.
    c.  **Multi-Factor Authentication (MFA)**: MFA is mandatory for all remote access, privileged accounts, and administrative systems. Approved methods include FIDO2 security keys, Time-based One-Time Passwords (TOTP), and biometric",partially_compliant,0.91,2,password_policy|risk_assessment,0,0,1,0,0,0,0,0,0,0,0,0,0,0,0,1
mixed_minor_en_7_20260307134745,en,"### 3.2 Password and Authentication Policy

All corporate user accounts, including those for third-party access, must adhere to the following password standards. Passwords shall be a minimum of twelve (12) characters in length and must incorporate at least three (3) of the four (4) character types: uppercase letters, lowercase letters, digits, and special characters. Passwords must not contain personal identifiable information or dictionary words. Passwords are required to expire every ninety (90) days, and users are prohibited from reusing any of their last twelve (12) passwords. Accounts will be locked after five (5) consecutive failed login attempts, with a lockout duration of thirty (30) minutes. Multi-Factor Authentication (MFA) is mandatory for all remote access, privileged accounts, and administrative systems, utilizing approved methods such as FIDO2 security keys, TOTP tokens, or biometric authentication. Privileged Access Management (PAM) solutions are deployed to enforce Just-in-Time (JIT) access, session recording, and the principle of least privilege, requiring separate administrative accounts which are reviewed quarterly. All passwords must be stored using strong, salted hashing algorithms (e.g., Argon2, bcrypt, scrypt) and transmitted only over TLS 1.2 or higher encrypted channels; plaintext storage is strictly forbidden. The CISO shall conduct a quarterly review of this policy to ensure effectiveness and address emerging threats and regulatory updates. IT Security is responsible for system enforcement, HR for user education, and all employees are responsible for compliance.

### 4.1 Risk Assessment Framework

The Corporation maintains a formal, documented risk management methodology, approved by senior management, incorporating both qualitative and quantitative approaches to assess information security risks. Procedures are established for the identification and valuation of assets, as well as the systematic identification of threats and vulnerabilities that could impact The Corporation's operations. Risks are assessed using a defined 5-point scale for likelihood and impact, mapped through a standardized risk matrix to determine overall risk levels. Accepted risk treatment options include Accept, Mitigate, Transfer, and Avoid, with clear criteria for selection and documented treatment plans for each option. Risk assessments are conducted periodically and on an ad-hoc basis when needed. All identified risks are recorded in a central risk register, detailing risk ID, description, owner, likelihood, impact, score, chosen treatment, current status, and next review date. The risk register undergoes an annual review, or when prompted by significant regulatory changes, overseen by the Risk Management Committee. Risk assessments are integrated into project management lifecycles at initiation, planning, and go-live gates, and are also considered for business continuity planning.",partially_compliant,0.91,1,password_policy|risk_assessment,0,0,0,0,0,0,0,0,0,0,0,0,1,0,0,0
mixed_minor_en_8_20260307134815,en,"## 2.0 User Authentication and Access Control

This section outlines the mandatory requirements for user authentication and access control across all [Company Name] systems and data assets to protect against unauthorized access.

### 2.1 Password Requirements
User passwords must be a minimum of 12 characters, including at least three of the four character types: uppercase letters, lowercase letters, digits, and special characters. Passwords must not contain personal identifiable information or dictionary words. Passwords expire every 90 days, at which point users are prompted to create a new password that cannot be one of the last 12 previously used passwords. Accounts will lock after 5 consecutive failed login attempts, initiating a 30-minute lockout period.

### 2.2 Multi-Factor Authentication (MFA)
MFA is mandatory for all remote access to the corporate network, access to privileged accounts, and access to critical administrative systems. Approved MFA methods include FIDO2 security keys, Time-based One-Time Password (TOTP) applications, and corporate-approved biometric solutions.

### 2.3 Privileged Access Management (PAM)
Access to privileged accounts is managed through a centralized PAM solution. This includes Just-In-Time (JIT) access provisioning, session recording for all privileged activities, and enforcement of the principle of least privilege. Separate, non-administrative accounts are required for daily work. Privileged access configurations are reviewed quarterly by IT Security.

### 2.4 Password Security and Storage
All stored passwords must be hashed using industry-standard algorithms such as Argon2, bcrypt, or scrypt, with a unique salt for each password. Passwords must never be stored in plaintext. Transmission of passwords across networks must utilize secure protocols, specifically TLS 1.2 or higher.

### 2.5 Responsibilities and Review
The Chief Information Security Officer (CISO) is responsible for the quarterly review of this policy, assessing its effectiveness against emerging threats and regulatory changes. IT Security is responsible for policy implementation and enforcement. Human Resources ensures employee training and disciplinary actions for non-compliance. Employees are responsible for adhering to all policy stipulations.

## 3.0 Risk Management Framework

This section details the framework for identifying, assessing, and treating information security risks within [Company Name]'s operations.

### 3.1 Risk Assessment Approach
While [Company Name] is committed to understanding and addressing potential threats and vulnerabilities, the specific methodology for evaluating and prioritizing risks is typically determined on a case-by-case basis by the involved teams. Formal documentation of this methodology across all domains, along with a dedicated approval process for the chosen assessment approach, is not consistently maintained, with teams often adapting their process based on immediate project needs and available expertise.

### 3.2 Risk Identification and Assessment
Documented procedures are in place for systematic identification and valuation of information assets, identification of relevant threats, and discovery of vulnerabilities. Risks are assessed using a defined 5-point scale for both likelihood and impact. A risk matrix maps combined scores to predetermined risk levels (e.g., Low, Medium, High, Critical).

### 3.3 Risk Treatment and Register
Four primary risk treatment options are available: Accept, Mitigate, Transfer, or Avoid, with clear criteria for selection. Documented treatment plans are required for all non-accepted risks. A centralized risk register maintains records including risk ID, description, owner, likelihood, impact, score, chosen treatment, current status, and next review date.

### 3.4 Assessment Triggers and Review
Mandatory risk assessments are triggered at early stages of all technology projects, prior to significant infrastructure changes, during third-party engagement planning, and before new service releases. The risk management framework is reviewed annually by the CISO, with additional reviews prompted by significant regulatory changes. Risk assessments are integrated into project management gates (initiation, planning, go-live) and business continuity management processes.",partially_compliant,0.91,1,password_policy|risk_assessment,0,0,0,0,0,0,0,0,1,0,0,0,0,0,0,0
mixed_minor_en_9_20260307134847,en,"## 4.0 User and System Access Management

### 4.1 Password Policy

All employees, contractors, and third-party users accessing TransGlobal Logistics systems must adhere to the following password standards to protect sensitive data and infrastructure.

**4.1.1 Password Complexity:** Passwords must be a minimum of 12 characters in length and include at least three of the following four character types: uppercase letters, lowercase letters, numbers, and special characters. Passwords must not contain personal information (e.g., names, birthdates) or commonly used dictionary words.

**4.1.2 Password Expiration and History:** All system passwords must be changed at least every 90 days. Users are prohibited from reusing any of their last 12 passwords.

**4.1.3 Account Lockout:** User accounts will be automatically locked after 5 consecutive failed login attempts. The lockout duration is 30 minutes, after which users may attempt to log in again.

**4.1.4 Multi-Factor Authentication (MFA):** MFA is mandatory for all remote access, privileged accounts, and access to critical administrative systems. Approved MFA methods include FIDO2 security keys, Time-based One-Time Passwords (TOTP), and biometric authentication, as integrated into our identity management solutions.

**4.1.5 Privileged Access Management (PAM):** Access to privileged systems is strictly managed via the company's approved PAM solution. This includes enforcing Just-in-Time (JIT) access, recording of all privileged sessions, and adherence to the principle of least privilege. Separate, non-administrative user accounts must be used for routine daily tasks. PAM access configurations and usage are reviewed quarterly by the IT Security team.

**4.1.6 Password Storage and Transmission:** All passwords stored within TransGlobal Logistics systems must be protected using strong cryptographic hashing algorithms (e.g., Argon2, bcrypt, or scrypt) with a unique salt. Passwords must never be stored in plaintext. The transmission of passwords must only occur over encrypted channels utilizing TLS 1.2 or higher.

### 4.2 Risk Assessment Policy

TransGlobal Logistics is committed to maintaining a robust risk management framework to identify, assess, and mitigate cybersecurity risks.

**4.2.1 Risk Methodology and Identification:** A formal, documented risk management methodology, approved by senior management, is employed, incorporating both qualitative and quantitative approaches. Documented procedures exist for the comprehensive identification and valuation of critical organizational assets, identification of relevant threats, and assessment of system vulnerabilities across our global operations.

**4.2.2 Risk Assessment Process:** Regular and ad-hoc risk assessments are conducted by the IT Security team. When deemed necessary, these assessments evaluate identified risks as High, Medium, or Low, considering their potential likelihood and impact to the organization. Appropriate action will be taken based on the assessment findings.

**4.2.3 Risk Register:** All identified risks are recorded in a centralized Risk Register. This register details the Risk ID, a comprehensive description, the assigned risk owner, assessed likelihood, assessed impact, the calculated risk score, proposed treatment, current status, and the date of the last review.

**4.2.4 Risk Management Integration:** Risk assessments are integrated into key project management gates, including project initiation, planning, and go-live phases, to address security risks proactively. This framework is also aligned with our Business Continuity Management (BCM) processes to ensure comprehensive resilience.

**4.2.5 Roles and Responsibilities:** The Chief Information Security Officer (CISO) holds overall responsibility for the enforcement and effectiveness of this policy. The IT Security team is responsible for managing technical controls and conducting risk assessments. Human Resources (HR) ensures employee awareness and adherence. All employees are responsible for understanding and complying with all policy requirements.

**4.2.6 Policy Review:** This policy is reviewed quarterly by the CISO to assess its effectiveness, address emerging threats, and incorporate regulatory updates. The overall risk management methodology is reviewed annually by the CISO and senior management, with additional reviews triggered by significant regulatory changes.",partially_compliant,0.78,3,password_policy|risk_assessment,0,0,0,0,0,0,0,0,0,0,1,1,1,0,0,0
mixed_minor_en_10_20260307134922,en,"**2.0 Access Control and Authentication**

**2.1 Password Policy**
All user accounts must adhere to the following password standards. Passwords must be between 4 and 8 characters, consisting solely of letters. Passwords must not contain easily guessable personal information (e.g., names, birthdates, company terms). All account passwords expire every 90 days; a history check prevents reuse of any of the last 12 previous passwords. Accounts lock for 30 minutes after 5 unsuccessful login attempts. IT Security is responsible for resetting locked accounts.

**2.2 Multi-Factor Authentication (MFA)**
MFA is mandatory for remote access, privileged accounts, and administrative systems. Approved MFA methods include FIDO2 security keys, Time-based One-",partially_compliant,0.87,2,password_policy|risk_assessment,1,0,0,0,0,1,0,0,0,0,0,0,0,0,0,0
mixed_minor_ar_3_20260307134956,ar,"4.0 سياسة كلمات المرور
4.1 المتطلبات العامة لكلمات المرور: يجب أن تتكون جميع كلمات المرور من 12 حرفًا على الأقل وأن تتضمن ثلاثة على الأقل من الأنواع الأربعة التالية: أحرف كبيرة، أحرف صغيرة، أرقام، ورموز خاصة. يحظر استخدام المعلومات الشخصية أو الكلمات الشائعة من القواميس.
4.2 انتهاء صلاحية كلمات المرور وقفل الحساب: تنتهي صلاحية كلمات المرور كل 90 يومًا كحد أقصى، ولا يمكن للمستخدمين إعادة استخدام أي من آخر 12 كلمة مرور تم تعيينها. يتم قفل الحساب تلقائيًا بعد 5 محاولات فاشلة لتسجيل الدخول، ويستمر القفل لمدة 30 دقيقة.
4.3 المصادقة متعددة العوامل (MFA) وإدارة الوصول المميز (PAM): المصادقة متعددة العوامل إلزامية للوصول عن بعد، والحسابات ذات الامتيازات، وجميع أنظمة الإدارة. تشمل الطرق المعتمدة FIDO2، TOTP، والقياسات الحيوية. يتم تطبيق حل PAM لجميع الحسابات المميزة، ويوفر وصولاً في الوقت المناسب (JIT)، وتسجيل الجلسات، ومبدأ الامتيازات الأقل، واستخدام حسابات إدارية منفصلة تخضع للمراجعة ربع السنوية.
4.4 تخزين كلمات المرور: يجب تشفير كلمات المرور باستخدام خوارزميات التجزئة الآمنة والموصى بها صناعياً مثل Argon2 أو bcrypt أو scrypt، مع استخدام الملح (salt) الفريد. يتم نقل كلمات المرور عبر بروتوكول TLS 1.2 أو أعلى فقط، ويُحظر تخزينها كنص عادي تحت أي ظرف من الظروف.
4.5 الأدوار والمسؤوليات: رئيس أمن المعلومات (CISO) مسؤول عن الإشراف على هذه السياسة. فريق أمن تكنولوجيا المعلومات مسؤول عن التنفيذ الفني. الموارد البشرية مسؤولة عن تدريب الموظفين، والموظفون مسؤولون عن الامتثال.
4.6 مراجعة السياسة: تتم مراجعة هذه السياسة ربع سنوية من قبل رئيس أمن المعلومات لضمان فعاليتها وتوافقها مع التهديدات الناشئة والتحديثات التنظيمية.

5.0 تقييم المخاطر
5.1 المنهجية: تستخدم الشركة منهجية رسمية لتقييم المخاطر موثقة ومعتمدة من الإدارة العليا، وتتضمن أساليب نوعية وكمية لتقييم المخاطر.
5.2 تحديد المخاطر: تتضمن الإجراءات الموثقة تحديد الأصول وتقييمها، وتحديد التهديدات، وتحديد نقاط الضعف بشكل منهجي.
5.3 مقاييس الاحتمالية والتأثير: يتم استخدام مقاييس من 5 نقاط لتقييم الاحتمالية والتأثير، مع مصفوفة مخاطر تحدد مستويات المخاطر المجمعة.
5.4 معالجة المخاطر: بعد تحديد المخاطر وتقييمها، يتعين اتخاذ الإجراءات المناسبة لمعالجتها.
5.5 محفزات التقييم: تُعد تقييمات المخاطر إلزامية في المراحل المبكرة لمشاريع التكنولوجيا الجديدة، وقبل تغييرات البنية التحتية الرئيسية، وأثناء تخطيط التعاقد مع أطراف ثالثة، وقبل إصدار الخدمات الجديدة.
5.6 سجل المخاطر: يتم الاحتفاظ بسجل مخاطر شامل يتضمن معرف المخاطر",partially_compliant,0.93,1,password_policy|risk_assessment,0,0,0,0,0,0,0,0,0,0,0,1,0,0,0,0
mixed_minor_ar_4_20260307135030,ar,"**3.1 سياسة كلمات المرور**

**3.1.1 المتطلبات العامة لكلمة المرور**
يجب أن تكون كلمات المرور قوية ومعقدة لجميع أنظمة وتطبيقات المنظمة. يجب أن تفي كلمات المرور بالحد الأدنى من المتطلبات التالية:
*   الحد الأدنى 12 حرفًا.
*   احتواء 3 من أصل 4 أنواع من الأحرف (أحرف كبيرة، أحرف صغيرة، أرقام، أحرف خاصة).
*   عدم استخدام المعلومات الشخصية (مثل الاسم أو تاريخ الميلاد).
*   عدم استخدام كلمات القاموس الشائعة.

**3.1.2 انتهاء صلاحية كلمات المرور وإعادة الاستخدام**",non_compliant,0.07,15,password_policy,0,1,1,1,1,1,1,1,1,1,1,1,1,1,1,1
mixed_minor_ar_5_20260307135106,ar,"**3.0 سياسة الوصول والمصادقة**

**3.1 سياسة كلمات المرور**
تهدف هذه السياسة إلى ضمان أمان حسابات المستخدمين في الجامعة من خلال تحديد المتطلبات الدنيا لكلمات المرور.

**3.1.1 متطلبات كلمة المرور**
يجب أن تتكون كلمات المرور من 4 إلى 8 أحرف، وباستخدام الأحرف الأبجدية فقط (a-z، A-Z). يُنصح المستخدمون بتجنب استخدام معلومات شخصية أو كلمات سهلة التخمين. يجب تغيير كلمات المرور بحد أقصى كل 90 يومًا، ولا يمكن إعادة استخدام أي من آخر 12 كلمة مرور سابقة.

**3.1.2 إدارة الحسابات**
سيتم قفل حساب المستخدم تلقائيًا بعد 5 محاولات فاشلة لتسجيل الدخول، ويستمر قفل الحساب لمدة 30 دقيقة لضمان حماية كافية.

**3.1.3 إدارة الوصول المميز (PAM)**
تُطبق الجامعة حلول إدارة الوصول المميز (PAM) لجميع الحسابات ذات الصلاحيات العالية. يشمل ذلك الوصول في الوقت المناسب (JIT)، وتسجيل الجلسات، وتطبيق مبدأ الحد الأد",non_compliant,0.76,3,password_policy|risk_assessment,1,0,0,1,0,0,0,0,1,0,0,0,0,0,0,0
mixed_minor_ar_6_20260307135140,ar,"## 4.1 سياسة كلمات المرور

تحدد هذه السياسة المتطلبات الدنيا لإنشاء وإدارة كلمات المرور لحماية أنظمة وبيانات الوكالة الحكومية.

*   **4.1.1 متطلبات كلمة المرور:** يجب أن تفي جميع كلمات المرور بالمعايير التالية:
    *   الحد الأدنى 12 حرفاً.
    *   تحتوي على ثلاثة أنواع على الأقل من أصل أربعة (أحرف كبيرة، أحرف صغيرة، أرقام، رموز خاصة).
    *   لا تحتوي على معلومات شخصية أو كلمات من القاموس.
    *   تنتهي صلاحيتها بحد أقصى كل 90 يوماً.
    *   يجب ألا تكون من بين آخر 12 كلمة مرور مستخدمة.
*   **4.1.2 قفل الحساب:** سيتم قفل الحساب تلقائياً بعد 5 محاولات فاشلة لتسجيل الدخول، ويستمر القفل لمدة 30 دقيقة.
*   **4.1.3 إدارة الوصول المتميز (PAM):** يتم استخدام حل PAM لجميع الحسابات الإدارية والمميزة، مما يضمن الوصول في الوقت المناسب (JIT)، وتسجيل الجلسات، وتطبيق مبدأ الحد الأدنى من الامتيازات. يجب أن تكون الحسابات الإدارية منفصلة عن حسابات المستخدمين العادية، وتتم مراجعة الأذونات المميزة ربع سنوياً.
*   **4.1.4 تخزين كلمات المرور ونقلها:** يجب تخزين كلمات المرور مجزأة باستخدام خوارزميات قوية مثل Argon2 أو bcrypt، مع استخدام الملح (Salt). يجب ألا تُخزن كلمات المرور كنص عادي، ويجب أن يتم نقلها عبر قنوات مشفرة باستخدام TLS 1.2 أو أعلى.
*   **4.1.5 الأدوار والمسؤوليات:**
    *   **مدير أمن المعلومات (CISO):** الإشراف على سياسة كلمات المرور.
    *   **أمن تكنولوجيا المعلومات:** تطبيق ومراقبة متطلبات كلمات المرور وحلول PAM.
    *   **الموارد البشرية:** تدريب الموظفين الجدد على سياسة كلمات المرور.
    *   **الموظفون:** الالتزام بسياسات كلمات المرور وحماية بيانات الاعتماد الخاصة بهم.
تتم مراجعة هذه السياسة سنوياً لضمان فعاليتها وتوافقها مع التهديدات المتغيرة.

## 4.2 تقييم",partially_compliant,0.87,2,password_policy|risk_assessment,0,0,0,1,0,0,1,0,0,0,0,0,0,0,0,0
mixed_minor_ar_7_20260307135213,ar,"**1.0 الغرض والنطاق**
تحدد هذه السياسة متطلبات أمن المعلومات الأساسية للشركة، بهدف حماية الأصول الرقمية وضمان الامتثال التنظيمي. تسري هذه السياسة على جميع الموظفين، والمقاولين، والأنظمة التي تعالج بيانات الشركة.

**4.0 سياسة كلمات المرور**
*   **4.1 متطلبات التعقيد:** يجب أن تتكون كلمات المرور من 12 حرفًا على الأقل، وأن تتضمن 3 أنواع على الأقل من 4 أنواع من الأحرف (أحرف كبيرة، أحرف صغيرة، أرقام، أحرف خاصة). يُحظر استخدام المعلومات الشخصية أو كلمات القاموس الشائعة.",non_compliant,0.07,15,password_policy,0,1,1,1,1,1,1,1,1,1,1,1,1,1,1,1
mixed_minor_ar_8_20260307135247,ar,"**8. سياسة أمن المعلومات**

**8.1 سياسة كلمات المرور**

تلتزم المنظمة بالحفاظ على أعلى مستويات أمن المعلومات من خلال تطبيق سياسات قوية لكلمات المرور. يجب أن تفي كلمات المرور بالحد الأدنى من المتطلبات التالية: اثنا عشر (12) حرفًا على الأقل، تتضمن على الأقل ثلاثة من أربعة أنواع من الأحرف (أحرف كبيرة، أحرف صغيرة، أرقام، رموز خاصة). يُحظر استخدام المعلومات الشخصية أو كلمات القاموس. يجب أن تنتهي صلاحية كلمات المرور كل تسعين (90) يومًا بحد أقصى، ولا يُسمح بإعادة استخدام آخر اثني عشر (12) كلمة مرور. سيتم قفل الحسابات بعد خمس (5) محاولات فاشلة متتالية لتسجيل الدخول، ويستمر القفل لمدة ثلاثين (30) دقيقة. المصادقة متعددة العوامل (MFA) إلزامية للوصول عن بُعد، والحسابات ذات الامتيازات، والأنظمة الإدارية، باستخدام طرق معتمدة مثل FIDO2، وTOTP، والقياسات الحيوية. يجب استخدام حلول إدارة الوصول المميز (PAM) مع الوصول في الوقت المناسب (JIT)، وتسجيل الجلسات، ومبدأ الامتياز الأقل، وحسابات إدارية منفصلة، ويتم مراجعة حل PAM ربع سنويًا. يجب تشفير كلمات المرور باستخدام Argon2 أو bcrypt أو scrypt مع إضافة Salt قوية، ويتم نقلها عبر TLS 1.2 أو إصدارات أعلى، ولا يُسمح بتخزينها كنص عادي. كبير مسؤولي أمن المعلومات (CISO) مسؤول عن تطبيق هذه السياسة، مع دعم من أمن تقنية المعلومات والموارد البشرية في التوعية. يلتزم الموظفون بالامتثال. يراجع CISO هذه السياسة ربع سنويًا لتقييم فعاليتها ومواجهة التهديدات الناشئة وتحديثات الامتثال.

**8.2 تقييم المخاطر**

تتبع المنظمة منهجية رسمية وموثقة لتقييم المخاطر، معتمدة من الإدارة العليا، وتجمع بين النهج النوعي والكمي. تتضمن إجراءاتنا الموثقة تحديد الأصول وتقييمها، وتحديد التهديدات، وتحديد نقاط الضعف. يتم تقييم احتمالية وتأثير",partially_compliant,0.87,2,password_policy|risk_assessment,0,0,0,0,0,0,0,0,0,0,0,0,1,0,1,0
mixed_minor_ar_9_20260307135321,ar,"### 5.0 سياسة كلمات المرور
تهدف هذه السياسة إلى حماية معلومات وأنظمة الاتصالات الخاصة بالشركة من الوصول غير المصرح به من خلال فرض متطلبات قوية لكلمات المرور والمصادقة.

**5.1 متطلبات تعقيد كلمات المرور:**
يجب ألا تقل كلمات المرور عن 12 حرفًا، وأن تحتوي على 3 من أربعة أنواع من الأحرف (أحرف كبيرة، أحرف صغيرة، أرقام، رموز خاصة). يُحظر استخدام المعلومات الشخصية أو الكلمات الشائعة في القواميس.

**5.2 انتهاء صلاحية كلمات المرور وإعادة استخدامها:**
يجب انتهاء صلاحية كلمات المرور بحد أقصى كل 9",non_compliant,0.07,15,password_policy,0,1,1,1,1,1,1,1,1,1,1,1,1,1,1,1
mixed_minor_ar_10_20260307135354,ar,"### 3.0 سياسة كلمات المرور

تهدف هذه السياسة إلى ضمان حماية حسابات المستخدمين والأنظمة داخل شركة [اسم الشركة اللوجستية] من خلال فرض معايير قوية لكلمات المرور والمصادقة.

**3.1 متطلبات كلمة المرور**
يجب أن تتكون كلمات المرور من 4 إلى 8 أحرف كحد أدنى. يُسمح باستخدام الأحرف الأبجدية فقط (a-z) في كلمات المرور. يُسمح بتضمين معلومات شخصية مثل التواريخ أو الأسماء الشائعة في كلمات المرور. يجب تغيير كلمات المرور كل 90 يومًا كحد أقصى، ولا يجوز إعادة استخدام أي من آخر 12 كلمة مرور تم استخدامها.

**3.2 المصادقة وحماية الحساب**
لا يوجد قفل للحساب تلقائياً عند محاولات تسجيل الدخول الفاشلة. يُسمح بأكثر من 20 محاولة قبل أي إجراء، ثم يتم قفل الحساب لمدة 5 دقائق فقط. المصادقة متعددة العوامل (MFA) إلزامية للوصول عن بُعد، والحسابات ذات الامتيازات، وأنظمة الإدارة. الطرق المعتمدة تشمل FIDO2 وTOTP والقياسات الحيوية. تُطبق حلول إدارة الوصول المميز (PAM) لتوفير الوصول في الوقت المناسب (JIT)، وتسجيل الجلسات، وتطبيق مبدأ الحد الأدنى من الامتيازات، واستخدام حسابات إدارية منفصلة. تتم مراجعة الوصول المميز ربع سنويًا.

**3.3 تخزين ونقل كلمات المرور**
يجب تشفير كلمات المرور باستخدام خوارزميات التجزئة القوية مثل Argon2 أو bcrypt أو scrypt مع الملح (salt)، ويجب أن يتم نقلها عبر بروتوكول TLS 1.2 أو أحدث. لا يجوز تخزين كلمات المرور كنص عادي.

**3.4 الأدوار والمسؤوليات والمراجعة**
يقوم مدير أمن المعلومات (CISO) بمراجعة هذه السياسة ربع سنويًا لضمان فعاليتها وتحديثها لمواجهة التهديدات الناشئة والتغيرات التنظيمية. يتحمل مدير أمن المعلومات مسؤولية الإشراف، وفريق أمن تكنولوجيا المعلومات مسؤول عن التنفيذ، والموارد البشرية عن التدريب، والموظفون عن الالتزام.

### 4.0 تقييم المخاطر

تهدف هذه السياسة إلى تحديد وتحليل وتقييم المخاطر السيبرانية بشكل منهجي للحد من تعرض الشركة.

**4.1 منهجية تقييم المخاطر**
تستخدم الشركة منهجية رسمية وموثقة لتقييم المخاطر، معتمدة من الإدارة العليا، وتجمع بين النهج النوعي والكمي لتقييم جميع المخاطر المتعلقة بالأمن السيبراني. تتضمن الإجراءات الموثقة تحديد الأصول وتقييمها، وتحديد التهديدات المحتملة، وتحديد نقاط الضعف لجميع الأنظمة والعمليات. يتم تحديد مقاييس واضحة من 5 نقاط لاحتمالية حدوث المخاطر وتأثيرها. يتم استخدام مصفوفة مخاطر لربط الدرجات المجمعة بمستويات المخاطر (منخفضة، متوسطة، عالية، حرجة).

**4.2 معالجة المخاطر وإدارتها**
تتوفر أربعة خيارات لمعالجة المخاطر: القبول، التخفيف، النقل، والتجنب، مع معايير واضحة لاختيار كل خيار وخطط علاج موثقة. يعد تقييم المخاطر إلزاميًا في المراحل المبكرة لمشاريع التكنولوجيا الجديدة، وقبل إجراء تغييرات كبيرة في البنية التحتية، وأثناء التخطيط للتعامل مع الأطراف الثالثة، وقبل إصدار أي خدمات جديدة. يتم الاحتفاظ بسجل مخاطر مركزي يتضمن معرف المخاطرة، الوصف، المالك، الاحتمالية، التأثير، الدرجة، خطة المعالجة، الحالة، وتاريخ المراجعة لكل مخاطرة محددة.

**4.3 المراجعة والتكامل**
يجب مراجعة عملية تقييم المخاطر وسجل المخاطر سنويًا كحد أدنى، وتُفعّل المراجعة عند حدوث تغييرات تنظيمية أو قانونية. مدير أمن المعلومات هو السلطة المسؤولة عن المراجعة. يتم دمج تقييم المخاطر في بوابات إدارة المشاريع (البدء، التخطيط، الانطلاق)، ويتكامل مع خطط استمرارية الأعمال (BCM).",partially_compliant,0.89,2,password_policy|risk_assessment,1,0,1,0,0,0,0,0,0,0,0,0,0,0,0,0
pp_moderate_en_3_20260307135429,en,"1.0 Password Policy Statement

This policy establishes minimum requirements for the creation, protection, and management of passwords accessing the Agency's information systems and data. Adherence is mandatory for all personnel and critical to maintaining the security and integrity of our information assets.

2.0 Password Complexity Requirements

All user passwords for Agency systems must meet the following minimum complexity requirements:
    a.  Passwords must be at least six (6) characters in length.
    b.  Passwords must consist solely of alphabetic characters (a-z, A-Z).
    c.  There are no restrictions on the inclusion of personal information.

3.0 Password Expiration and History

User passwords must be updated every 365 days. Users are prohibited from reusing any of their last two (2) previous passwords when setting a new one.

4.0 Account Lockout Policy

To prevent brute-force attacks, user accounts will be temporarily locked after five (5) consecutive unsuccessful login attempts. Locked accounts will automatically unlock after thirty (30) minutes.

5.0 Multi-Factor Authentication (MFA) Requirements

Multi-Factor Authentication (MFA) is mandatory for all remote access to Agency networks and systems, all privileged accounts, and access to administrative systems. Approved MFA methods include FIDO2 security keys, Time-based One-Time Password (TOTP) applications, and registered biometric authentication.

6.0 Password Storage and Transmission

All passwords stored on Agency systems must be hashed using the Argon2 cryptographic algorithm with an appropriate salt. Passwords must never be stored in plain text. Transmission of passwords across networks must be encrypted using Transport Layer Security (TLS) version 1.2 or higher.

7.0 Privileged Account Management

Administrator accounts require careful handling due to their elevated access. While shared administrative accounts are permitted in certain operational contexts, their usage must be documented. There are no specific requirements for session monitoring of privileged access.

8.0 Roles and Responsibilities

The IT Department is responsible for the implementation, maintenance, and enforcement of this password policy, including system configuration to comply with requirements. Users are responsible for adhering to all policy stipulations.

9.0 Policy Review

This Password Policy will be reviewed annually by the IT Department to ensure its continued relevance and effectiveness.",partially_compliant,0.71,5,password_policy,1,1,0,0,1,0,1,1,0,0,0,0,0,0,0,0
pp_moderate_en_4_20260307135459,en,"### 4.0 Password Policy

This section outlines the requirements for creating, managing, and protecting passwords within [Organization Name] systems and networks to ensure the confidentiality, integrity, and availability of corporate information assets.

#### 4.1 Password Complexity
All user passwords must meet the following complexity requirements:
*   A minimum length of 12 characters.
*   Contain characters from at least three of the following four categories: uppercase letters (A-Z), lowercase letters (a-z), numbers (0-9), and special characters (!@#$%^&*).
*   Must not contain personal identifiable information (PII) such as user names, dates of birth, or common dictionary words.

#### 4.2 Password Lifespan and History
*   User passwords for standard accounts must be changed at least every 365 days.
*   New passwords cannot be any of the user’s previous three passwords.

#### 4.3 Account Lockout
*   User accounts will be automatically locked after 25 consecutive unsuccessful login attempts within a 30-minute period.
*   Locked accounts will be automatically unlocked after 5 minutes.

#### 4.4 Multi-Factor Authentication (MFA)
Multi-Factor Authentication (MFA) is highly recommended for all remote access and access to sensitive systems. The implementation details for MFA are managed by the IT Department.

#### 4.5 Privileged Account Management
Access to privileged accounts (e.g., administrators, system owners) must be managed through the corporate Privileged Access Management (PAM) solution. Privileged access will be Just-In-Time (JIT) and granted based on the principle of least privilege. All privileged sessions will be recorded. Separate, non-privileged accounts must be used for daily activities. Review of privileged account access is conducted quarterly.

#### 4.6 Password Storage and Transmission
All passwords must be stored securely within corporate systems. The transmission of passwords must occur through secure channels.

#### 4.7 Roles and Responsibilities
The IT Department is responsible for the implementation, maintenance, and enforcement of this password policy across all corporate systems. Users are responsible for adhering to all stated password requirements.

#### 4.8 Policy Review
This policy shall be reviewed quarterly by the Chief Information Security Officer (CISO). The review will assess the policy's effectiveness, address emerging threats, and ensure alignment with current regulatory requirements.",partially_compliant,0.71,5,password_policy,0,1,1,1,0,1,0,1,0,0,0,0,0,0,0,0
pp_moderate_en_5_20260307135532,en,"### 2.0 Password Policy

This section outlines requirements for creating, managing, and protecting passwords across the organization's computing environments. Adherence to these standards is mandatory for all employees, contractors, and third-party users accessing company systems.

#### 2.1 Password Complexity and Uniqueness

All passwords for company systems must meet the following minimum complexity:
*   A minimum length of 12 characters.
*   Contain characters from at least three of four categories: uppercase (A-Z), lowercase (a-z), digits (0-9), and special characters (!@#$%^&*).
*   Prohibit personal information (e.g., names, birthdays), common dictionary words, or simple sequential patterns.

#### 2.2 Password Expiration and History

User passwords are required to be changed at least every 90 days. Systems will prevent reuse of any of the last 12 previously used passwords.

#### 2.3 Account Lockout Mechanism

To deter brute-force attacks, user accounts will be temporarily locked after 20 consecutive failed login attempts. Locked accounts will automatically unlock after 5 minutes. Users may contact IT Help Desk for immediate assistance.

#### 2.4 Multi-Factor Authentication (MFA)

MFA is mandatory for all remote access, privileged accounts, and critical administrative systems. Approved MFA methods include FIDO2 security keys, Time-based One-Time Passwords (TOTP), and biometric authentication.

#### 2.5 Privileged Access Management (PAM)

All privileged access must be managed through the designated PAM solution. This solution enforces Just-in-Time (JIT) access, session recording, and least privilege. Separate, non-administrative accounts must be used for daily activities. Privileged access assignments will be reviewed quarterly.

#### 2.6 Password Storage and Transmission

Passwords must never be stored in plaintext. All stored passwords will be hashed using industry-standard, strong cryptographic algorithms (e.g., Argon2, bcrypt, or scrypt) with a unique salt. Password transmission must utilize secure protocols, specifically TLS 1.2 or higher.

#### 2.7 Roles and Responsibilities

The IT Department is responsible for implementing and maintaining technical controls related to password management, including system configurations. All employees are responsible for adhering to these password policy requirements and protecting their credentials.

#### 2.8 Policy Review

This Password Policy will be reviewed annually by the IT Department to ensure continued relevance and effectiveness against evolving security threats and organizational requirements.",partially_compliant,0.87,3,password_policy,0,0,1,0,0,0,1,1,0,0,0,0,0,0,0,0
pp_moderate_en_6_20260307135604,en,"**3.0 Password Policy**

**3.1 Password Complexity and Creation**
All user accounts for [Corporation Name] systems and applications must adhere to strict password complexity requirements. Passwords must be a minimum of 12 characters in length and include characters from at least three of the following four categories: uppercase letters, lowercase letters, digits, and special characters. Passwords must not contain personal identifiable information (e.g., employee ID, birthdate, full name) or common dictionary words.

**3.2 Password Expiration and History**
User passwords for standard accounts are required to be changed at least once every 365 days. Passwords for system accounts or service accounts, where automated rotation is not feasible, will be reviewed annually. Users are prohibited from reusing any of their last 3 previous passwords.

**3.3 Account Lockout**
To prevent brute-force attacks, user accounts will be temporarily locked after 25 consecutive failed login attempts within a 30-minute period. The account will automatically unlock after 5 minutes.

**3.4 Multi-Factor Authentication (MFA)**
Multi-Factor Authentication (MFA) is mandatory for all remote access to the corporate network, access to privileged accounts (e.g., domain administrators, database administrators), and access to critical administrative systems. Approved MFA methods include FIDO2 security keys, Time-based One-Time Password (TOTP) applications, and corporate-issued biometric authenticators.

**3.5 Privileged Access Management (PAM)**
Privileged accounts must be managed through the corporate Privileged Access Management (PAM) solution. Access to privileged resources will be granted on a Just-In-Time (JIT) basis, adhering strictly to the principle of least privilege. All privileged sessions will be recorded and regularly reviewed. Separate, non-privileged accounts must be used for routine tasks. Privileged access configurations and usage are subject to quarterly reviews by the Security Operations team.

**3.6 Password Storage and Transmission**
All passwords stored within [Corporation Name] systems must be securely hashed using cryptographically strong algorithms such as Argon2 or bcrypt, incorporating a unique salt for each password. Passwords shall never be stored in plaintext. Transmission of passwords over networks must always utilize secure, encrypted protocols, specifically TLS 1.2 or higher.

**3.7 Policy Review and Responsibilities**
This policy will be reviewed annually to ensure its continued relevance and effectiveness. The IT Department is responsible for the enforcement and implementation of this policy across all corporate systems and applications.",partially_compliant,0.82,4,password_policy,0,1,1,0,0,0,1,1,0,0,0,0,0,0,0,0
pp_moderate_en_7_20260307135634,en,"**3.2 Password Policy**

**3.2.1 Password Complexity Requirements**
All user accounts for accessing company systems and data must adhere to the following complexity standards. Passwords must be a minimum of twelve (12) characters in length. They must include characters from at least three (3) of the following four (4) categories: uppercase letters (A-Z), lowercase letters (a-z), digits (0-9), and special characters (!@#$%^&*()_+). Passwords must not contain personal information such as names, dates of birth, or common dictionary words, regardless of language. System-generated temporary passwords will comply with these requirements.

**3.2.2 Password Expiration and History**
To maintain security posture, all passwords for user accounts are required to be changed at least every ninety (90) days. The system will enforce a history check preventing users from reusing any of their last twelve (12) previous passwords. Users will be prompted to change their passwords before expiration, and access will be restricted until a new, compliant password is set.

**3.2.3 Account Lockout Policy**
For protection against brute-force attacks, user accounts will be automatically locked after five (5) consecutive unsuccessful login attempts. Locked accounts will remain inaccessible for a period of thirty (30) minutes, after which time users may attempt to log in again. Repeated lockouts may require assistance from the IT Department for account reset.

**3.2.4 Password Management and Storage**
Users are responsible for safeguarding their passwords and must not share them with anyone. The IT Department manages user accounts, including the initial setup of administrative accounts. The company's IT infrastructure handles the storage and transmission of all user passwords.

**3.2.5 Policy Review**
This Password Policy, along with other sections of the Information Security Policy, will be reviewed quarterly by the Chief Information Security Officer (CISO). This review will assess the policy's effectiveness, consider emerging threats, and ensure alignment with regulatory updates and best practices.",non_compliant,0.71,4,password_policy,0,0,0,1,1,1,0,1,0,0,0,0,0,0,0,0
pp_moderate_en_8_20260307135706,en,"**2.0 Password Policy**

This section outlines the requirements for creating, managing, and protecting passwords used to access [Company Name]'s information systems and resources. Adherence to these guidelines is mandatory for all employees, contractors, and third parties granted access to company assets.

**2.1 Password Complexity Standards**
All user-generated passwords must adhere to the following complexity requirements:
*   A minimum length of twelve (12) characters.
*   Contain characters from at least three (3) of the following four (4) categories: uppercase letters (A-Z), lowercase letters (a-z), digits (0-9), and special characters (e.g., !, @, #, $).
*   Must not contain personal information (e.g., username, full name, birth date) or dictionary words in any language.

**2.2 Password Lifetime and History**
User passwords for standard accounts must be changed at least once every three hundred and sixty-five (365) days. The system will maintain a history of the last three (3) unique passwords used, preventing their reuse.

**2.3 Account Lockout Policy**
To prevent brute-force attacks, user accounts will be automatically locked after five (5) consecutive failed login attempts. Locked accounts will remain inaccessible for a duration of thirty (30) minutes, after which they will automatically unlock, or can be manually unlocked by an authorized IT Security administrator.

**2.4 Password Storage and Transmission**
All passwords must be stored in a cryptographically hashed format using secure, industry-standard algorithms such as Argon2, bcrypt, or scrypt, combined with a unique salt for each password. Passwords must never be stored or transmitted in plaintext. Transmission of passwords over networks must always be protected by strong encryption, specifically TLS 1.2 or higher.

**2.5 Privileged Account Management**
Access to privileged accounts (e.g., system administrators, database administrators, security officers) must be strictly restricted to authorized personnel only, based on the principle of least privilege. Accounts used for administrative functions must be distinct from standard user accounts.

**2.6 Roles and Responsibilities**
*   **Chief Information Security Officer (CISO):** Responsible for the overall approval, oversight, and strategic direction of this policy.
*   **IT Security Department:** Responsible for implementing, enforcing, and monitoring compliance with this policy, as well as investigating any reported violations.
*   **Human Resources (HR):** Responsible for communicating disciplinary actions for non-compliance, in accordance with corporate HR policies.
*   **All Employees:** Responsible for understanding and adhering to all aspects of this password policy.

**2.7 Policy Review**
This Password Policy will undergo a formal review by the IT Security Department on an annual basis to ensure its continued relevance and effectiveness against evolving threats.",non_compliant,0.73,4,password_policy,0,1,0,1,1,0,1,0,0,0,0,0,0,0,0,0
pp_moderate_en_9_20260307135734,en,"**5.0 Password Management Policy**

**5.1 Password Complexity and Uniqueness**
All user passwords for accessing [Financial Institution Name] systems must meet the following minimum complexity requirements:
*   Minimum length of twelve (12) characters.
*   Contain characters from at least three (3) of the following four (4) categories: uppercase letters, lowercase letters, numbers, and special characters (e.g., !, @, #, $).
*   Must not contain personal information (e.g., name, birth date) or easily guessable dictionary words.
*   A minimum of three (3) previous passwords will be prevented from reuse.

**5.2 Account Lockout**
To prevent brute-force attacks, user accounts will be locked out following twenty-five (25) consecutive unsuccessful login attempts. Locked accounts will automatically unlock after five (5) minutes.

**5.3 Password Expiration**
User passwords are required to be changed annually. All system passwords will expire three hundred and sixty-five (365) days from the last change.

**5.4 Multi-Factor Authentication (MFA)**
MFA is mandatory for all remote access, privileged accounts, and access to administrative systems. Approved MFA methods include FIDO2 security keys, Time-based One-Time Password (TOTP) applications, and biometric authentication solutions.

**5.5 Privileged Access Management (PAM)**
Privileged access to critical systems is managed via an enterprise PAM solution. This includes Just-in-Time (JIT) access provisioning, session recording for audit purposes, adherence to the principle of least privilege, and the use of separate, non-privileged accounts for daily work. Access entitlements are reviewed quarterly.

**5.6 Password Storage and Transmission**
All stored passwords must be hashed using industry-standard, computationally intensive algorithms (e.g., Argon2, bcrypt, scrypt) with a unique salt for each password. Passwords must never be stored in plaintext. Transmission of passwords over networks must utilize secure protocols, specifically TLS 1.2 or higher.

**5.7 Roles and Responsibilities**
The IT Department is broadly responsible for the implementation and maintenance of systems enforcing this password policy.

**5.8 Policy Review**
This Password Management Policy will undergo a comprehensive review quarterly by the Chief Information Security Officer (CISO) to ensure its effectiveness, address emerging threats, and incorporate any relevant regulatory updates.",partially_compliant,0.87,3,password_policy,0,1,1,0,0,0,0,1,0,0,0,0,0,0,0,0
pp_moderate_en_10_20260307135806,en,"**3.0 Password Policy**

This section outlines the mandatory requirements for creating, managing, and protecting passwords used to access company systems and data. Adherence to this policy is essential for all employees, contractors, and third parties granted access to [Company Name] resources and is critical for maintaining the confidentiality, integrity, and availability of our information assets.

**3.1 Password Complexity Requirements**
All user passwords, including those for service accounts and applications, must meet the following minimum complexity standards:
*   A minimum length of twelve (12) characters.
*   Contain characters from at least three (3) of the following four (4) categories: uppercase letters (A-Z), lowercase letters (a-z), numbers (0-9), and special characters (e.g., !@#$%^&*()).
*   Must not contain personal information (e.g., name, birthdate, employee ID, company name) or common dictionary words in any language.
*   Must not be identical to any of the user’s previous three (3) passwords.

**3.2 Account Lockout**
To protect against unauthorized access attempts, user accounts will be automatically locked after five (5) consecutive failed login attempts. Accounts will remain locked for a mandatory period of thirty (30) minutes. Users requiring immediate account unlocking must contact the IT Service Desk, providing proper identification.

**3.3 Password Storage and Transmission**
User passwords must never be stored in plaintext format on any system. All stored passwords must be hashed using industry-standard, computationally-intensive algorithms such as Argon2, bcrypt, or scrypt, combined with a unique cryptographic salt for each password. The transmission of passwords across any network must occur only over secure, encrypted channels utilizing TLS 1.2 or higher protocols.

**3.4 Privileged Access Management (PAM)**
Access to all privileged accounts (e.g., system administrators, database administrators, network engineers) is strictly managed through a dedicated Privileged Access Management (PAM) solution. This solution enforces Just-In-Time (JIT) access, least privilege principles, and includes comprehensive session recording for all privileged activities. Separate, non-administrative user accounts must be used for routine, non-privileged tasks. Access entitlements for all privileged accounts are subject to a mandatory quarterly review by the IT Security Team.

**3.5 Password Expiration**
User passwords for standard accounts do not expire automatically. Users are strongly encouraged to proactively change their passwords if they suspect compromise, observe unusual account activity, or if prompted by system administrators as part of a security directive.

**3.6 Roles and Responsibilities**
*   **Chief Information Security Officer (CISO):** Responsible for the overall approval, strategic direction, and enforcement framework of this password policy.
*   **IT Security Team:** Responsible for implementing, monitoring, and maintaining technical controls related to password management, and for responding to security incidents involving passwords.
*   **Human Resources (HR):** Ensures that all new employees are educated on this policy during onboarding and collaborates with IT Security on disciplinary actions for non-compliance.
*   **Employees:** Are personally responsible for adhering to all aspects of this policy, protecting their passwords, and immediately reporting any suspected password compromise to the IT Service Desk.

**3.7 Policy Review**
This Cybersecurity Policy, including all sections pertaining to password management, is subject to an annual review by the CISO and IT Security Team to ensure its continued relevance, effectiveness, and alignment with evolving threat landscapes.",partially_compliant,0.82,3,password_policy,0,1,0,1,0,0,1,0,0,0,0,0,0,0,0,0
pp_moderate_ar_3_20260307135838,ar,"**3.0 سياسة كلمات المرور**

**3.1 الغرض**
تهدف هذه السياسة إلى تحديد متطلبات إنشاء كلمات مرور قوية وحمايتها واستخدامها لضمان سرية وتكامل وأمن أنظمة ومعلومات شركة تليكوم النمو السريع. يلتزم جميع المستخدمين في الشركة بهذه السياسة لحماية الأصول الرقمية.

**3.2 النطاق**
تنطبق هذه السياسة على جميع الموظفين والمتعاقدين والأطراف الثالثة التي لديها وصول إلى أنظمة وتطبيقات وخدمات شركة تليكوم النمو السريع، بما في ذلك حسابات المستخدمين العادية وحسابات المسؤولين.

**3.3 متطلبات كلمة المرور**
يجب على جميع المستخدمين الالتزام بالمتطلبات التالية عند إنشاء وإدارة كلمات المرور الخاصة بهم:
*   **3.3.1 التعقيد:** يجب أن تتكون كلمات المرور من 12 حرفًا على الأقل. يجب أن تتضمن كلمات المرور ثلاثة أنواع على الأقل من أربعة أنواع أحرف: أحرف كبيرة (Uppercase)، أحرف صغيرة (Lowercase)، أرقام (Digits)، أحرف خاصة (Special Characters). يجب ألا تحتوي كلمات المرور على معلومات شخصية معروفة، مثل اسم المستخدم أو تاريخ الميلاد، أو كلمات من القواميس الشائعة.
*   **3.3.2 انتهاء الصلاحية:** يجب على جميع المستخدمين تغيير كلمات المرور الخاصة بهم مرة واحدة على الأقل كل 365 يومًا. يجب أن تتذكر الأنظمة ما يصل إلى آخر 3 كلمات مرور مستخدمة لمنع إعادة استخدام كلمة المرور نفسها في الدورات القريبة.
*   **3.3.3 قفل الحساب:** سيتم قفل حساب المستخدم تلقائيًا بعد 25 محاولة فاشلة لتسجيل الدخول. سيتم إعادة فتح الحساب المقفل تلقائيًا بعد فترة 5 دقائق.

**3.4 إدارة كلمات المرور**
*   **3.4.1 التخزين والنقل:** يجب تخزين كلمات المرور في أنظمة الشركة بشكل مشفر باستخدام خوارزميات تجزئة قوية ومقاومة للتكسير مثل Argon2 أو bcrypt أو scrypt، مع إضافة 'salt' فريد لكل كلمة مرور. يجب عدم تخزين كلمات المرور كنص عادي تحت أي ظرف من الظروف. يجب نقل كلمات المرور عبر اتصالات شبكة مشفرة باستخدام بروتوكولات آمنة، مثل TLS 1.2 أو أحدث.
*   **3.4.2 حسابات المسؤولين:** يجب على أقسام تكنولوجيا المعلومات إدارة حسابات المسؤولين بشكل مناسب. يُسمح باستخدام حسابات المسؤولين المشتركة للفرق عند الضرورة لضمان استمرارية العمليات، مع التأكد من إبلاغ جميع المستخدمين بالمسؤولية المشتركة.

**3.5 الأدوار والمسؤوليات**
يتحمل قسم تكنولوجيا المعلومات (IT Department) المسؤولية العامة عن تنفيذ هذه السياسة ومراقبة الامتثال لها عبر جميع أنظمة الشركة.

**3.6 مراجعة السياسة**
تتم مراجعة هذه السياسة بشكل ربع سنوي من قبل كبير مسؤولي أمن المعلومات (CISO) بالشركة. تهدف المراجعة إلى ضمان استمرار فعاليتها وتوافقها مع التهديدات الأمنية الناشئة والتحديثات التنظيمية وأفضل الممارسات الصناعية.",non_compliant,0.69,5,password_policy,0,1,1,1,1,0,0,1,0,0,0,0,0,0,0,0
pp_moderate_ar_4_20260307135908,ar,"**4.0 سياسة كلمات المرور**

**4.1 تعقيد كلمة المرور ومتطلباتها**
يجب أن تتكون كلمات المرور للموظفين من 4 إلى 8 أحرف على الأقل. يجب أن تتكون كلمات المرور من أحرف أبجدية فقط. يُسمح باستخدام المعلومات الشخصية السهلة التخمين مثل أسماء الحيوانات الأليفة أو تواريخ الميلاد في كلمات المرور لتسهيل تذكرها.

**4.2 انتهاء صلاحية كلمة المرور**
يجب على جميع الموظفين تغيير كلمات المرور الخاصة بهم بحد أقصى كل 90 يومًا. لضمان التنوع، لا يجوز إعادة استخدام أي من آخر 12 كلمة مرور تم استخدامها بواسطة المستخدم نفسه.

**4.3 سياسة قفل الحساب**
لا توجد سياسة قفل تلقائي مطبقة للحسابات بعد محاولات تسجيل الدخول الفاشلة. يُسمح للمستخدمين بما يزيد عن 20 محاولة فاشلة لتسجيل الدخول قبل الحاجة إلى إعادة تعيين يدوية. في حال تم قفل الحساب يدوياً أو بناءً على استثناءات خاصة، يتم تحريره تلقائياً بعد 5 دقائق فقط.

**4.4 المصادقة متعددة العوامل (MFA)**
تعد المصادقة متعددة العوامل إلزامية لجميع عمليات الوصول عن بُعد إلى أنظمة المؤسسة، ولجميع الحسابات ذات الامتيازات، وللدخول إلى أنظمة الإدارة الأساسية. تشمل الأساليب المعتمدة للمصادقة متعددة العوامل FIDO2، ورموز مرور الوقت لمرة واحدة (TOTP)، والمصادقة البيومترية المعتمدة.

**4.5 إدارة الوصول المميز (PAM)**
تطبق المؤسسة حل إدارة الوصول المميز (PAM) لجميع الحسابات ذات الامتيازات. يجب أن يتم الوصول في الوقت المناسب (JIT)، وتسجيل الجلسة، وتطبيق مبدأ الحد الأدنى من الامتيازات بشكل صارم. يجب استخدام حسابات منفصلة ومخصصة للمسؤولين، ويتم مراجعة جميع امتيازات PAM ربع سنويًا.

**4.6 تشفير وتخزين كلمات المرور**
يجب تشفير كلمات المرور المخزنة في أنظمة المؤسسة باستخدام وظائف التجزئة القوية مثل Argon2 أو bcrypt أو scrypt، ويجب أن تتضمن عملية التجزئة استخدام الملح (salt) لزيادة الأمان. يجب أن يتم نقل كلمات المرور عبر بروتوكولات آمنة مثل TLS 1.2 أو أعلى. لا يُسمح بتخزين كلمات المرور كنص عادي تحت أي ظرف من الظروف.

**4.7 الأدوار والمسؤوليات**
يتولى قسم تكنولوجيا المعلومات المسؤولية العامة عن إدارة أمن كلمات المرور وتطبيق هذه السياسة داخل المؤسسة. تُعتبر جميع تفاصيل التنفيذ والمراقبة والتحديثات من مسؤوليات قسم تكنولوجيا المعلومات بشكل شامل دون تحديد أدوار فردية محددة.

**4.8 مراجعة السياسة**
تتم مراجعة هذه السياسة سنويًا لضمان استمرار ملاءمتها وفعاليتها مع المتطلبات التنظيمية والتهديدات المتطورة. يمكن إجراء مراجعات إضافية حسب تقدير قسم تكنولوجيا المعلومات أو عند الحاجة إلى تحديثات فورية بسبب حوادث أمنية أو تغييرات في البنية التحتية.",non_compliant,0.33,11,password_policy,1,0,1,0,0,0,0,1,1,1,1,1,1,1,1,1
pp_moderate_ar_5_20260307135941,ar,"5.0 سياسة كلمات المرور

5.1 الهدف
تهدف هذه السياسة إلى تحديد متطلبات صارمة لإنشاء كلمات المرور وحمايتها وإدارتها داخل [اسم المؤسسة التعليمية الإقليمية]، لضمان حماية البيانات والأنظمة من الوصول غير المصرح به.

5.2 النطاق
تنطبق هذه السياسة على جميع المستخدمين، بما في ذلك الموظفين والطلاب والمقاولين، وكذلك على جميع الأنظمة والتطبيقات والموارد التي تتطلب المصادقة باستخدام كلمة مرور داخل [اسم المؤسسة التعليمية الإقليمية].

5.3 متطلبات تعقيد كلمة المرور
يجب أن تتكون كلمات المرور من 4 إلى 8 أحرف. يجب أن تقتصر",non_compliant,0.0,16,password_policy,1,1,1,1,1,1,1,1,1,1,1,1,1,1,1,1
pp_moderate_ar_6_20260307140010,ar,"**6.0 User Authentication and Password Management**

**6.1 General Password Requirements**
All personnel are required to adhere to the following password standards for all corporate systems. Passwords must have a minimum length of 4 characters and a maximum length of 8 characters. Passwords are restricted to alphabetic characters (a-z, A-Z) only. Employees are permitted to incorporate personal information, such as names or significant dates, into their passwords for ease of recall. User passwords for all corporate systems must be changed at least every 90 days. To prevent reuse, users are prohibited from reusing any of their last twelve (12) previously used passwords.

**6.2 Privileged Access Management (PAM)**
All privileged accounts are managed through a dedicated Privileged Access Management (PAM) solution. This solution enforces Just-In-Time (JIT) access, comprehensive session recording, and strict adherence to the principle of least privilege. Separate, dedicated administrator accounts are mandatory for all administrative functions. The PAM configuration and all associated access logs are subject to a quarterly review.

**6.3 Multi-Factor Authentication (MFA)**
Multi-Factor Authentication (MFA) is strictly mandatory for all remote access to corporate networks, for all privileged accounts, and for access to all administrative systems. Approved MFA methods include FIDO2 security keys, Time-based One-Time Passwords (TOTP) applications, and approved biometric authentication solutions.

**6.4 Account Lockout**
To prevent brute-force attacks, user accounts will be temporarily locked after 25 consecutive failed login attempts. The lockout duration is set for a period of 5 minutes.

**6.5 Password Storage and Transmission**
All stored passwords within corporate systems must be protected using robust cryptographic hashing algorithms, specifically Argon2, bcrypt, or scrypt, combined with a unique salt for each password. Passwords must never be stored in plaintext. The transmission of passwords across networks must utilize secure and encrypted protocols, specifically TLS 1.2 or higher.

**6.6 Policy Review and Responsibilities**
This Password Policy will be reviewed on an annual basis. Additionally, ad-hoc reviews may be conducted as deemed necessary by relevant management personnel. The IT Department bears the primary responsibility for the day-to-day management and enforcement of system security. Specific roles and explicit responsibilities for the oversight and continuous improvement of this password policy are generally handled by existing IT personnel.",partially_compliant,0.8,4,password_policy,1,0,1,0,0,0,1,1,0,0,0,0,0,0,0,0
pp_moderate_ar_7_20260307140039,ar,"## 5.0 سياسة كلمات المرور

تهدف هذه السياسة إلى تحديد المتطلبات الدنيا لإنشاء وإدارة واستخدام كلمات المرور ضمن شركة [اسم الشركة المصنعة] لضمان حماية المعلومات والأنظمة ضد الوصول غير المصرح به.

### 5.1 تعقيد كلمة المرور
يجب أن تفي جميع كلمات المرور بالحد الأدنى من متطلبات التعقيد التالية:
*   الحد الأدنى 12 حرفًا في الطول.
*   يجب أن تحتوي على ثلاثة (3) على الأقل من الفئات الأربع التالية من الأحرف:
    *   أحرف كبيرة (A-Z)
    *   أحرف صغيرة (a-z)
    *   أرقام (0-9)
    *   رموز خاصة (!@#$%^&*()_+{}|:""<>?[]\;',./`~)
*   يُمنع منعًا باتًا استخدام المعلومات الشخصية (مثل أسماء المستخدمين أو تواريخ الميلاد أو أسماء أفراد العائلة) أو كلمات القاموس الشائعة.

### 5.2 انتهاء صلاحية كلمة المرور
يجب أن تنتهي صلاحية كلمات المرور بحد أقصى كل تسعين (90) يومًا. لن يسمح النظام بإعادة استخدام أي من آخر اثني عشر (12) كلمة مرور سابقة.

### 5.3 قفل الحساب
لضمان سهولة استخدام المستخدم، يسمح النظام بما يصل إلى 20 محاولة تسجيل دخول فاشلة متتالية قبل بدء فترة قفل مؤقتة مدتها 5 دقائق. يُنصح المستخدمون بتذكر كلمات المرور الخاصة بهم لتجنب هذا الإزعاج البسيط.

### 5.4 المصادقة متعددة العوامل (MFA)
تُعد المصادقة متعددة العوامل إلزامية لجميع عمليات الوصول عن بعد، ولحسابات الامتياز، ولجميع أنظمة الإدارة. يجب استخدام طرق المصادقة متعددة العوامل المعتمدة فقط، والتي تشمل FIDO2، و TOTP (كلمة المرور لمرة واحدة المستندة إلى الوقت)، والقياسات الحيوية.

### 5.5 إدارة الوصول المميز (PAM)
يجب إدارة الوصول المميز من خلال حل PAM المخصص الذي يفرض الوصول في الوقت المناسب (JIT)، ويسجل جلسات المستخدم، ويطبق مبدأ الحد الأدنى من الامتيازات. يجب استخدام حسابات إدارية منفصلة للوصول المميز، وسيتم مراجعة جميع امتيازات الوصول بشكل ربع سنوي.

### 5.6 تخزين ونقل كلمات المرور
المستخدمون مسؤولون وحدهم عن التخزين الآمن لكلمات المرور الخاصة بهم. لا توجد متطلبات تنظيمية محددة لطريقة تخزين أو نقل كلمات مرور المستخدمين بخلاف الحذر العام.

### 5.7 الأدوار والمسؤوليات ومراجعة السياسة
إدارة تكنولوجيا المعلومات مسؤولة عن صيانة البنية التحتية التقنية التي تدعم إدارة كلمات المرور. جميع الموظفين مسؤولون عن الالتزام بهذه السياسة. ستتم مراجعة هذه السياسة ربع سنويًا من قبل مسؤول أمن المعلومات (CISO) لضمان فعاليتها ومعالجة التهديدات الناشئة ودمج التحديثات التنظيمية.",partially_compliant,0.84,3,password_policy,0,0,1,0,0,1,0,1,0,0,0,0,0,0,0,0
pp_moderate_ar_8_20260307140114,ar,"**3.4 سياسة كلمات المرور**

تهدف هذه السياسة إلى تحديد متطلبات إنشاء وإدارة كلمات المرور لحماية أنظمة وبيانات [اسم الشركة] من الوصول غير المصرح به. الالتزام بهذه السياسة إلزامي لجميع المستخدمين.

**3.4.1 متطلبات تعقيد كلمة المرور**
يجب أن تفي كلمات المرور بالمعايير التالية:
*   الحد الأدنى للطول: 4 أحرف؛ الحد الأقصى: 8 أحرف.
*   يجب أن تتكون كلمات المرور من أحرف أبجدية فقط.
*   لا ينصح باستخدام المعلومات الشخصية مثل اسم المستخدم أو تاريخ الميلاد، ولكن لا يتم حظرها بشكل صريح.

**3.4.2 انتهاء صلاحية كلمة المرور وإعادة الاستخدام**
*   يجب تغيير كلمات المرور بحد أقصى كل 90 يومًا.
*   لا يمكن إعادة استخدام أي من آخر 12 كلمة مرور تم استخدامها.

**3.4.3 قفل الحساب**
في حالة إدخال كلمة مرور غير صحيحة، سيتم السماح بـ 20 محاولة فاشلة. بعد المحاولة رقم 21، سيتم قفل الحساب لمدة 5 دقائق.

**3.4.4 المصادقة متعددة العوامل (MFA)**
يوصى بشدة باستخدام المصادقة متعددة العوامل (MFA) للحسابات التي تصل إلى البيانات الحساسة، وهي متاحة كخيار أمان إضافي.

**3.4.5 إدارة الوصول المميز (PAM)**
تتطلب جميع الحسابات ذات الامتيازات (مثل حسابات المسؤولين) حلول إدارة الوصول المميز (PAM)، والتي تشمل توفير وصول Just-In-Time (JIT)، وتسجيل جلسات العمل، وتطبيق مبدأ الامتياز الأقل، واستخدام حسابات إدارية منفصلة. تتم مراجعة الوصول المميز ربع سنويًا لضمان الامتثال.

**3.4.6 تخزين ونقل كلمات المرور**
يجب تخزين كلمات المرور بطريقة مجزأة باستخدام خوارزميات تجزئة آمنة (مثل Argon2 أو bcrypt أو scrypt) مع استخدام ملح (salt) فريد لكل كلمة مرور، وعدم تخزينها بنص واضح (plaintext). يجب أن يتم نقل كلمات المرور عبر بروتوكولات آمنة مثل TLS 1.2 أو أعلى.

**5.1 الأدوار والمسؤوليات الرئيسية**
*   **مسؤول أمن المعلومات (CISO):** الإشراف العام على سياسة كلمات المرور وفعاليتها.
*   **فريق أمن تكنولوجيا المعلومات:** تنفيذ السياسات وتكوين الأنظمة لفرض المتطلبات.
*   **الموارد البشرية:** ضمان فهم الموظفين الجدد لسياسة كلمات المرور كجزء من عملية الإعداد.
*   **الموظفون:** الالتزام الصارم بجميع متطلبات سياسة كلمات المرور وحماية بيانات اعتمادهم.

**6.1 مراجعة السياسة**
ستتم مراجعة هذه السياسة بشكل ربع سنوي من قبل مسؤول أمن المعلومات (CISO) وفريق أمن تكنولوجيا المعلومات. ستغطي المراجعة فعالية السياسة، والتهديدات الناشئة، وتحديثات اللوائح التنظيمية، وأي تعديلات ضرورية.",partially_compliant,0.8,3,password_policy,1,0,1,1,0,0,0,0,0,0,0,0,0,0,0,0
pp_moderate_ar_9_20260307140148,ar,"**9.0 سياسة كلمات المرور**

تحدد هذه السياسة المتطلبات الدنيا لإنشاء كلمات المرور وتخزينها واستخدامها لحماية أصول شركة [اسم الشركة] من الوصول غير المصرح به. تنطبق هذه السياسة على جميع الموظفين والمقاولين والأطراف الخارجية الذين لديهم وصول إلى أنظمة الشركة.

**9.1 متطلبات تعقيد كلمات المرور**
يجب أن تفي جميع كلمات مرور المستخدمين بالحد الأدنى من متطلبات التعقيد التالية:
*   الحد الأدنى للطول 12 حرفًا.
*   تحتوي على أحرف من ثلاث فئات على الأقل من الفئات الأربع التالية: أحرف كبيرة (A-Z)، أحرف صغيرة (a-z)، أرقام (0-9)، وأحرف خاصة (مثل !@#$%^&*).
*   يجب ألا تحتوي على معلومات شخصية (مثل اسم المستخدم، الاسم الكامل، اسم الشركة) أو كلمات قاموس يسهل تخمينها.

**9.2 انتهاء صلاحية كلمات المرور وسجلها**
*   كلمات مرور المستخدمين للحسابات القياسية لا تتطلب انتهاء صلاحية إجباريًا.
*   يجب على الحسابات الإدارية تغيير كلمات مرورها مرة واحدة على الأقل كل 365 يومًا.
*   يتم الاحتفاظ بسجل كلمات مرور يبلغ 3، مما يمنع المستخدمين من إعادة استخدام آخر 3 كلمات مرور لهم.

**9.3 قفل الحساب**
*   سيتم قفل حسابات المستخدمين تلقائيًا بعد 5 محاولات فاشلة متتالية لتسجيل الدخول.
*   ستظل الحسابات المقفلة مغلقة لمدة 30 دقيقة قبل إلغاء قفلها تلقائيًا.

**9.4 المصادقة متعددة العوامل (MFA)**
المصادقة متعددة العوامل (MFA) إلزامية لـ:
*   جميع أشكال الوصول عن بعد إلى شبكة الشركة وأنظمتها.
*   جميع الحسابات المميزة (مثل حسابات المسؤولين).
*   الوصول إلى أنظمة الإدارة الحيوية.
تشمل طرق المصادقة متعددة العوامل المعتمدة مفاتيح أمان FIDO2، وكلمات المرور لمرة واحدة المستندة إلى الوقت (TOTP)، وطرق القياسات الحيوية المعتمدة.

**9.5 إدارة الوصول المميز**
تُستخدم حسابات المسؤولين لإدارة الأنظمة الحيوية. يتولى قسم تكنولوجيا المعلومات مسؤولية إدارة هذه الحسابات لضمان التشغيل السلس للبنية التحتية للشركة.

**9.6 تشفير وتخزين كلمات المرور**
*   يجب تخزين جميع كلمات المرور باستخدام خوارزميات تجزئة تشفير قوية أحادية الاتجاه مثل Argon2 أو bcrypt أو scrypt، مع استخدام الملح (salt) لكل كلمة مرور بشكل فريد.
*   يجب ألا تُخزن كلمات المرور كنص عادي أبدًا.
*   يجب أن يتم نقل كلمات المرور عبر الشبكات باستخدام بروتوكولات آمنة، وتحديدًا TLS 1.2 أو أحدث.

**9.7 مراجعة السياسة**
تتم مراجعة سياسة كلمات المرور هذه بشكل سنوي أو عند الحاجة للتأكد من توافقها مع أفضل الممارسات الأمنية الداخلية والخارجية.

**9.8 الأدوار والمسؤوليات**
قسم تكنولوجيا المعلومات مسؤول عن تنفيذ هذه السياسة والإشراف على تطبيقها وصيانتها. يتوجب على جميع الموظفين والمقاولين والأطراف الخارجية الالتزام بمتطلبات هذه السياسة بشكل كامل.",partially_compliant,0.78,4,password_policy,0,1,0,0,1,0,1,1,0,0,0,0,0,0,0,0
pp_moderate_ar_10_20260307140224,ar,"3.0 سياسة كلمات المرور

3.1 الغرض
تهدف هذه السياسة إلى تحديد المتطلبات الدنيا لكلمات المرور وتدابير المصادقة لضمان حماية أصول ومعلومات الشركة ضد الوصول غير المصرح به أو الاختراق. تطبق هذه السياسة على جميع الموظفين والمقاولين والأنظمة التي تديرها الشركة.

3.2 متطلبات تعقيد كلمة المرور
يجب أن تتكون جميع كلمات المرور من 12 حرفاً على الأقل، وأن تحتوي على ثلاثة أنواع على الأقل من أصل أربعة أنواع من الأحرف (أحرف كبيرة، أحرف صغيرة، أرقام، رموز خاصة). يمنع منعاً باتاً استخدام المعلومات الشخصية مثل الاسم أو تاريخ الميلاد، أو كلمات القاموس الشائعة، أو سلاسل الأحرف المتتالية البسيطة كجزء من كلمة المرور.

3.3 انتهاء صلاحية كلمة المرور وتاريخها
يجب على المستخدمين تغيير كلمات مرورهم مرة واحدة على الأقل كل 365 يوماً. يجب ألا تكون كلمة المرور الجديدة واحدة من آخر 3 كلمات مرور سابقة استخدمها المستخدم للحساب نفسه.

3.4 قفل الحساب
سيتم قفل الحساب مؤقتاً لمدة 5 دقائق بعد 20 محاولة تسجيل دخول فاشلة متتالية. بعد انتهاء فترة القفل، يمكن للمستخدم إعادة المحاولة لتسجيل الدخول.

3.5 المصادقة متعددة العوامل (MFA)
تعد المصادقة متعددة العوامل (MFA) إلزامية لجميع عمليات الوصول عن بُعد إلى شبكة الشركة أو أنظمتها، وللوصول إلى جميع الحسابات ذات الامتيازات (مثل حسابات المسؤول) وأنظمة الإدارة",partially_compliant,0.71,5,password_policy,0,1,1,0,1,1,1,0,0,0,0,0,0,0,0,0
ra_moderate_en_3_20260307140255,en,"**4.1 Information Risk Assessment**

Effective information risk assessment is fundamental to safeguarding patient data, intellectual property, and operational continuity across MedGlobal Inc.'s global operations. Our approach ensures that potential threats and vulnerabilities to information assets are systematically understood.

**4.1.1 Risk Identification**
Information Security teams are mandated to conduct thorough risk identification procedures. This includes:
a.  **Asset Identification and Valuation:** Cataloging all critical information assets, including patient records, research data, and operational systems, with assigned business impact values based on established criteria.
b.  **Threat Identification:** Identifying potential internal and external threats, such as cyber-attacks, insider threats, and environmental hazards, relevant to our global healthcare environment.
c.  **Vulnerability Identification:** Pinpointing weaknesses in systems, processes, and personnel that could be exploited by identified threats.

**4.1.2 Likelihood and Impact Assessment**
Identified risks are evaluated using a standardized 5-point scale for both likelihood (Very Low, Low, Moderate, High, Very High) and impact (Negligible, Minor, Moderate, Major, Catastrophic). A comprehensive risk matrix then maps combined likelihood and impact scores to determine an overall risk level (Low, Moderate, High, Critical).

**4.1.3 Risk Treatment Options**
Following assessment, risks are assigned one of four treatment options based on a cost-benefit analysis and strategic alignment:
a.  **Accept:** When the residual risk level is deemed acceptable given business objectives and compliance obligations.
b.  **Mitigate:** Implementing controls to reduce likelihood or impact to an acceptable level.
c.  **Transfer:** Shifting risk responsibility to a third party, often via insurance or contractual agreements.
d.  **Avoid:** Eliminating the activity or system causing the risk.
All selected treatment plans must be documented, including specific actions, timelines, and responsible parties.

**4.1.4 Risk Register Management**
All identified risks, their assessments, and treatment plans are recorded in a centralized Risk Register. Each entry includes a unique Risk ID, detailed description, designated Risk Owner, assessed likelihood, impact, overall score, chosen treatment, current status, and date of last review.

**4.1.5 Mandatory Assessment Triggers**
Risk assessments are mandatory for:
a.  Early-stage technology projects and system implementations.
b.  Prior to major infrastructure changes or upgrades.
c.  During the planning and onboarding phases of new third-party vendors or services.
d.  Before the release of new patient services or digital products.

**4.1.6 Assessment Procedures and Review**
While critical issues are escalated, Information Security teams routinely look into potential issues and assess risks on a case-by-case basis to address immediate concerns. Assessment processes are developed as needed to inform decision-making. These assessments are conducted independently to provide a focused security perspective, distinct from broader project management or business continuity planning activities. Risk assessments are reviewed primarily when significant problems, incidents, or regulatory changes are identified, ensuring immediate attention to emerging threats.",partially_compliant,0.82,3,risk_assessment,0,0,0,0,0,0,0,0,1,0,0,0,0,0,1,1
ra_moderate_en_4_20260307140322,en,"## 4.0 Information Security Risk Assessment

**4.1 Risk Management Methodology**
Apex Manufacturing employs a formal, documented, and senior management-approved information security risk management methodology. This methodology incorporates both qualitative and, where feasible, quantitative approaches to systematically identify, analyze, and evaluate potential threats and vulnerabilities to the organization's information assets and operational technologies.

**4.2 Risk Identification**
Risk identification involves the process of identifying potential threats and vulnerabilities that could impact Apex Manufacturing's information assets. This process aims to understand the landscape of potential risks to the confidentiality, integrity, and availability of critical information and operational systems.

**4.3 Risk Assessment and Evaluation**
Each identified risk is assessed for its likelihood of occurrence and the potential impact it would have on the business operations and objectives. Likelihood and impact are categorized as High, Medium, or Low. These subjective categories inform the overall risk level, which is then used to prioritize further action.

**4.4 Risk Register**
All identified and assessed risks are recorded in a central Risk Register maintained by the Information Security department. The register must include, at a minimum, a unique Risk ID, a detailed description of the risk, the assigned risk owner, the assessed likelihood, the potential impact, the calculated risk score, the selected treatment option, the current status of the risk, and a designated review date.

**4.5 Risk Treatment**
Apex Manufacturing considers four primary risk treatment options: Accept, Mitigate, Transfer, or Avoid. The selection of an appropriate treatment option is based on defined criteria, considering cost-effectiveness, feasibility, and alignment with business objectives. A documented treatment plan must be developed and approved for all chosen strategies, especially for mitigation efforts.

**4.6 Assessment Triggers and Reviews**
Information security risk assessments are conducted periodically and on an ad-hoc basis when deemed necessary by the Information Security Committee. The Risk Register is reviewed, and risks are re-evaluated as needed, particularly when issues or incidents are identified.

**4.7 Integration with Organizational Processes**
Risk assessment is an integral part of Apex Manufacturing's project management lifecycle, with mandatory assessments conducted at project initiation, planning, and go-live gates for all new systems or significant changes. Furthermore, information security risk management is closely integrated with the Business Continuity Management (BCM) framework to ensure operational resilience.",partially_compliant,0.73,4,risk_assessment,0,0,0,0,0,0,0,0,0,1,1,0,1,0,1,0
ra_moderate_en_5_20260307140354,en,"**1.0 Information System Risk Assessment Policy**

**1.1 Overview**
This policy outlines the agency's approach to identifying, analyzing, and managing risks associated with its information systems and data. The objective is to protect the confidentiality, integrity, and availability of critical information assets essential to the agency’s regional operations.

**2.0 Risk Identification**
The agency employs documented procedures for comprehensive risk identification. This includes:
    a.  **Asset Identification and Valuation:** Cataloging all critical information systems, data repositories, and infrastructure components, assessing their business criticality and ownership.
    b.  **Threat Identification:** Identifying potential sources of harm, both intentional and unintentional (e.g., cyberattacks, natural disasters, human error), relevant to the agency's operational environment and data processing activities.
    c.  **Vulnerability Identification:** Identifying weaknesses in systems, processes, configurations, and controls that could be exploited by identified threats.

**3.0 Risk Analysis**
Identified risks are analyzed to determine their potential impact and likelihood of occurrence.
    a.  **Likelihood Scale:** A 5-point qualitative scale is used (1-Very Low, 2-Low, 3-Medium, 4-High, 5-Very High) to assess the probability of a threat exploiting a vulnerability within a given timeframe.
    b.  **Impact Scale:** A 5-point qualitative scale (1-Negligible, 2-Minor, 3-Moderate, 4-Major, 5-Catastrophic) quantifies the potential damage to agency operations, assets, reputation, or legal standing.
    c.  **Risk Matrix:** A defined risk matrix combines likelihood and impact scores to determine an overall risk level (Low, Medium, High, Critical).
    d.  **Methodology:** While elements of risk are identified and analyzed, the overall process for evaluating and prioritizing risks primarily relies on a consultative approach within the IT security team, where issues are discussed and assessed based on collective expertise. There is no formally documented or senior management-approved step-by-step risk assessment methodology.

**4.0 Risk Response**
Upon assessment, appropriate actions are taken to address identified risks to achieve an acceptable risk level. The selection of specific actions is determined on a case-by-case basis by the responsible teams.

**5.0 Mandatory Risk Assessment Triggers and Review**
    a.  **Triggers:** Risk assessments are mandatory for:
        i.  All early-stage technology projects, including proofs of concept.
        ii. Before implementing major infrastructure changes or upgrades.
        iii. During the planning phase for new third-party services or integrations.
        iv. Prior to the release of new public-facing services or applications.
    b.  **Review Schedule:** All significant risks and the agency's overall risk posture are formally reviewed annually, at minimum, or when triggered by significant regulatory changes, major security incidents, or substantial operational shifts. The Chief Information Security Officer (CISO) is responsible for authorizing and overseeing these reviews.
    c.  **Risk Documentation:** While identified risks are recorded, a centralized risk register that consistently includes critical fields such as specific risk owners, detailed treatment plans, and current risk status updates is not uniformly maintained across all agency departments.

**6.0 Integration with Agency Operations**
Risk assessments are conducted as necessary for new systems or proposed changes. However, the direct integration of risk assessment outcomes into the broader project management lifecycle or business continuity planning processes is typically handled on an ad-hoc basis rather than through a formal, standardized framework.",partially_compliant,0.76,4,risk_assessment,0,0,0,0,0,0,0,0,1,0,0,1,0,1,0,1
ra_moderate_en_6_20260307140422,en,"## 4.0 Cybersecurity Risk Assessment

### 4.1 Purpose
This section outlines the Company's approach to identifying, assessing, and managing cybersecurity risks across its global operations to protect critical information assets and operational technologies.

### 4.2 Risk Identification and Assessment Methodology
The Company approaches risk identification by looking into identified operational issues and concerns across its diverse global portfolio. Risk assessments are generally undertaken through ad-hoc reviews conducted as deemed necessary by local and regional management teams. There is no specific formal approval process for our risk assessment approach. Risks are generally characterized as High, Medium, or Low based on collective understanding of potential impact and likelihood, without defined quantitative scales or a prescriptive scoring matrix.

### 4.3 Risk Assessment Triggers and Reviews
Assessments are performed periodically or when significant operational issues arise, rather than being triggered by specific events such as new system deployments or major configuration changes. Reviews of existing risks are conducted when problems occur or when new information comes to light, without a fixed schedule for re-evaluations.

### 4.4 Risk Treatment Options
Upon assessment, identified risks are subject to one of four treatment options: Accept (when the residual risk is within the Company’s tolerance), Mitigate (implementing controls to reduce likelihood or impact), Transfer (shifting risk to a third party, e.g., through insurance or contractual agreements), or Avoid (eliminating the activity causing the risk). Selection criteria are determined by the risk owner in consultation with relevant stakeholders, and documented treatment plans are established for all selected options.

### 4.5 Risk Register
All identified risks, regardless of their status or treatment, shall be recorded and maintained in the Company's central Risk Register. Each entry in the register must include a unique Risk ID, a clear description of the risk, the assigned risk owner, assessed likelihood, assessed impact, the derived risk score, the chosen treatment option, the current status of the risk, and the last review date.

### 4.6 Integration with Company Processes
Cybersecurity risk assessment is an integral component of the Company's project management framework, explicitly incorporated at project initiation, planning, and go-live gates for all new systems, services, and significant changes. Furthermore, cybersecurity risk considerations are routinely integrated into the broader Business Continuity Management (BCM) planning process to ensure operational resilience across all regions.",non_compliant,0.64,5,risk_assessment,0,0,0,0,0,0,0,0,1,1,1,0,1,0,1,0
ra_moderate_en_7_20260307140450,en,"## 4.0 Risk Assessment

**4.1 Purpose**
This section outlines the organization's approach to identifying, analyzing, and evaluating risks to the confidentiality, integrity, and availability of information assets. The goal is to ensure that information security risks are managed to an acceptable level, supporting patient care and operational objectives.

**4.2 Methodology**
XYZ Healthcare utilizes a documented risk assessment methodology, approved by senior management, which incorporates both qualitative and, where feasible, quantitative analysis. This methodology provides a structured approach for evaluating potential threats and their potential impact on organizational operations and patient data.

**4.3 Risk Identification & Analysis**
Risks will be identified across all relevant organizational functions. For each identified risk, an assessment of its likelihood and potential impact will be conducted, categorized as High, Medium, or Low. The analysis will consider the characteristics of the information asset involved and the threat environment.

**4.4 Risk Evaluation & Treatment**
Based on the likelihood and impact assessment, risks will be evaluated to determine their overall significance to XYZ Healthcare. Management will then determine and take appropriate actions to address these identified risks. The objective is to reduce risks to an acceptable level consistent with organizational risk appetite.

**4.5 Assessment Triggers & Integration**
Risk assessments are conducted periodically and as needed to address evolving threats and organizational changes. Furthermore, risk assessments are a mandatory component of the organization's project management lifecycle, conducted at project initiation, planning, and prior to system go-live. This ensures integration with our Business Continuity Management (BCM) and Disaster Recovery (DR) planning.

**4.6 Review and Updates**
All risk assessment findings are documented. Risk assessments and the overall methodology will be reviewed and updated at least annually by the Information Security Committee, or sooner in response to significant regulatory changes or shifts in organizational risk posture.",partially_compliant,0.67,5,risk_assessment,0,0,0,0,0,0,0,0,0,1,1,1,1,1,0,0
ra_moderate_en_8_20260307140521,en,"**1.0 Information Risk Assessment**

**1.1 Purpose**
This section outlines the company’s approach to identifying, assessing, and managing information security risks to protect its assets, data, and operational continuity across all logistics and administrative functions.

**1.2 Risk Identification**
The organization maintains documented procedures for the systematic identification of all information assets, including their classification and valuation based on criticality to business operations and regulatory requirements. Threats to these assets are identified through continuous intelligence gathering, incident analysis, and industry best practices. Vulnerabilities within systems, processes, and personnel are also identified through regular technical scans, security audits, and internal reviews.

**1.3 Risk Assessment and Evaluation**
Identified risks are evaluated to understand their potential impact on business operations and the likelihood of their occurrence. This evaluation helps prioritize attention to significant issues. The assessment primarily assigns a qualitative rating of High, Medium, or Low for both likelihood and impact. The organization looks into potential issues as they are identified, determining their severity on an ad-hoc basis without a pre-defined formal methodology or an approved risk scoring matrix.

**1.4 Risk Treatment**
Following assessment, risks are addressed through one of four documented treatment options:
    a.  **Mitigate:** Implementing controls to reduce the likelihood or impact of the risk.
    b.  **Accept:** Acknowledging the risk and its potential impact, and continuing operations without further action, typically for low-level risks or where mitigation costs outweigh benefits.
    c.  **Transfer:** Shifting the risk to a third party, such as through insurance or outsourcing.
    d.  **Avoid:** Eliminating the risk by ceasing the activity or process that causes it.
Selection of a treatment option is based on business impact, cost-effectiveness, and compliance requirements. Documented treatment plans are developed for all chosen options, detailing actions, responsibilities, and timelines.

**1.5 Risk Register**
All identified and assessed risks are recorded in a central Risk Register. Each entry includes a unique Risk ID, a clear description of the risk, the assigned risk owner, assessed likelihood and impact, the calculated risk score, the selected treatment option, its current status, and the last review date.

**1.6 Monitoring and Review**
Information security risks and their associated treatments are subject to periodic review and monitoring, as needed. Reviews are conducted primarily when new issues arise or significant changes are identified within the environment.

**1.7 Integration with Business Processes**
Risk assessments are integrated into key organizational processes. For all projects, risk assessments are mandated at project initiation, during the planning phase, and prior to go-live to ensure security considerations are embedded from conception. Furthermore, risk findings are systematically integrated into the Business Continuity Management (BCM) framework to inform recovery strategies and plans.",non_compliant,0.71,4,risk_assessment,0,0,0,0,0,0,0,0,1,0,1,0,1,0,1,0
ra_moderate_en_9_20260307140551,en,"**2.0 Cybersecurity Risk Management**

**2.1 Purpose**
This section outlines the company's approach to identifying, assessing, and managing cybersecurity risks to protect its information assets and maintain operational resilience.

**2.2 Risk Identification**
All departmental and project teams are responsible for proactively identifying potential cybersecurity risks relevant to their scope. This process involves:
    a.  **Asset Identification and Valuation:** Thoroughly inventorying all critical information assets, including data, systems, applications, and underlying infrastructure, along with assessing their business criticality, sensitivity, and financial value to the organization.
    b.  **Threat Identification:** Systematically identifying potential sources of harm to these assets, encompassing internal and external malicious actors, environmental events, system failures, and human error.
    c.  **Vulnerability Identification:** Pinpointing weaknesses in systems, processes, or controls that could be exploited by identified threats. This includes leveraging outputs from regular vulnerability scans, penetration tests, and security audits.

**2.3 Risk Assessment**
Once risks are identified, relevant teams are expected to investigate the issues thoroughly. This involves a qualitative review to understand the nature and potential impact of the risk. Risks should be categorized by assessing their likelihood and impact, generally rated as High, Medium, or Low. There is no rigid methodology or formal criteria for this assessment, and teams are expected to look into the specifics of each situation to inform their judgment. Management will provide guidance as needed to ensure consistency.

**2.4 Risk Treatment**
Following assessment, appropriate action must be taken to address identified risks. This may include implementing new controls, enhancing existing safeguards, or adjusting operational procedures to reduce exposure. The goal is to ensure risks are mitigated effectively, and management will determine the most suitable approach on a case-by-case basis.

**2.5 Risk Monitoring and Review**
Identified risks should be tracked by the responsible teams. The Information Security Steering Committee (ISSC) will conduct an annual review of the overall risk posture to ensure ongoing alignment with organizational objectives. Additionally, reviews are triggered by significant regulatory changes, major security incidents, or substantial changes to the company's technology landscape.

**2.6 Mandatory Risk Assessment Triggers and Integration**
Formal risk assessments are mandatory at several key points within the organizational lifecycle:
    a.  During the early-stage planning and design of all new technology projects or significant system enhancements.
    b.  Prior to implementing major infrastructure changes, upgrades, or migrations.
    c.  Before engaging with new third-party vendors or partners who will access, process, or store company data or systems.
    d.  Before the public release of new services, products, or major feature updates.
Risk assessment activities are fully integrated into project management gates, specifically during project initiation, detailed planning, and pre-go-live phases. Furthermore, these assessments are considered within the broader Business Continuity Management (BCM) framework.",partially_compliant,0.73,4,risk_assessment,0,0,0,0,0,0,0,0,1,0,1,1,0,1,0,0
ra_moderate_en_10_20260307140620,en,"## 4.0 Information System Risk Assessment

### 4.1 Methodology

The Agency maintains a formal, documented Information System Risk Management Framework (ARMF), approved by the Chief Information Officer and the Senior Agency Official for Privacy. This framework outlines the comprehensive approach to identifying, analyzing, and treating risks to Agency information systems and data. The ARMF incorporates both qualitative and quantitative assessment methodologies to provide a holistic view of potential impacts.

### 4.2 Risk Identification and Analysis

Risk assessments shall identify potential threats and vulnerabilities to Agency information systems and the likelihood of their exploitation. The impact of such events is then analyzed in terms of confidentiality, integrity, and availability of information, as well as operational and reputational harm. Likelihood and impact are assessed using a defined 5-point scale (1-Very Low to 5-Very High). These scores are combined using a standardized risk matrix to determine the overall risk level (Low, Moderate, High, Critical).

### 4.3 Risk Treatment

Identified risks require appropriate treatment. Four primary treatment options are available:
*   **Accept:** Acknowledging the risk and continuing operations without further action, based on a documented executive decision.
*   **Mitigate:** Implementing controls to reduce the likelihood or impact of the risk to an acceptable level.
*   **Transfer:** Shifting the risk to another party (e.g., through insurance, outsourcing).
*   **Avoid:** Eliminating the risk by ceasing the activity that gives rise to it.
Treatment selection must consider cost-benefit analysis, feasibility, and alignment with Agency strategic objectives. All treatment plans must be documented.

### 4.4 Mandatory Assessment Triggers

Risk assessments are mandatory and must be conducted in response to specific events, including but not limited to:
*   At the early stages of new technology projects or system development.
*   Prior to significant changes to existing information system infrastructure or architecture.
*   During the planning phase for engaging new third-party vendors or services.
*   Before the release or deployment of new services or applications.

### 4.5 Risk Monitoring and Review

Risks and their associated treatment plans are subject to ongoing monitoring. Reviews of risk assessments shall be conducted as needed, particularly when significant changes to the system environment, threat landscape, or Agency mission objectives occur, to ensure continued effectiveness of controls and the relevance of risk posture.",partially_compliant,0.8,4,risk_assessment,0,0,0,0,0,0,0,0,0,1,0,0,0,1,1,1
ra_moderate_ar_3_20260307140651,ar,"**3.0 تقييم المخاطر**

تدرك [اسم الشركة] أهمية تقييم المخاطر السيبرانية بشكل استباقي لحماية أصولها الحيوية وتشغيلها في قطاع الطاقة. يحدد هذا القسم الإطار لتقييم المخاطر لضمان تحديد المخاطر الأمنية وإدارتها بفعالية ضمن بيئة متغيرة ومترابطة.

**3.1 المنهجية**

تتبع [اسم الشركة] منهجية رسمية وموثقة لتقييم المخاطر، معتمدة من قبل الإدارة العليا. تتضمن هذه المنهجية نهجاً نوعياً وكمياً لتقييم المخاطر، مما يضمن فهماً شاملاً للمشهد الأمني وتأثيراته المحتملة على عمليات الشركة. يتم الاحتفاظ بتفاصيل المنهجية في وثيقة ""إجراءات تقييم المخاطر السيبرانية"" (CYB-POL-RA-001) المتاحة لجميع الموظفين المعنيين.

**3.2 إجراءات تحديد المخاطر**

تتضمن إجراءات تحديد المخاطر الموثقة خطوات مفصلة لتحديد وتقييم الأصول (بما في ذلك قيمتها الحيوية والتجارية)، وتحديد التهديدات المحتملة، والكشف عن نقاط الضعف في الأنظمة والعمليات. يتم تصنيف الأصول بناءً على أهميتها للعمليات، وتتم مراجعة التهديدات ونقاط الضعف بانتظام من خلال أبحاث التهديدات السيبرانية وتقييمات الضعف الداخلية والخارجية.

**3.3 مقاييس الاحتمالية والتأثير**

لتقييم مستوى المخاطر، تستخدم [اسم الشركة] مقاييس محددة من 5 نقاط للاحتمالية والتأثير:
*   **الاحتمالية:** 1 (نادرة جداً) إلى 5 (شبه مؤكدة).
*   **التأثير:** 1 (تأثير ضئيل) إلى 5 (تأثير كارثي على العمليات أو السمعة).
يتم دمج هذه المقاييس في مصفوفة مخاطر لتحديد مستوى المخاطر الإجمالي (منخفض، متوسط، مرتفع، حرج)، مع توضيح المستويات المقبولة للمخاطر.

**3.4 سجل المخاطر**

يجب الاحتفاظ بسجل مخاطر شامل لجميع المخاطر المحددة. يتضمن السجل المعلومات التالية لكل مخاطرة: معرّف المخاطرة، وصف المخاطرة، المالك، الاحتمالية، التأثير، النتيجة، المعالجة المقترحة، الحالة الحالية، وتاريخ المراجعة.

**3.5 محفزات تقييم المخاطر**

يجب إجراء تقييمات المخاطر بشكل إلزامي في الحالات التالية:
*   في المراحل المبكرة لمشاريع التقنية الجديدة.
*   قبل أي تغييرات كبيرة في البنية التحتية لتكنولوجيا المعلومات.
*   أثناء تخطيط واعتماد خدمات الأطراف الثالثة.
*   قبل إطلاق أي خدمة أو منتج جديد للعملاء.

**3.6 معالجة ومراجعة المخاطر**

عند تحديد المخاطر، يكون المالك المسؤول مسؤولاً عن اتخاذ الإجراءات المناسبة لمعالجتها. تظل المخاطر مفتوحة في سجل المخاطر حتى يتم التخفيف منها إلى مستوى مقبول. تُراجع المخاطر في سجل المخاطر عند ظهور مشكلات جديدة أو تغييرات كبيرة في البيئة التشغيلية أو التهديدات السيبرانية، لضمان استمرار فعاليتها وإدارتها.",partially_compliant,0.84,3,risk_assessment,0,0,0,0,0,0,0,0,0,0,0,1,0,0,1,1
ra_moderate_ar_4_20260307140721,ar,"## 4.0 إدارة المخاطر الأمنية السيبرانية

### 4.1 منهجية تقييم المخاطر

تلتزم شركة [اسم الشركة، إن وجد] بتطبيق نهج استباقي لإدارة المخاطر السيبرانية لضمان حماية أصولها المعلوماتية ونظمها التشغيلية. تعتمد الشركة منهجية رسمية وموثقة لتقييم المخاطر، معتمدة من الإدارة العليا، وتستخدم كإطار عمل موحد لتحديد المخاطر وتقييمها ومعالجتها. تتضمن هذه المنهجية أساليب كمية ونوعية لتقييم المخاطر، مما يضمن تحليلًا شاملًا للتهديدات ونقاط الضعف.

### 4.2 إجراءات تحديد وتقييم المخاطر

تتضمن المنهجية المعتمدة إجراءات موثقة لتحديد الأصول المعلوماتية وتقييم أهميتها، وتحديد التهديدات المحتملة التي قد تؤثر على هذه الأصول، وتحديد نقاط الضعف الفنية والإجرائية. يتم استخدام مقياس موحد من خمس نقاط لتحديد احتمالية حدوث المخاطر وتأثيرها المحتمل على العمليات التجارية والامتثال والسمعة. يتم بعد ذلك استخدام مصفوفة مخاطر محددة لدمج درجات الاحتمالية والتأثير لتحديد مستوى المخاطر الإجمالي (منخفض، متوسط، عالٍ، حرج).

### 4.3 معالجة المخاطر وتوثيقها

بعد تحديد مستوى المخاطر، يتم اختيار خيارات المعالجة المناسبة من بين أربعة خيارات رئيسية: القبول، التخفيف، النقل (مثل التأمين)، أو التجنب. يجب أن تستند عملية اختيار خيار المعالجة إلى معايير واضحة وموثقة، مع مراعاة التكلفة والفعالية والتأثير على العمليات. يجب توثيق خطط المعالجة التفصيلية لكل خطر، بما في ذلك الإجراءات المحددة والمسؤوليات والجداول الزمنية المقترحة.

### 4.4 دمج تقييم المخاطر والمراجعة

يتم دمج تقييم المخاطر بشكل كامل في بوابات إدارة المشاريع، بما في ذلك مراحل البدء والتخطيط والإطلاق، لضمان معالجة المخاطر الأمنية منذ المراحل المبكرة للمشاريع الجديدة. كما يتم ربط عملية تقييم المخاطر بعمليات إدارة استمرارية الأعمال (BCM) لضمان المرونة التشغيلية. تُجرى تقييمات المخاطر بانتظام بشكل دوري، وكذلك حسب الحاجة في حال ظهور ظروف تتطلب ذلك. يتم مراجعة تقييمات المخاطر بشكل دوري، وعندما تنشأ مشكلات جديدة أو تحديثات هامة، ويجب توثيق المخاطر المحددة ونتائج تقييمها في تقرير مفصل.",partially_compliant,0.82,3,risk_assessment,0,0,0,0,0,0,0,0,0,0,0,0,1,1,1,0
ra_moderate_ar_5_20260307140759,ar,"5.0 إدارة المخاطر
5.1 تقييم المخاطر

تهدف هذه السياسة إلى ضمان تحديد المخاطر السيبرانية المحتملة التي تهدد أصول معلومات منظمة الرعاية الصحية، وتقييمها، ومعالجتها بشكل فعال. إن فهم المخاطر أمر بالغ الأهمية لحماية بيانات المرضى والأنظمة الحيوية.

5.1.1 إجراءات التحديد والتقييم
تتبع المنظمة إجراءات موثقة لتحديد وتقييم المخاطر السيبرانية. تشمل هذه الإجراءات:
*   تحديد وتقييم الأصول: تحديد جميع أصول المعلومات والأنظمة الحيوية وتقييم قيمتها بالنسبة للمنظمة.
*   تحديد التهديدات",partially_compliant,0.76,4,risk_assessment,0,0,0,0,0,0,0,0,1,0,0,1,0,0,1,1
ra_moderate_ar_6_20260307140835,ar,"**6.1 تقييم المخاطر**

تلتزم [اسم المنظمة] بالحفاظ على بيئة أمن سيبراني قوية من خلال التحديد الاستباقي للمخاطر الأمنية وإدارتها بكفاءة. يمثل تقييم المخاطر حجر الزاوية في برنامج إدارة أمن المعلومات لدينا، بما يتماشى مع متطلبات الامتثال التعاقدية والتنظيمية.

**6.1.1 منهجية تقييم المخاطر**
تطبق [اسم المنظمة] منهجية رسمية وموثقة لتقييم المخاطر، معتمدة وموافق عليها من قبل الإدارة العليا. تتضمن هذه المنهجية أساليب نوعية وكمية لتقييم المخاطر الأمنية، مما يضمن تقييمًا شاملاً ومتسقًا عبر جميع الأصول والأنظمة. يتم مراجعة وتحديث المنهجية سنويًا أو عند حدوث تغييرات جوهرية في المشهد التهديدي أو البيئة التشغيلية.

**6.1.2 تحديد المخاطر**
تتضمن إجراءات تحديد المخاطر الموثقة خطوات تفصيلية لـ:
أ. تحديد وتقييم أصول المعلومات الهامة (بما في ذلك البيانات والأنظمة والمعدات) وتقييم قيمتها التنظيمية وحساسيتها.
ب. تحديد التهديدات المحتملة (المصادر الداخلية والخارجية، المتعمدة وغير المتعمدة) التي قد تؤثر على هذه الأصول.
ج. تحديد نقاط الضعف (في التقنية والعمليات والأفراد) التي يمكن أن تستغلها التهديدات.

**6.1.3 مقاييس الاحتمالية والتأثير**
لتحديد مستويات المخاطر، تستخدم [اسم المنظمة] مقاييس محددة من 5 نقاط لتقييم احتمالية حدوث حدث أمني، ومقاييس من 5 نقاط لتقييم التأثير المحتمل على العمليات، والسمعة، والامتثال، والبيانات، والمالية. يتم بعد ذلك تطبيق مصفوفة المخاطر المعتمدة لدينا لربط هذه النتائج المشتركة بمستويات المخاطر المحددة (منخفضة، متوسطة، عالية، حرجة).

**6.1.4 خيارات معالجة المخاطر**
بناءً على مستوى المخاطر المحدد، يتم اختيار أحد خيارات المعالجة الأربعة المعتمدة: القبول، التخفيف، التحويل، أو التجنب. يتم تحديد الخيار بناءً على معايير محددة مسبقًا، وتتطلب جميع المخاطر التي تتجاوز مستوى المخاطر المقبول وضع خطط معالجة موثقة تتضمن إجراءات محددة، ومسؤوليات، وجداول زمنية لتحقيق حالة المخاطر المستهدفة.

**6.1.5 توقيت تقييم المخاطر**
تُجرى تقييمات المخاطر بشكل دوري، بالإضافة إلى تقييمات مخصصة عند الحاجة. يتم دمج عملية تقييم المخاطر بشكل كامل في جميع بوابات إدارة المشاريع الرئيسية، بما في ذلك مراحل البدء والتخطيط والتشغيل المباشر، لضمان معالجة المخاطر الأمنية بشكل استباقي في جميع أنحاء دورة حياة المشروع. كما يتم دمج تقييم المخاطر مع خطط إدارة استمرارية الأعمال (BCM) لتعزيز مرونة المنظمة.

**6.1.6 سجل المخاطر ومراجعة المخاطر**
يتم الاحتفاظ بسجل للمخاطر الأمنية المحددة. تُراجع المخاطر ومعالجاتها عند ظهور المشاكل أو عند الحاجة إلى تحديث التقييمات.",non_compliant,0.51,8,risk_assessment,1,1,1,1,1,1,1,1,0,0,0,0,0,0,0,0
ra_moderate_ar_7_20260307140912,ar,"**7.0 تقييم المخاطر**

**7.1 الغرض والنطاق**
الغرض من هذا القسم هو تحديد المتطلبات والإجراءات الخاصة بتحديد وتحليل وتقييم ومعالجة المخاطر السيبرانية التي قد تؤثر على المؤسسة المالية. ينطبق هذا القسم على جميع أنظمة المعلومات والأصول والعمليات، بما في ذلك العلاقات مع الأطراف الثالثة، لضمان حماية معلومات المؤسسة وامتثالها للمتطلبات التنظيمية المعمول بها.

**7.2 المنهجية**
تتبع المؤسسة منهجية رسمية وموثقة لتقييم المخاطر، معتمدة من الإدارة العليا وتخضع لمراجعة دورية. تتضمن هذه المنهجية نهجًا نوعيًا وكميًا لضمان فهم شامل للمخاطر المحتملة وتأثيراتها، وتستخدم أدوات وتقنيات موحدة لتحديد المخاطر وتحليلها بفعالية.

**7.3 تحديد المخاطر وتحليلها**
يتم تحديد المخاطر من خلال إجراءات موثقة تشمل: أ) تحديد الأصول المعلوماتية الحيوية وتقييمها، ب) تحديد التهديدات السيبرانية المحتملة، ج) تحديد نقاط الضعف في الأنظمة والعمليات. يتم تحليل المخاطر بناءً على احتمالية حدوثها وتأثيرها المحتمل على العمليات والأعمال. يتم تصنيف المخاطر بشكل عام إلى مرتفعة، متوسطة، أو منخفضة. يتم توثيق المخاطر المحددة في سجل المخاطر لضمان التتبع.

**7.4 معالجة المخاطر**
بناءً على نتائج تقييم المخاطر وتحليلها، يتم اختيار أحد خيارات المعالجة الأربعة التالية لكل خطر:
أ) قبول المخاطر: عندما يكون تأثير المخاطرة منخفضًا أو تكلفة معالجتها تفوق الفوائد.
ب) تخفيف المخاطر: من خلال تطبيق ضوابط أمنية لتقليل احتمالية أو تأثير المخاطرة.
ج) نقل المخاطر: من خلال التعاقد مع أطراف ثالثة أو",partially_compliant,0.84,3,risk_assessment,0,0,0,0,0,0,0,0,0,0,1,0,0,1,0,1
ra_moderate_ar_8_20260307140948,ar,"**3.1.1 تقييم المخاطر السيبرانية**

تلتزم شركة [اسم الشركة - Multinational Energy Co.] بحماية أصولها الحيوية من تهديدات الأمن السيبراني. يمثل تقييم المخاطر ركيزة أساسية لبرنامج الأمن السيبراني لدينا لضمان استمرارية الأعمال وحماية البيانات الحساسة والبنية التحتية الحيوية.

**3.1.1.1 إجراءات تحديد المخاطر**
يتم اتباع إجراءات موثقة لتحديد المخاطر السيبرانية بدقة عبر جميع أصول الشركة. تشمل هذه الإجراءات:
*   **تحديد وتقييم الأصول:** تحديد جميع الأصول الهامة، بما في ذلك أنظمة تكنولوجيا المعلومات والتقنيات التشغيلية (OT)، البيانات، البنية التحتية للتحكم الصناعي، وتقدير قيمتها الحيوية للمنظمة.
*   **تحديد التهديدات:** حصر التهديدات المحتملة مثل الهجمات الإلكترونية، البرامج الضارة، الأخطاء البشرية، الكوارث الطبيعية، والأعمال التخريبية التي قد تؤثر على الأصول.
*   **تحديد نقاط الضعف:** تحديد نقاط الضعف في الأنظمة، التكوينات، العمليات، والموظفين التي يمكن استغلالها من قبل التهديدات.

**3.1.1.2 تحليل المخاطر**
يتم تحليل المخاطر المحددة باستخدام مقاييس محددة لتقدير الاحتمالية والتأثير:
*   **مقياس الاحتمالية:** مقياس من 1 إلى 5 (1 = منخفض جداً، 5 = مرتفع جداً) لتقدير احتمالية وقوع التهديد واستغلال نقطة الضعف.
*   **مقياس التأثير:** مقياس من 1 إلى 5 (1 = تأثير ضئيل، 5 = تأثير كارثي) لتقدير شدة الضرر المحتمل على الأعمال والعمليات التشغيلية.
يتم استخدام مصفوفة مخاطر لربط الدرجات المجمعة بمستويات المخاطر المحددة (منخفض، متوسط، مرتفع، حرج).

**3.1.1.3 منهجية تقييم المخاطر**
في الوقت الحالي، تعتمد الشركة على نهج يتمثل في ""النظر في المشكلات"" عند ظهورها، وتقوم بتقييمات حسب الحاجة. لا يوجد منهجية رسمية موثقة ومعتمدة لإجراء هذه التقييمات، وتفتقر العملية إلى مسار واضح للموافقة من الإدارة المعنية. تُجرى هذه التقييمات بشكل دوري أو ""عند الحاجة"" دون الارتباط بمحفزات إلزامية محددة.

**3.1.1.4 خيارات معالجة المخاطر**
تتبع الشركة أربعة خيارات رئيسية لمعالجة المخاطر المقبولة:
1.  **القبول:** قبول المخاطر المتبقية عندما تكون تكلفة المعالجة أكبر من الفائدة المتوقعة أو عندما تكون ضمن شهية المخاطر المحددة.
2.  **التخفيف:** تطبيق ضوابط أمنية لتقليل الاحتمالية أو التأثير إلى مستوى مقبول.
3.  **النقل:** نقل المخاطر إلى طرف ثالث (مثل من خلال بوليصة التأمين).
4.  **التجنب:** التوقف عن النشاط الذي يولد المخاطر بالكامل.
يجب توثيق خطط المعالجة ومعايير الاختيار لكل خيار في سجل المخاطر.

**3.1.1.5 سجل المخاطر**
يجب الاحتفاظ بسجل مخاطر شامل لكل خطر محدد ومعالجته. يتضمن السجل: معرف المخاطر، وصف المخاطر، مالك المخاطر، الاحتمالية، التأثير، درجة المخاطر، خيار المعالجة، حالة المخاطر (مفتوح/مغلق)، وتاريخ المراجعة. تتم مراج",non_compliant,0.78,3,risk_assessment,0,0,0,0,0,0,0,0,1,0,0,0,1,0,1,0
ra_moderate_ar_9_20260307141023,ar,"## 5.0 إدارة المخاطر السيبرانية

تلتزم [اسم الشركة] بتحديد وإدارة المخاطر السيبرانية بشكل استباقي لحماية أصولها الحيوية وعملياتها التشغيلية في قطاع الطاقة. يهدف تقييم المخاطر السيبرانية إلى فهم طبيعة وحجم التهديدات ونقاط الضعف التي قد تؤثر على أنظمة ومعلومات الشركة، ووضع استراتيجيات مناسبة للتصدي لها.

### 5.1 تقييم المخاطر السيبرانية

#### 5.1.1 إجراءات تحديد المخاطر
تتبع الشركة إجراءات موثقة لتحديد المخاطر تشمل:
أ. **تحديد الأصول وتقييم قيمتها:** يتم جرد جميع الأصول المعلوماتية والتقنية وتصنيفها بناءً على حساسيتها وأهميتها للعمليات.
ب. **تحديد التهديدات:** يتم تحليل مصادر التهديد المحتملة، بما في ذلك التهديدات الداخلية والخارجية، المتعمدة وغير المتعمدة.
ج. **تحديد نقاط الضعف:** يتم فحص الأنظمة والعمليات لتحديد نقاط الضعف التي يمكن استغلالها.

#### 5.1.2 قياس المخاطر
يتم تقييم المخاطر باستخدام مقياس من 5 نقاط لكل من الاحتمالية والتأثير:
أ. **الاحتمالية:** من 1 (نادرة الحدوث) إلى 5 (مؤكدة الحدوث).
ب. **التأثير:** من 1 (تأثير طفيف) إلى 5 (تأثير كارثي).
يتم تحديد مستوى المخاطر الإجمالي (منخفض، متوسط، عالٍ، حرج) من خلال مصفوفة مخاطر تجمع بين درجات الاحتمالية والتأثير لتحديد الأولوية.

#### 5.1.3 منهجية تقييم المخاطر وخيارات المعالجة
على الرغم من إدراك الشركة لأهمية تقييم المخاطر، إلا أن عملية التقييم غالبًا ما تتم بناءً على تقديرات فردية أو استجابة لمشكلات طارئة. لا توجد منهجية رسمية موثقة ومعتمدة تضمن الاتساق والشمولية في جميع عمليات التقييم، كما لا توجد عملية موافقة واضحة على هذه التقييمات. يتم تدوين الملاحظات حول المخاطر المحددة، ولكن لا يوجد سجل مخاطر مركزي شامل يوثق تفاصيل كل خطر، بما في ذلك المالك المسؤول، خطة المعالجة المحددة، أو حالته الحالية.

بمجرد تحديد المخاطر ومستوياتها، يتم النظر في خيارات المعالجة التالية:
أ. **القبول (Accept):** قبول الخطر لضآلة تأثيره أو ارتفاع تكلفة معالجته.
ب. **التخفيف (Mitigate):** تطبيق ضوابط لتقليل الاحتمالية أو التأثير.
ج. **النقل (Transfer):** نقل الخطر إلى طرف ثالث (مثل التأمين).
د. **التجنب (Avoid):** تجنب النشاط الذي يولد الخطر.
يتم توثيق خطط المعالجة المختارة والمعايير التي استند إليها القرار.

#### 5.1.4 محفزات ومراجعة تقييم المخاطر
يجب إجراء تقييمات للمخاطر بشكل إلزامي عند:
أ. المراحل المبكرة لمشاريع التقنية الجديدة.
ب. قبل إجراء تغييرات كبيرة على البنية التحتية.
ج. أثناء التخطيط للتعامل مع أطراف ثالثة أو موردين جدد.
د. قبل إطلاق خدمات أو منتجات جديدة.
بصرف النظر عن المحفزات المذكورة أعلاه، لا يوجد جدول زمني دوري منتظم وموثق لمراجعة تقييمات المخاطر. غالبًا ما يتم مراجعة المخاطر القائمة فقط عند ظهور مشكلات جديدة أو حوادث أمنية. يتم إجراء تقييمات المخاطر كنشاط منفصل، ولا يتم دمجها بشكل كامل في دورة حياة إدارة المشاريع، أو عمليات إدارة التغيير، أو استمرارية الأعمال، مما يحد من فعاليتها الشاملة.",partially_compliant,0.78,4,risk_assessment,0,0,0,0,0,0,0,0,1,0,0,0,0,1,1,1
ra_moderate_ar_10_20260307141058,ar,"3.0 إدارة المخاطر لأمن المعلومات

3.1 تقييم المخاطر

تهدف هذه السياسة إلى تحديد وتصنيف ومعالجة المخاطر المتعلقة بأمن المعلومات التي قد تؤثر على عمليات شركة لوجستية إقليمية، وذلك لضمان استمرارية الأعمال وسلامة البيانات.

3.1.1 تحديد المخاطر
سيقوم موظفو الأمن السيبراني المكلفون بتحديد جميع الأصول المعلوماتية الحيوية، بما في ذلك البيانات والأنظمة والبنية التحتية، وتقييم قيمتها وأهميتها بالنسبة للمنظمة. سيتم توثيق إجراءات واضحة لتحديد التهديدات المحتملة التي قد تستهدف هذه الأصول، بالإضافة إلى تحديد نقاط الضعف الفنية والإجرائية التي يمكن استغلالها.

3.1.2 منهجية التقييم
تعتمد الشركة منهجية لتقييم المخاطر تتضمن مراجعة منتظمة للمخاطر المعروفة والمحتملة، مع التركيز على القضايا الأمنية الناشئة. يتم تقييم المخاطر بناءً على احتمالية حدوثها وتأثيرها المحتمل على العمليات، باستخدام مقاييس تصنيف عامة مثل مرتفع (High) ومتوسط (Medium) ومنخفض (Low).

3.1.3 معالجة المخاطر
بعد تحديد المخاطر وتقييمها، يجب اتخاذ الإجراءات المناسبة لمعالجتها أو تخفيفها. قد تشمل هذه الإجراءات تنفيذ ضوابط أمنية إضافية، أو تعديل العمليات، أو قبول المخاطر المتبقية إذا كانت ضمن مستوى مقبول للمنظمة.

3.1.4 محفزات التقييم والمراجعة
تُجرى تقييمات المخاطر بشكل دوري، أو عند الحاجة لذلك. يجب مراجعة تقييم المخاطر بالكامل سنويًا على الأقل. كما يجب إجراء مراجعات عند حدوث تغييرات تنظيمية أو قانونية أو تقنية مهمة، أو بعد وقوع حادث أمني كبير. تُناط سلطة المراجعة بالمدير التنفيذي للأمن السيبراني، أو من يُفوضه بذلك.

3.1.5 سجل المخاطر
يتم الاحتفاظ بسجل للمخاطر المحددة والمُقيمة لمتابعتها. يهدف هذا السجل إلى تتبع حالة المخاطر والجهود المبذولة لمعالجتها.

3.1.6 التكامل
يجب دمج عملية تقييم المخاطر في جميع مراحل إدارة المشاريع، بما في ذلك بدء المشروع والتخطيط له والتنفيذ والانتقال إلى مرحلة التشغيل. كما يجب ربط نتائج تقييم المخاطر بشكل وثيق بخطة استمرارية الأعمال (BCM) لضمان الاستعداد الكافي للاستجابة للحوادث الكبرى.",non_compliant,0.64,5,risk_assessment,0,0,0,0,0,0,0,0,1,0,1,1,1,1,0,0
mixed_moderate_en_3_20260307141135,en,"**4.0 Password Management**

**4.1 Password Complexity and History**
All system passwords must be a minimum of 12 characters in length and include at least three of the following four character types: uppercase letters, lowercase letters, numbers, and special characters. Passwords must not contain personal identifiable information, company names, or dictionary words. A password history of the last 3 unique passwords used will be maintained, preventing reuse. Passwords do not have an expiration period.

**4.2 Account Lockout**
User accounts will be automatically locked after 5 consecutive failed login attempts. The lockout duration will be 30 minutes, after which the account is automatically unlocked.

**4.3 Multi-Factor Authentication (MFA)**
MFA is mandatory for all remote access to the corporate network, access to privileged accounts (e.g., system administrators, database administrators), and entry into sensitive administrative systems. Approved MFA methods include FIDO2 security keys, Time-based One-Time Passwords (TOTP) via approved authenticator apps, and corporate-approved biometric solutions.

**4.4 Privileged Access Management (PAM)**
Access to privileged accounts is managed through a dedicated PAM solution. This solution enforces Just-in-Time (JIT) access, monitors and records privileged sessions, and ensures the principle of least privilege. Separate, non-personal accounts are required for all administrative functions. Access reviews for privileged accounts are conducted quarterly.

**4.5 Password Storage and Transmission**
All stored passwords must be hashed using industry-standard, computationally expensive algorithms (e.g., Argon2, bcrypt, scrypt) with a unique salt per password. Passwords must never be stored in plaintext. Transmission of passwords and other authentication credentials must occur over secure, encrypted channels utilizing TLS 1.2 or higher.

**4.6 Roles and Responsibilities**
The CISO is responsible for the overall approval and periodic review of this policy. The IT Security department is",partially_compliant,0.69,5,password_policy|risk_assessment,0,1,0,0,0,0,1,0,0,1,1,0,1,0,0,0
mixed_moderate_en_4_20260307141209,en,"**3.0 User Authentication and Password Management**

**3.1 Password Complexity and Expiration**
Passwords must be a minimum of 12 characters in length and include at least three of the following four character types: uppercase letters, lowercase letters, numbers, and special characters. Passwords must not contain personal information (e.g., name, date of birth) or dictionary words. User passwords for all institute systems must be changed at least every 90 days. Users are prohibited from reusing any of their last 12 passwords.

**3.2 Account Lockout and Multi-Factor Authentication (MFA)**
Accounts will be automatically locked after 5 consecutive failed login attempts within a 15-minute period. Accounts will remain locked for 30 minutes before automatic unlock",partially_compliant,0.69,5,password_policy|risk_assessment,0,0,0,0,0,1,1,0,1,0,0,1,0,0,0,1
mixed_moderate_en_5_20260307141239,en,"## 3.0 Password Policy

### 3.1 General Password Requirements

All users are required to establish and maintain strong passwords for accessing [Financial Institution Name] systems and data. Passwords must meet the following criteria:
*   A minimum length of twelve (12) characters.
*   Contain characters from at least three (3) of the following four (4) categories: uppercase letters, lowercase letters, numbers, and special characters.
*   Must not contain personal information (e.g., name, birthdate) or dictionary words.
*   Passwords must be changed at least every ninety (90) days.
*   Users may not reuse any of their last twelve (12) passwords.
*   After twenty-five (25) consecutive failed login attempts, an account will be locked for a period of five (5) minutes.

### 3.2 Privileged Access Management

Access to privileged accounts (e.g., system administrators, database administrators) is managed through a dedicated Privileged Access Management (PAM) solution. This includes Just-in-Time (JIT) access provisioning, session recording, enforcement of least privilege principles, and the use of separate, non-administrative accounts for day-to-day activities. Privileged access configurations are reviewed quarterly.

### 3.3 Roles and Responsibilities

The Chief Information Security Officer (CISO) is responsible for the overall ownership and review of this policy. The IT Security department is responsible for enforcing policy requirements and managing technical controls. Human Resources (HR) ensures new hires and departing employees adhere to password and access procedures. All employees are responsible for safeguarding their credentials and adhering to this policy.

### 3.4 Policy Review

This Password Policy will be reviewed by the CISO on a quarterly basis to ensure its continued effectiveness, address emerging threats, and incorporate any relevant regulatory updates.

## 4.0 Risk Management

### 4.1 Risk Assessment Procedures

Risk assessments are conducted as needed based on identified concerns within the organization. Findings are reviewed by relevant stakeholders to understand potential impacts.

### 4.2 Likelihood and Impact Assessment

Risks are assessed using a defined 5-point scale for both likelihood (Very Low to Very High) and impact (Negligible to Catastrophic). A risk matrix maps combined likelihood and impact scores to overall risk levels (Low, Moderate, High, Critical).

### 4.3 Mandatory Assessment Triggers

Mandatory risk assessments are triggered by: early-stage technology projects, significant infrastructure changes, planning for third-party engagements, and before new service or product releases. Risk assessments are fully integrated into project management gates (initiation, planning, go-live) and Business Continuity Management (BCM) planning.

### 4.4 Risk Register

Identified risks are documented in a central risk register, which includes a unique risk ID, detailed description, assigned owner, likelihood, impact, calculated risk score, proposed treatment, current status, and target review date.

### 4.5 Risk Treatment

Identified risks will be addressed with appropriate actions.

### 4.6 Policy Review

The Risk Management policy and associated procedures undergo an annual review by the IT Security department, or sooner if triggered by significant regulatory changes or major operational shifts.",non_compliant,0.58,6,password_policy|risk_assessment,0,0,1,1,0,1,0,0,1,1,0,1,0,0,0,0
mixed_moderate_en_6_20260307141315,en,"## 3.0 Password Policy

### 3.1 Password Complexity and Expiration
Passwords must be between 4 and 8 characters in length, containing only alphabetical characters. Personal information, such as employee IDs or common names, is explicitly prohibited from being included in any password. All user passwords must expire every 90 days. Users are prohibited from reusing any of their last 12 passwords.

### 3.2 Account Lockout
User accounts will be temporarily locked after 20 consecutive failed login attempts, remaining locked for a period of 5 minutes.

### 3.3 Multi-Factor Authentication (MFA)
Multi-Factor Authentication (MFA) is mandatory for all remote access, privileged accounts, and access to critical administrative systems. Approved MFA methods",non_compliant,0.6,7,password_policy|risk_assessment,1,0,1,0,0,0,1,1,1,0,0,1,0,0,0,1
mixed_moderate_en_7_20260307141350,en,"**1.0 Information Access and Authentication**

**1.1 Password Policy**

1.1.1 All user account passwords must meet complexity: a minimum of 12 characters, contain at least three of four character types (uppercase, lowercase, digits, special characters), and prohibit personal information or dictionary words.
1.1.2 Passwords for non-privileged accounts expire every 365 days; a minimum of 3 previous passwords must be unique. Shared administrative accounts are permitted for critical infrastructure where individual accountability is ensured via robust logging and audit trails.
1.1.3 User accounts will lock after 5 consecutive failed login attempts, remaining locked for a duration of 30 minutes.
1.1.4 Multi-Factor Authentication (MFA) is mandatory for all remote access, privileged accounts, and access to administrative systems. Approved MFA methods include FIDO2 security keys, Time-based One-Time Passwords (TOTP), and enterprise-approved biometrics.
1.1.5 Passwords are securely stored using industry-standard hashing algorithms (e.g., Argon2, bcrypt, scrypt) with unique salts, and never in plaintext. Password transmission must occur over TLS 1.2 or higher encrypted channels.
1.1.6 The CISO, in conjunction with IT Security and Human Resources, is responsible for enforcing this policy, while employees are responsible for adherence. This policy will be reviewed quarterly by the CISO to ensure effectiveness and alignment with emerging threats and regulatory updates.

**2.0 Risk Management Framework**

**2.1 Risk Assessment Procedures**

2.1.1 Acme Manufacturing maintains a formal, documented risk assessment methodology approved by senior management, encompassing both qualitative and quantitative approaches.
2.1.2 Risk identification involves systematically gathering information on potential threats and vulnerabilities affecting organizational assets and processes. Likelihood and impact are assessed qualitatively as High, Medium, or Low.
2.1.3 Mandatory risk assessments trigger at early-stage technology projects, before major infrastructure changes, during third-party vendor onboarding, and prior to new service releases. Risk treatment options include Accept, Mitigate, Transfer, or Avoid, with selection based on documented criteria and leading to a formal treatment plan.
2.1.4 All identified",partially_compliant,0.69,5,password_policy|risk_assessment,0,1,0,0,1,0,0,0,0,1,1,0,0,0,1,0
mixed_moderate_en_8_20260307141423,en,"## 3.0 User Account and Password Management

### 3.1 Password Complexity and Expiration
All user accounts require passwords that meet the following criteria: a minimum length of 12 characters, inclusion of at least three of the four character types (uppercase letters, lowercase letters, numbers, and special characters). Passwords must not contain personal information (e.g., username, company name, birthdate) or common dictionary words. Passwords must be changed every 90 days. Users are prohibited from reusing any of their last 12 passwords.

### 3.2 Account Lockout Policy
To prevent brute-force attacks, user accounts will be automatically locked after 5 consecutive failed login attempts within a 15-minute period. Locked accounts will automatically unlock after a duration of 30 minutes.

### 3.3 Password Storage and Transmission
Stored passwords must be protected using strong, salted cryptographic hashing algorithms such as Argon2, bcrypt, or scrypt. Passwords are never to be stored in plaintext. The transmission of passwords over networks must utilize secure protocols, specifically TLS 1.2 or higher.

### 3.4 Privileged Accounts and Responsibilities
System administrator accounts require strong passwords as per Section 3.1. The IT Department is responsible for the overall management and safeguarding of these accounts. The IT Department is also responsible for the implementation and enforcement of this entire password policy.

### 3.5 Policy Review
This User Account and Password Management Policy will be reviewed quarterly by the Chief Information Security Officer (CISO) to ensure its continued effectiveness, address emerging threats, and incorporate any necessary regulatory updates.

## 4.0 Information Risk Management

### 4.1 Risk Management Methodology
Swift Logistics employs a formal Information Risk Management Methodology, which has been documented and approved by Senior Management. This methodology integrates both qualitative and quantitative approaches for assessing information security risks across the organization.

### 4.2 Risk Identification and Assessment
Risks are identified through discussions with relevant stakeholders and observation of operational processes within the organization. Identified risks are assessed based on their likelihood and potential impact, categorized as High, Medium, or Low.

### 4.3 Risk Treatment and Register
Identified risks are addressed using one of four defined treatment options: Accept, Mitigate, Transfer, or Avoid. Selection criteria are applied, and documented treatment plans are developed for the chosen options. All risks are recorded in a central Risk Register, which includes a Risk ID, description, assigned owner, likelihood, impact, calculated risk score, chosen treatment, current status, and next review date.

### 4.4 Risk Integration and Review
Risk assessments are conducted periodically and on an ad-hoc basis when deemed necessary by the IT Department. Risk considerations are integrated into key project management gates (initiation, planning, and go-live phases) and incorporated into Business Continuity Management (BCM) planning. The Information Risk Management Methodology is reviewed when problems arise or significant operational changes occur.",non_compliant,0.51,7,password_policy|risk_assessment,0,0,0,1,1,0,0,1,0,1,1,0,1,0,1,0
mixed_moderate_en_9_20260307141452,en,"## 5.0 Authentication and Password Management

### 5.1 Password Policy
All Institute personnel must adhere to strict password requirements for all systems and applications. Passwords must be a minimum of 12 characters, including at least three of the following character types: uppercase letters, lowercase letters, numbers, and special characters. Passwords shall not contain personal identifiable information, dictionary words, or common sequences. Passwords for all accounts must be changed at least every 90 days. Users are prohibited from reusing any of their last 12 passwords. Accounts will be locked after 25 consecutive failed login attempts for a duration of 5 minutes.

### 5.2 Multi-Factor Authentication (MFA)
Multi-Factor Authentication (MFA) is mandatory for all remote access to the Institute's network, access to privileged accounts, and administrative systems. Approved MFA methods include FIDO2 security keys, Time-based One-Time Password (TOTP) applications, and registered biometrics.

### 5.3 Password Storage and Transmission
All stored passwords within Institute systems must be hashed using industry-standard, cryptographically secure algorithms (e.g., Argon2, bcrypt, scrypt) with a unique salt per password. Passwords must never be stored in plaintext. Transmission of passwords across networks must occur over encrypted channels utilizing secure protocols (e.g., TLS 1.2 or higher).

### 5.4 Roles and Responsibilities
The Chief Information Security Officer (CISO) is responsible for the overall policy ownership and approval. The IT Security Department is responsible for implementing technical controls, monitoring compliance, and providing guidance. Human Resources is responsible for incorporating policy adherence into employee training and disciplinary processes. All employees are responsible for adhering to this policy and protecting their credentials.

## 6.0 Risk Assessment and Management

### 6.1 Risk Identification
The IT Security Department maintains documented procedures for identifying and evaluating information assets, assessing their criticality, identifying potential threats, and assessing system and application vulnerabilities.

### 6.2 Risk Analysis
Risk likelihood and impact are assessed using a defined 5-point scale, and combined via a structured risk matrix to determine overall risk levels (Low, Medium, High, Critical). Risk assessments are conducted as issues arise and when deemed necessary by IT Security.

### 6.3 Risk Treatment
Identified risks will be treated via one of four accepted strategies: Accept, Mitigate, Transfer, or Avoid. Documented treatment plans are developed and selected based on cost-benefit analysis, feasibility, and strategic alignment with Institute objectives. Identified risks are re-evaluated when a related incident occurs or operational context changes.

### 6.4 Risk Integration
Risk assessment is a mandatory component of the Institute's Project Management Lifecycle, integrated at project initiation, planning, and pre-go-live phases. Outcomes also directly inform Business Continuity Management planning.",non_compliant,0.56,7,password_policy|risk_assessment,0,0,1,0,1,0,1,0,1,0,0,0,1,1,1,0
mixed_moderate_en_10_20260307141527,en,"**3.0 Access Control and Password Policy**

**3.1 Password Requirements**
User passwords for all agency systems must adhere to the following standards: a minimum of 12 characters, contain characters from at least three of the following four categories: uppercase letters, lowercase letters, numbers, and special characters. Passwords must not contain personal information (e.g., name, birth date) or common dictionary words. Users must change passwords every 90 days. The system will prevent reuse of the last 12 previously used passwords. Passwords must be stored as salted cryptographic hashes using industry-standard algorithms (e.g., Argon2, bcrypt, scrypt). Transmission of passwords over networks must use encrypted protocols (e.g., TLS 1.2 or higher). Plaintext storage of passwords is strictly prohibited.

**3.2 Privileged Access Management**
Privileged accounts are managed via a dedicated Privileged Access Management (PAM) solution, enforcing Just-In-Time (JIT) access, session recording, and the principle of least privilege. Administrative tasks must be performed using separate, non-privileged accounts. Privileged access configurations are reviewed quarterly.

**3.3 Account Lockout**
Systems will lock an account after 25 consecutive failed login attempts for a period of 5 minutes to protect against brute-force attacks.

",partially_compliant,0.78,4,password_policy|risk_assessment,0,0,1,1,0,0,0,1,0,0,0,0,0,0,1,0
mixed_moderate_ar_3_20260307141558,ar,"## 3.0 سياسات الأمن الأساسية

تحدد هذه الوثيقة متطلبات وسياسات الأمن السيبراني الأساسية لشركة [اسم شركة التجزئة] لضمان حماية أصول المعلومات والتخفيف من المخاطر.

### 3.1 سياسة كلمات المرور

تلتزم شركة [اسم شركة التجزئة] بضمان أمان كلمات المرور المستخدمة للوصول إلى أنظمتها ومواردها. تقع على عاتق جميع الموظفين (GAP_PP_008) مسؤولية الحفاظ على سرية كلمات المرور الخاصة بهم والالتزام بالمتطلبات الموضحة أدناه.

**3.1.1 متطلبات كلمة المرور العامة:**
*   يجب أن تتكون كلمات المرور من 4 إلى 8 أحرف على الأقل. (GAP_PP_001)
*   يُسمح باستخدام الأحرف الأبجدية فقط (a-z, A-Z). (GAP_PP_001)
*   يجب ألا تحتوي كلمات المرور على معلومات شخصية أو أسماء مستخدمين. (GAP_PP_001 - *Self-correction: The gap states it allows personal info, so I should write it as ""يُسمح باستخدام معلومات شخصية أو أسماء مستخدمين في كلمات المرور."" to reflect the gap clearly.*) **Correction:** يُسمح باستخدام معلومات شخصية أو أسماء مستخدمين في كلمات المرور.
*   يجب تغيير كلمات المرور كل 365 يومًا على الأقل. (GAP_PP_002)
*   يجب أن يتذكر النظام آخر 3 كلمات مرور لتجنب إعادة استخدامها. (GAP_PP_002)
*   لا توجد سياسة قفل حساب مطبقة حالياً. (GAP_PP_003)
*   المصادقة متعددة العوامل (MFA) هي ميزة موصى بها اختيارية ولا يُشترط تفعيلها. (GAP_PP_004)
*   لا توجد متطلبات محددة لتشفير أو تخزين كلمات المرور بشكل آمن أو متطلبات نقل آمن لها. (GAP_PP_006)

**3.1.2 إدارة الوصول المتميز (PAM):**
يجب إدارة الوصول المتميز إلى الأنظمة والبنية التحتية الهامة باستخدام حل إدارة الوصول المتميز (PAM) المخصص. يتضمن ذلك توفير وصول في الوقت المناسب (JIT)، وتسجيل الجلسات، وتطبيق مبدأ الحد الأدنى من الامتيازات، واستخدام حسابات إدارية منفصلة. تخضع سياسات الوصول المتميز لمراجعة ربع سنوية من قبل قسم أمن تكنولوجيا المعلومات. (GAP_PP_005 - *Correctly implemented*)

**3.1.3 مراجعة السياسة:**
تُراجع سياسة كلمات المرور هذه بشكل ربع سنوي بواسطة مدير أمن المعلومات (CISO) لضمان فعاليتها، ومعالجة التهديدات الناشئة، وتحديثات الامتثال التنظيمي. (GAP_PP_007 - *Correctly implemented*)

### 3.2 تقييم المخاطر

تهدف سياسة تقييم المخاطر هذه إلى تحديد مخاطر الأمن السيبراني وتقييمها ومعالجتها بشكل منهجي (GAP_RA_001).

**3.2.1 منهجية تقييم المخاطر:**
تتبع شركة [اسم شركة التجزئة] منهجية رسمية وموثقة لتقييم المخاطر، معتمدة من الإدارة العليا، وتجمع بين الأساليب النوعية والكمية. (GAP_RA_001 - *Correctly implemented*)

**3.2.2 تحديد المخاطر وتحليلها:**
يتم تحديد المخاطر من خلال مراجعة محدودة للأنظمة الحالية، مع عدم وجود جرد كامل للأصول، أو كتالوج للتهديدات المعروفة، أو عملية مسح منتظمة للثغرات الأمنية (GAP_RA_002). يتم تقييم احتمالية وتأثير المخاطر بناءً على تقدير شخصي عالي/متوسط/منخفض، بدون مقاييس محددة أو مصفوفة لتسجيل المخاطر. (GAP_RA_003)

**3.2.3 معالجة المخاطر:**
تُعالَج المخاطر المحددة من خلال أربعة خيارات: القبول، التخفيف، النقل، أو التجنب. تُحدد معايير اختيار كل خيار وتوثق خطط المعالجة في سجل المخاطر. (GAP_RA_004 - *Correctly implemented*)

**3.2.4 محفزات تقييم المخاطر:**
يجب إجراء تقييمات المخاطر إلزامياً قبل المشاريع التقنية الجديدة، وقبل التغييرات الرئيسية في البنية التحتية، وعند التخطيط لأي تعامل مع طرف ثالث، وقبل إطلاق خدمات جديدة. (GAP_RA_005 - *Correctly implemented*)

**3.2.5 سجل المخاطر:**
يجب الحفاظ على سجل مخاطر مركزي يتضمن معرف المخاطرة، وصفها، مالكها، الاحتمالية، التأثير، الدرجة، المعالجة، الحالة، وتاريخ المراجعة. (GAP_RA_006 - *Correctly implemented*)

**3.2.6 مراجعة المخاطر:**
تُراجَع تقييمات المخاطر بشكل سنوي على الأقل. تُجرى مراجعات إضافية عند حدوث تغييرات تنظيمية أو قانونية، وتكون سلطة المراجعة مسؤولة عنها. (GAP_RA_007 - *Correctly implemented*) تُدمج تقييمات المخاطر في بوابات إدارة المشاريع (البدء، التخطيط، الانطلاق) وتكاملها مع إدارة استمرارية الأعمال. (GAP_RA_008 - *Correctly implemented*)",non_compliant,0.56,7,password_policy|risk_assessment,1,1,1,1,0,1,0,0,0,1,1,0,0,0,0,0
mixed_moderate_ar_4_20260307141634,ar,"### 4. سياسة الأمن السيبراني

#### 4.1. سياسة كلمات المرور

تلتزم X-Telecom بحماية أنظمة وبيانات الشركة من خلال تطبيق سياسة كلمات مرور قوية. تتطلب سياسة كلمات المرور لدينا أن تتكون كلمات المرور من 6 إلى 8 أحرف بحد أدنى، وتسمح فقط بالأحرف الأبجدية، مما يسمح بسهولة التذكر وقد تتضمن معلومات شخصية. يجب على الموظفين تغيير كلمات المرور الخاصة بهم كل 90 يومًا كحد أقصى، ولا يُسمح بإعادة استخدام أي من آخر 12 كلمة مرور. سيتم قفل الحسابات تلقائيًا بعد 5 محاولات تسجيل دخول فاشلة متتالية لمدة ",non_compliant,0.64,6,password_policy|risk_assessment,1,0,0,0,1,0,1,0,0,0,1,0,0,0,1,1
mixed_moderate_ar_5_20260307141709,ar,"**3.0 سياسة كلمات المرور**

تتحمل إدارة تقنية المعلومات مسؤولية تنفيذ وصيانة ضوابط كلمات المرور. يجب أن تتكون كلمات مرور المستخدمين من 12 حرفًا على الأقل وأن تتضمن أحرفًا من ثلاث فئات على الأقل من الفئات الأربع التالية: أحرف كبيرة، أحرف صغيرة، أرقام، وأحرف خاصة. يجب ألا تحتوي كلمات المرور على معلومات شخصية (مثل الاسم أو تاريخ الميلاد) أو كلمات قاموس شائعة. سيتم قفل حسابات المستخدمين بعد 5 محاولات فاشلة متتالية لتسجيل الدخول، وستكون مدة القفل 30 دقيقة. يجب تغيير كلمات مرور حسابات المستخدمين القياسية كل 3",non_compliant,0.64,6,password_policy|risk_assessment,0,1,0,1,0,1,1,1,0,0,1,0,0,0,0,0
mixed_moderate_ar_6_20260307141744,ar,"**6.1 سياسة كلمات المرور**

تهدف هذه السياسة إلى تحديد المتطلبات الدنيا لكلمات المرور لجميع أنظمة ومعلومات الشركة.

**6.1.1 تعقيد كلمة المرور:** يجب أن تتكون كلمات المرور من 4 إلى 8 أحرف على الأقل، تتضمن أحرفًا أبجدية فقط. يُسمح باستخدام المعلومات الشخصية مثل الأسماء الأولى أو تواريخ الميلاد.
**6.1.2 انتهاء صلاحية كلمة المرور:** يجب تغيير كلمات المرور بحد أقصى كل 90 يومًا. يجب ألا يتم إعادة استخدام أي من آخر 12 كلمة مرور سابقة.
**6.1.3 سياسة قفل الحساب:** لتسجيل محاولات",non_compliant,0.67,5,password_policy|risk_assessment,1,0,1,0,1,0,0,0,1,0,0,0,0,1,0,0
mixed_moderate_ar_7_20260307141818,ar,"**5.0 سياسة كلمات المرور**

**5.1 المتطلبات العامة لكلمات المرور**
يجب على جميع المستخدمين في المؤسسة التعليمية الالتزام بالمتطلبات التالية لكلمات المرور الخاصة بهم:
*   يجب أن تتكون كلمات المرور من 12 حرفاً على الأقل.
*   يجب أن تحتوي على ثلاثة أنواع على الأقل من الفئات الأربع التالية: أحرف كبيرة (A-Z)، أحرف صغيرة (a-z)، أرقام (0-9)، ورموز خاصة (!@#$%^&*).
*   لا يجوز أن تحتوي كلمات المرور على معلومات شخصية، مثل الاسم أو تاريخ الميلاد، ولا يجب أن تكون كلمات موجودة في القواميس.
*   يجب تغيير كلمات المرور بحد أقصى كل 90 يوماً.
*   لا يمكن إعادة استخدام أي من آخر 12 كلمة مرور تم استخدامها.
*   سيتم قفل الحساب بعد 5 محاولات فاشلة لتسجيل الدخول، وستكون مدة القفل 30 دقيقة.
*   يجب على المستخدمين حماية كلمات مرورهم من الكشف والوصول غير المصرح به.

**5.2 إدارة الوصول المميز**
تتطلب جميع حسابات الوصول المميز (مثل حسابات المسؤولين) استخدام حل إدارة الوصول المميز (PAM) الذي يفرض مبدأ الحد الأدنى من الامتيازات (Least Privilege)، ويوفر الوصول في الوقت المناسب (JIT)، ويسجل جلسات العمل. يجب أن تكون هذه الحسابات منفصلة عن حسابات المستخدمين العادية وتخضع لمراجعة ربع سنوية لضمان استمرار الامتثال.

**5.3 أدوار ومسؤوليات سياسة كلمات المرور**
*   **كبير مسؤولي أمن المعلومات (CISO):** المسؤولية الشاملة عن هذه السياسة وفعاليتها.
*   **فريق أمن تكنولوجيا المعلومات:** مسؤول عن تنفيذ وتطبيق هذه السياسة.
*   **إدارة الموارد البشرية:** مسؤول عن دمج متطلبات كلمات المرور في إجراءات الانضمام والمغادرة.
*   **الموظفون:** مسؤولون عن الامتثال لجميع متطلبات السياسة.

**5.4 مراجعة سياسة كلمات المرور**
تتم مراجعة هذه السياسة ربع سنوية بواسطة كبير مسؤولي أمن المعلومات (CISO) لتقييم فعاليتها، وتحديد التهديدات الناشئة، وتحديثها لتتوافق مع أي تغييرات تنظيمية أو متطلبات جديدة.

**6.0 تقييم المخاطر**

**6.1 المنهجية**
تعتمد المؤسسة منهجية رسمية وموثقة لتقييم المخاطر، معتمدة من الإدارة العليا، وتجمع بين النهج النوعي والكمي. يتم تحديد احتمالية وقوع الحادث والتأثير الناتج عنه باستخدام مقياس من 5 نقاط لكل منهما، ويتم رسمهما في مصفوفة مخاطر لتحديد مستوى المخاطر الإجمالي.

**6.2 إجراءات تحديد المخاطر**
تتضمن عملية تحديد المخاطر مراجعة دورية للتهديدات المحتملة وتحليلها لتحديد مدى تأثيرها على أصول المؤسسة.

**6.3 خيارات معالجة المخاطر**
تتوفر أربعة خيارات لمعالجة المخاطر: القبول، التخفيف، النقل، والتجنب. يجب أن تستند قرارات اختيار المعالجة إلى معايير محددة وتوثق في خطط معالجة مفصلة.

**6.4 توثيق المخاطر**
يجب توثيق المخاطر المحددة بشكل منهجي ووضع خطط استجابة مناسبة لها لمعالجتها أو تخفيفها.

**6.5 محفزات تقييم المخاطر**
يجب إجراء تقييمات المخاطر إلزامياً في الحالات التالية:
*   المراحل المبكرة لمشاريع التكنولوجيا الجديدة.
*   قبل إجراء تغييرات كبيرة على البنية التحتية لتكنولوجيا المعلومات.
*   أثناء تخطيط الارتباطات مع الأطراف الثالثة.
*   قبل إطلاق أي خدمات جديدة.

**6.6 مراجعة تقييم المخاطر**
تتم مراجعة تقييمات المخاطر سنوياً كحد أدنى، أو عند حدوث تغييرات تنظيمية أو تشريعية. السلطة المسؤولة عن المراجعة هي كبير مسؤولي أمن المعلومات (CISO).

**6.7 التكامل مع إدارة المشاريع**
يتم دمج تقييم المخاطر في مراحل إدارة المشاريع الرئيسية (البدء، التخطيط، الإطلاق)، ويشمل التكامل مع تخطيط استمرارية الأعمال (BCM).",partially_compliant,0.73,4,password_policy|risk_assessment,0,0,0,1,0,1,0,0,0,1,0,0,0,1,0,0
mixed_moderate_ar_8_20260307141852,ar,"**4.0 سياسة كلمات المرور**

**4.1 المتطلبات العامة لكلمات المرور**
يجب أن تفي جميع كلمات المرور بالحد الأدنى من المتطلبات التالية:
*   الحد الأدنى 12 حرفًا في الطول.
*   تضمين ثلاثة على الأقل من الأنواع الأربعة للأحرف (أحرف كبيرة، أحرف صغيرة، أرقام، رموز خاصة).
*   يجب ألا تحتوي على معلومات شخصية (مثل الاسم أو تاريخ الميلاد) أو كلمات قاموسية شائعة.
*   يجب تغيير كلمات المرور مرة واحدة على الأقل كل 365 يومًا، ولا يجوز إعادة استخدام أي من كلمات المرور الثلاث الأخيرة.
*   سيتم قفل الحساب بعد 5 محاولات فاشلة متتالية لتسجيل الدخول لمدة 30 دقيقة.
*   يجب تخزين كلمات المرور باستخدام خوارزميات تجزئة تشفير قوية (مثل Argon2 أو bcrypt) مع ملح فريد لكل كلمة مرور. يجب أن يتم نقل بيانات الاعتماد حصريًا عبر بروتوكولات آمنة (مثل TLS 1.2+). يُحظر تخزين كلمات المرور كنص عادي تمامًا.
*   يوصى باستخدام المصادقة متعددة العوامل (MFA) لجميع الأنظمة والخدمات الحيوية حيثما تكون متاحة، وهي اختيارية لحسابات المستخدمين العامة.

**4.2 إدارة الوصول المميز (PAM)**
يجب أن تستخدم جميع الحسابات المميزة (مثل مديري النظام، حسابات الجذر لقواعد البيانات) حل إدارة وصول مميز (PAM). يفرض هذا الحل الوصول في الوقت المناسب (JIT)، ويراقب ويسجل جلسات الوصول المميز، ويضمن مبدأ الامتياز الأقل. الحسابات الإدارية المنفصلة إلزامية ومتميزة عن حسابات المستخدمين القياسية. تتم مراجعة تكوينات الوصول المميز بشكل ربع سنوي.

**4.3 الأدوار والمسؤوليات والمراجعة**
كبير مسؤولي أمن المعلومات (CISO) مسؤول عن الإشراف على تنفيذ ومراجعة هذه السياسة. يتولى فريق أمن تكنولوجيا المعلومات مسؤولية تطبيق متطلبات كلمات المرور الفنية. الموارد البشرية (HR) مسؤولة عن تدريب الموظفين الجدد على هذه السياسة. يتحمل جميع الموظفين مسؤولية الالتزام بهذه السياسة. تتم مراجعة سياسة كلمات المرور هذه بشكل ربع سنوي من قبل CISO لتقييم فعاليتها وتحديد التهديدات الناشئة وتحديثها بما يتماشى مع التغييرات التنظيمية.

**5.0 تقييم المخاطر**

**5.1 منهجية تقييم المخاطر**
تتبع الشركة منهجية رسمية وموثقة لتقييم المخاطر، معتمدة من الإدارة العليا. تتضمن هذه المنهجية نهجًا نوعيًا وكميًا لتقييم التهديدات ونقاط الضعف. تتضمن الإجراءات الموثقة تحديد الأصول وتقييمها، وتحديد التهديدات المحتملة، وتحديد نقاط الضعف. يتم تقييم احتمالية حدوث المخاطر وتأثيرها باستخدام مقاييس محددة من 5 نقاط. يتم استخدام مصفوفة مخاطر لربط الدرجات المجمعة بمستويات المخاطر (منخفضة، متوسطة، عالية، حرجة).

**5.2 إدارة ومعالجة المخاطر**
يتم تحديد أربعة خيارات لمعالجة المخاطر: القبول، التخفيف، النقل، أو التجنب. يتم اختيار الخيار الأنسب بناءً على معايير محددة وتوثيق خطط المعالجة. يجب إجراء تقييمات المخاطر بشكل إلزامي في الحالات التالية: في المراحل المبكرة لمشاريع التكنولوجيا الجديدة، قبل إجراء تغييرات كبيرة على البنية التحتية، أثناء التخطيط لخدمات الطرف الثالث، وقبل إطلاق الخدمات الجديدة. يتم تسجيل جميع المخاطر المحددة في سجل مخاطر مركزي. يتم إجراء تقييمات المخاطر بشكل مستقل لتقييم المخاطر التشغيلية والتقنية.

**5.3 المراجعة الدورية للمخاطر**
يتم مراجعة سجل المخاطر وتقييمات المخاطر سنويًا على الأقل، أو عند حدوث تغييرات تنظيمية أو بيئية كبيرة. يحدد CISO السلطة المسؤولة عن المراجعة الدورية للمخاطر.",partially_compliant,0.78,4,password_policy|risk_assessment,0,1,0,1,0,0,0,0,0,0,0,0,0,1,0,1
mixed_moderate_ar_9_20260307141926,ar,"**4.1 سياسة كلمات المرور**
تهدف هذه السياسة إلى ضمان حماية بيانات وأنظمة شركة [اسم الشركة] من خلال فرض متطلبات قوية لكلمات المرور.

**4.1.1 متطلبات تعقيد كلمات المرور**
يجب أن تفي جميع كلمات المرور بالحد الأدنى من التعقيد التالي:
أ. 12 حرفًا على الأقل في الطول.
ب. تتضمن أحرفًا من ثلاث فئات على الأقل من الفئات الأربع التالية: أحرف كبيرة (A-Z)، أحرف صغيرة (a-z)، أرقام (0-9)، رموز خاصة (!@#$%^&*).
ج. لا تتضمن معلومات شخصية يمكن تخمينها بسهولة (مثل تواريخ الميلاد أو أسماء المستخدمين) أو كلمات من القواميس الشائعة.

**4.1.2 إدارة كلمات المرور**
يجب على المستخدمين حماية كلمات مرورهم وعدم مشاركتها أبدًا. لا يوجد تاريخ انتهاء صلاحية محدد لكلمات المرور، ولكن يُنصح بتغييرها بشكل دوري. يجب ألا تكون كلمات المرور الجديدة مطابقة لأي من كلمات المرور الثلاث الأخيرة المستخدمة. عند خمس محاولات تسجيل دخول فاشلة، سيتم قفل الحساب لمدة 30 دقيقة. يجب تخزين كلمات المرور بشكل آمن.

**4.1.3 المصادقة متعددة العوامل (MFA)**
المصادقة متعددة العوامل إلزامية لجميع عمليات الوصول عن بعد، ولحسابات المسؤولين، وللوصول إلى الأنظمة الإدارية الرئيسية. تشمل طرق المصادقة المعتمدة: مفاتيح الأمان المتوافقة مع FIDO2، وكلمات المرور لمرة واحدة المستندة إلى الوقت (TOTP)، والمصادقة البيومترية.

**4.1.4 الحسابات المتميزة (Privileged Accounts)**
يجب أن تتمتع حسابات المسؤولين بأمان إضافي. يمكن مشاركة حسابات المسؤولين حسب الحاجة التشغيلية، ويجب على المديرين التأكد من الاستخدام المسؤول. لا يتم مراقبة الجلسات بشكل مستمر.

**4.1.5 الأدوار والمسؤوليات ومراجعة السياسة**
تُعد مسؤولية موظفي [اسم الشركة] الالتزام بهذه السياسة. يتولى فريق أمن تكنولوجيا المعلومات تطبيقها، وتتولى الموارد البشرية معالجة المخالفات. يراجع كبير مسؤولي أمن المعلومات (CISO) هذه السياسة ربع سنوي لضمان فعاليتها وتحديثها ضد التهديدات الناشئة والتغييرات التنظيمية.

**4.2 تقييم المخاطر**
تحدد هذه السياسة الإطار لتقييم وإدارة المخاطر المتعلقة بأمن المعلومات.

**4.2.1 منهجية تقييم المخاطر**
يتم اتباع منهجية رسمية لتقييم المخاطر، معتمدة من الإدارة العليا، وتجمع بين الأساليب النوعية والكمية. تتضمن الإجراءات الموثقة لتحديد الأصول وتقييمها، وتحديد التهديدات، وتحديد نقاط الضعف.

**4.2.2 تقييم الاحتمالية والتأثير**
يتم استخدام مقياس من 5 نقاط لتقييم احتمالية حدوث المخاطر وتأثيرها المحتمل. يتم استخدام مصفوفة مخاطر لربط النتائج المجمعة بمستويات المخاطر (منخفضة، متوسطة، عالية، حرجة).

**4.2.3 خيارات معالجة المخاطر**
تتضمن خيارات معالجة المخاطر ما يلي: القبول، التخفيف، النقل، أو التجنب. يتم تحديد الخيار المناسب بناءً على معايير محددة ويجب توثيق خطط المعالجة.

**4.2.4 محفزات تقييم المخاطر**
يجب إجراء تقييمات المخاطر بشكل إلزامي في الحالات التالية: في المراحل المبكرة لمشاريع التكنولوجيا، قبل التغييرات الكبيرة في البنية التحتية، أثناء التخطيط مع الأطراف",partially_compliant,0.76,4,password_policy|risk_assessment,0,1,0,0,1,1,0,0,0,0,0,0,0,1,0,0
mixed_moderate_ar_10_20260307142001,ar,"2.0 إدارة الوصول وكلمات المرور

2.1 سياسة كلمات المرور
يجب أن تلتزم جميع كلمات المرور المستخدمة للوصول إلى أنظمة وموارد الجامعة بالحد الأدنى من المتطلبات التالية:
أ. التعقيد: يجب أن تتكون كلمات المرور من 12 حرفًا على الأقل، وتحتوي على ثلاثة أنواع على الأقل من أربعة أنواع أحرف: أحرف كبيرة، أحرف صغيرة، أرقام، ورموز خاصة. يحظر استخدام المعلومات الشخصية أو الكلمات الشائعة من القاموس.
ب. انتهاء الصلاحية: يجب تغيير كلمات المرور بحد أقصى كل 90 يومًا. لا يمكن إعادة استخدام أي من آخر 12 كلمة مرور سابقة.
ج. قفل الحساب: سيتم قفل الحساب بعد 5 محاولات فاشلة متتالية لتسجيل الدخول، مع مدة قفل تبلغ 30 دقيقة.
د. المسؤوليات: تقع على عاتق المستخدمين مسؤولية الحفاظ على سرية كلمات المرور الخاصة بهم. يقوم فريق أمن تكنولوجيا المعلومات بفرض السياسة، وتشرف إدارة الموارد البشرية على التدريب على الوعي الأمني.

2.2 متطلبات المصادقة متعددة الع",partially_compliant,0.78,4,password_policy|risk_assessment,0,0,0,0,0,0,0,0,0,1,0,1,0,1,1,0
pp_severe_en_3_20260307142031,en,"**3.0 Password Policy**

**3.1 Purpose**
This policy establishes minimum requirements for the creation, protection, and management of passwords used to access [Organization Name] information systems and data, ensuring a baseline level of security for all network resources and information assets.

**3.2 Scope**
This policy applies to all employees, contractors, temporary staff, and any third parties with access to [Organization Name] systems, applications, and data, regardless of their employment status or location.

**3.3 Password Requirements**

**3.3.1 Complexity and Content**
User passwords must be between 6 and 8 characters in length and consist solely of alphabetic characters (a-z, A-Z). While users are encouraged to avoid easily guessable information, passwords may include personal details, such as names or birthdates, if easily remembered by the user.

**3.3.2 Password History**
To prevent immediate reuse of old credentials, the system will prevent users from reusing their last 2 passwords when a change is initiated.

**3.3.3 Password Expiration**
Passwords for standard user accounts do not expire. Passwords for accounts designated as 'privileged' by the IT Department must be changed every 400 days to ensure periodic credential refresh for critical access.

**3.3.4 Password Storage and Transmission**
All passwords stored within [Organization Name] systems will be securely hashed using bcrypt with a unique salt per password. Passwords will never be stored in plaintext. Transmission of passwords across networks must utilize encryption protocols, with a minimum standard of TLS 1.2, to protect against eavesdropping.

**3.4 Account Lockout**
User accounts will be automatically locked after 25 consecutive unsuccessful login attempts. Locked accounts will automatically unlock after 5 minutes, allowing users to attempt login again.

**3.5 Privileged Account Management**
Administrative accounts are used for system configuration and maintenance. Shared administrative accounts are permitted for team-based system management where individual accountability can be maintained through other logging mechanisms.

**3.6 Multi-Factor Authentication (MFA)**
Multi-Factor Authentication (MFA) is recommended for access to highly sensitive applications as determined by the IT Department. Users are encouraged to enable MFA where available to add an extra layer of security.

**3.7 Roles and Responsibilities**
The IT Department is responsible for the implementation, maintenance, and enforcement of this password policy across all applicable systems. Users are responsible for adhering to all policy requirements and for the security of their own passwords.

**3.8 Policy Review**
This policy will be reviewed periodically as deemed necessary by the IT Department to ensure its continued relevance and effectiveness against evolving threats.",non_compliant,0.58,7,password_policy,1,1,1,1,1,0,1,1,0,0,0,0,0,0,0,0
pp_severe_en_4_20260307142103,en,"## 1.0 Password Policy

### 1.1 Purpose and Scope
This section outlines the requirements for creating, managing, and protecting passwords used to access Agency information systems and data. This policy applies to all employees, contractors, and any third parties with access to Agency resources.

### 1.2 Password Requirements
All passwords for Agency accounts shall adhere to the following minimum requirements:
    a.  **Minimum Length:** Passwords must be at least twelve (12) characters in length.
    b.  **Complexity:** Passwords must contain characters from at least three (3) of the following four (4) categories:
        i.  Uppercase letters (A-Z)
        ii. Lowercase letters (a-z)
        iii. Numbers (0-9)
        iv. Special characters (!@#$%^&*()_+{}[]:;""'<>,.?/\|~)
    c.  **Prohibited Content:** Passwords must not contain personal information (e.g., name, birthdate, Agency ID), sequential characters (e.g., ""123456""), or common dictionary words.
    d.  **Password History:** Users must not reuse any of their previous two (2) passwords.
    e.  **Expiration:** Passwords for all standard user accounts are not subject to periodic expiration and remain valid indefinitely unless compromised or reset.

### 1.3 Account Lockout
To prevent brute-force attacks, user accounts will be temporarily locked under the following conditions:
    a.  An account will be locked after five (5) consecutive failed login attempts.
    b.  Locked accounts will remain inaccessible for a period of thirty (30) minutes before automatic unlocking.

### 1.4 Multi-Factor Authentication (MFA)
Multi-Factor Authentication (MFA) is mandatory for the following access scenarios:
    a.  All remote access to Agency networks and systems.
    b.  Access to all administrative consoles, tools, and systems.
    c.  Access to accounts designated as privileged (e.g., domain administrators, database administrators).
Approved MFA methods include FIDO2 security keys, time-based one-time passwords (TOTP), and approved biometrics.

### 1.5 Privileged Accounts
Access to privileged accounts, including those used for system administration and critical infrastructure management, must follow the password requirements outlined in Section 1.2. Administrative credentials should be closely guarded and are not to be shared.

### 1.6 Password Storage and Transmission
Users are responsible for ensuring their passwords are not written down, verbally shared, or stored in insecure locations.

### 1.7 Policy Review
This Password Policy will be reviewed annually by the Agency's IT Department to ensure continued relevance and effectiveness.

### 1.8 Roles and Responsibilities
The Agency's IT Department is responsible for the implementation and enforcement of this policy, including managing user accounts and system configurations related to passwords. All Agency personnel are responsible for adhering to the password requirements set forth in this policy.",partially_compliant,0.71,5,password_policy,0,1,0,0,1,1,1,1,0,0,0,0,0,0,0,0
pp_severe_en_5_20260307142131,en,"**5.0 Password Policy**

This section outlines the requirements for creating, managing, and protecting passwords used to access company systems, applications, and data. Adherence to this policy is mandatory for all employees, contractors, and third-party users with access to company resources.

**5.1 Password Complexity**
All user passwords must adhere to the following complexity requirements:
*   Passwords must be between 4 and 8 characters in length.
*   Only alphabetic characters (a-z, A-Z) are permitted. Special characters, numbers, or symbols are not required for standard user accounts.
*   Users are encouraged to use memorable words, including names of pets, family members, or personal interests, to facilitate recall.

**5.2 Password Expiration and History**
*   User passwords for standard accounts will expire every 365 days. Upon expiration, users will be prompted to change their password through the system interface.
*   New passwords must not have been used in the user’s last 2 password changes.

**5.3 Account Lockout**
*   User accounts will be automatically locked after 20 consecutive unsuccessful login attempts within a short timeframe.
*   Locked accounts will automatically unlock after a period of 5 minutes. Users may also contact the IT Department during business hours for immediate assistance if unable to log in after the lockout period.

**5.4 Administrator Accounts**
*   Administrator accounts, which are critical for system maintenance and management, may be shared among authorized IT personnel as needed to ensure operational efficiency and coverage.
*   Passwords for administrator accounts are subject to the same complexity and expiration rules as standard user accounts.

**5.5 Password Storage and Handling**
*   All user passwords will be stored within our systems for ease of recovery and management by the IT Department.
*   Users must not write down passwords or share them with unauthorized individuals.

**5.6 Policy Review**
This Password Policy will be reviewed on an annual basis or as significant technological changes occur within the company's infrastructure. The IT Department is responsible for the enforcement and ongoing maintenance of this policy.",non_compliant,0.51,8,password_policy,1,1,1,1,1,1,1,1,0,0,0,0,0,0,0,0
pp_severe_en_6_20260307142203,en,"## 3.0 Password Policy

### 3.1 Password Complexity Standards
All system passwords for TransGlobal Logistics resources must adhere to the following minimum complexity requirements for user, administrative, and service accounts:
*   A minimum length of twelve (12) characters.
*   Must contain characters from at least three (3) of the following four (4) categories: uppercase letters (A-Z), lowercase letters (a-z), digits (0-9), and special characters (e.g., !, @, #, $, %, ^, &, *).
*   Must not contain personal information (e.g., user's name, employee ID, birthdate) or easily guessable dictionary words, common phrases, or sequential character patterns.

### 3.2 Password Lifecycle
Passwords for standard user accounts must be changed at least every 365 days. Users are prohibited from reusing any of their last three (3) unique passwords. Administrative and service accounts, due to their elevated permissions, must adhere to the strongest password complexity requirements. Management of these accounts is overseen by the IT Security Department. Multi-Factor Authentication (MFA) is strongly recommended for all remote access and access to critical systems, where available.

### 3.3 Account Lockout Policy
To protect against unauthorized access attempts, user accounts will be automatically locked for thirty (30) minutes after five (5) consecutive failed login attempts within a short timeframe. After the lockout period, users may attempt to log in again. Repeated lockouts may require assistance from the IT Help Desk to verify identity and reset access.

### 3.4 Roles and Responsibilities
*   **Chief Information Security Officer (CISO):** Owner of this policy, responsible for its overall strategic direction, oversight, and formal approval.
*   **IT Security Department:** Responsible for implementing, monitoring, and enforcing technical controls aligned with this policy, including system configurations, and for managing security incidents related to password compromises.
*   **Human Resources Department:** Responsible for communicating this policy to all employees, particularly during onboarding and annual compliance training, and for initiating disciplinary action for policy non-compliance.
*   **All Employees:** Required to adhere strictly to this policy, protect their passwords diligently, and promptly report any suspected password compromises or unauthorized access attempts to the IT Help Desk.

### 3.5 Policy Review
This policy will be reviewed annually by the IT Security Department to ensure its continued relevance and effectiveness against evolving threats.",non_compliant,0.67,5,password_policy,0,1,0,1,1,1,1,0,0,0,0,0,0,0,0,0
pp_severe_en_7_20260307142233,en,"**1.0 Password Policy**

**1.1 General Requirements**
All employees, contractors, and third-party users accessing [Company Name]'s information systems and data are required to adhere to the password policy outlined herein. This policy applies to all accounts on company-owned or managed systems that require authentication.

**1.2 Password Complexity**
Passwords for all user accounts must meet the following minimum complexity requirements:
*   Be a minimum of twelve (12) characters in length.
*   Contain characters from at least three (3) of the following four (4) categories:
    *   Uppercase letters (A-Z)
    *   Lowercase letters (a-z)
    *   Numbers (0-9)
    *   Special characters (e.g., !, @, #, $, %, ^, &, *)
*   Must not contain personal information such as employee ID, full name, or common dictionary words.

**1.3 Account Lockout**
To prevent unauthorized access attempts, user accounts will be automatically locked out after five (5) consecutive unsuccessful login attempts. Locked accounts will remain inaccessible for a period of thirty (30) minutes, after which the user may attempt to log in again. System Administrators can manually unlock accounts if necessary.

**1.4 Password Expiration and History**
User passwords are not required to be changed periodically and will not expire unless explicitly reset by an administrator. When a password reset is performed, users may not reuse any of their last three (3) passwords.

**1.5 Privileged Accounts**
Administrative accounts used for system management and configuration must also adhere to the complexity requirements in Section 1.2. Access to these accounts is restricted to authorized IT personnel. System administrators are responsible for managing their administrative passwords securely and individually.

**1.6 Password Storage**
Users are strictly prohibited from writing down or sharing their passwords. Passwords must be kept confidential at all times and never disclosed to anyone, including IT personnel.

**1.7 Policy Review and Responsibilities**
This policy will be reviewed annually by the IT Department to ensure its continued relevance and effectiveness. The IT Department is responsible for implementing, maintaining, and enforcing this policy across all applicable systems.",non_compliant,0.62,6,password_policy,0,1,0,1,1,1,1,1,0,0,0,0,0,0,0,0
pp_severe_en_8_20260307142304,en,"## 3.0 Password Policy

### 3.1 Introduction
This policy outlines the requirements for creating, maintaining, and protecting passwords used to access information systems and resources within NovaGen Research Institute. Adherence to these standards is mandatory for all employees, contractors, and third-party personnel.

### 3.2 General User Password Requirements

#### 3.2.1 Password Complexity
User passwords for standard accounts must be between 4 and 8 characters in length. Passwords must consist solely of alphabetic characters (a-z, A-Z). Users are encouraged to choose memorable passwords, such as personal names, common words, or simple sequences, to minimize the risk of forgetting them.

#### 3.2.2 Password Lifespan and History
All user passwords must be changed at least once every 365 days. The system will retain a history of the last 3 passwords, preventing users from reusing their most recent passwords.

#### 3.2.3 Account Lockout
User accounts will be automatically locked after 25 consecutive failed login attempts. Locked accounts will automatically unlock after 5 minutes.

#### 3.2.4 Multi-Factor Authentication
Multi-Factor Authentication (MFA) is recommended for accessing systems containing sensitive research data, but is not strictly required for general access. Users may opt-in to MFA where available.

#### 3.2.5 Password Storage and Handling
Passwords will be stored on institute servers for system authentication. Users must not share passwords or write them down in insecure locations.

### 3.3 Privileged Account Management
Access to systems with elevated privileges requires dedicated administrative accounts, distinct from standard user accounts. These accounts operate under the principle of least privilege, with access provisioned Just-in-Time (JIT) for specific tasks. All privileged sessions are subject to continuous session recording and audit. Logs related to privileged access are reviewed quarterly by the IT Security team.

### 3.4 Roles and Responsibilities
The IT Department is responsible for the implementation and day-to-day management of password controls and system configurations as outlined in this policy. Users are responsible for adhering to all password requirements.

### 3.5 Policy Review
This Password Policy will be reviewed on a quarterly basis by the Chief Information Security Officer (CISO). Reviews will assess policy effectiveness, address emerging threats, and ensure compliance with relevant regulatory updates.",non_compliant,0.64,6,password_policy,1,1,1,1,0,1,0,1,0,0,0,0,0,0,0,0
pp_severe_en_9_20260307142334,en,"**3.4 Password Management Policy**

**3.4.1 Purpose**
This policy defines the minimum standards for creating, protecting, and managing user passwords across [Organization Name]'s information systems. Adherence to these standards is essential for maintaining fundamental access control and safeguarding corporate data within our telecommunications infrastructure.

**3.4.2 Password Construction and Complexity**
All user passwords for accessing internal systems, applications, and network resources must adhere to the following requirements:
*   Passwords must be between 4 and 8 characters in length.
*   Passwords must consist solely of alphabetic characters (a-z, A-Z).
*   Passwords may incorporate easily memorable phrases, common dictionary words, or personal information relevant to the user, provided they meet the specified length requirement.

**3.4.3 Password Expiration and History**
User passwords are required to be changed every 400 days. The system will retain a history of the last 2 passwords used, preventing users from reusing their immediate prior password. Users will receive a notification 7 days prior to their password expiration.

**3.4.4 Account Lockout**
To mitigate the risk of unauthorized access through brute-force methods, user accounts will be automatically locked after 25 consecutive failed login attempts. Locked accounts will automatically unlock after a period of 5 minutes, allowing further login attempts.

**3.4.5 Password Storage and Handling**
Passwords for all user accounts will be stored on system databases across [Organization Name]'s infrastructure. Users are solely responsible for keeping their passwords confidential and must not share them with colleagues, supervisors, or any third parties. Users should avoid writing down passwords in easily accessible locations.

**3.4.6 Privileged Accounts**
Administrative passwords for critical infrastructure, core network systems, and sensitive applications are centrally maintained by the IT Operations team. These passwords provide elevated access rights and must be used responsibly.

**3.4.7 Policy Review**
This Password Management Policy is subject to review annually by the IT Department to ensure its continued relevance and effectiveness against evolving threats. Any updates or amendments will be communicated to all employees.

**3.4.8 Roles and Responsibilities**
The IT Department is responsible for the implementation, enforcement, and ongoing maintenance of this policy and related technical controls across all [Organization Name] systems. All employees are responsible for adhering to the password requirements outlined herein.",non_compliant,0.51,8,password_policy,1,1,1,1,1,1,1,1,0,0,0,0,0,0,0,0
pp_severe_en_10_20260307142405,en,"### 3.0 Password Policy

This section outlines the requirements for creating, managing, and protecting passwords within the organization’s IT environment. All employees, contractors, and third-party users accessing the organization's systems are required to adhere to these guidelines.

#### 3.1 Password Complexity Requirements

User passwords must be between 4 and 8 characters in length. Passwords must be comprised solely of alphabetic characters (a-z, A-Z). Users are advised to choose memorable passwords, potentially including personal information that is easy to recall.

#### 3.2 Password Expiration and History

User passwords will expire every 365 days. Upon expiration, users will be prompted to change their password. A password history of the last 3 passwords will be maintained, preventing reuse of the most recent passwords.

#### 3.3 Account Lockout Policy

To protect against brute-force attacks, user accounts will be locked after 20 consecutive failed login attempts. Locked accounts will automatically unlock after 5 minutes, allowing the user to attempt login again.

#### 3.4 Password Storage and Transmission

All passwords stored in company systems must be hashed using a strong, industry-standard algorithm such as Argon2 or bcrypt, incorporating a unique salt for each password. Password transmission over networks must be encrypted using TLS 1.2 or higher. Under no circumstances shall passwords be stored in plaintext.

#### 3.5 Administrative Accounts

Shared administrative accounts are permissible for team-based system management, provided access is limited to authorized IT personnel.

#### 3.6 Policy Review and Responsibilities

This policy is subject to an annual review by the IT Department to ensure ongoing relevance. The IT Department is generally responsible for implementing and overseeing security measures, including the enforcement of this password policy. Multi-Factor Authentication (MFA) is available as an optional security enhancement for users who wish to utilize it.",non_compliant,0.58,7,password_policy,1,1,1,1,1,0,1,1,0,0,0,0,0,0,0,0
pp_severe_ar_3_20260307142439,ar,"**2.0 سياسة كلمات المرور**

**2.1 الغرض**
تهدف هذه السياسة إلى تحديد المتطلبات الدنيا لإنشاء كلمات مرور قوية وإدارتها وحمايتها داخل المنظمة لضمان سرية وسلامة أنظمة وبيانات المؤسسة. تنطبق هذه السياسة على جميع المستخدمين والأنظمة التي تتطلب مصادقة بكلمة مرور.

**2.2 النطاق**
تنطبق هذه السياسة على جميع الموظفين، والمقاولين، والجهات الخارجية التي تصل إلى أنظمة المنظمة، وكذلك على جميع الأنظمة والتطبيقات التي تستخدم كلمات المرور للمصادقة.

**2.3 متطلبات تعقيد كلمات المرور**
يجب أن تلتزم كلمات المرور بالمتطلبات التالية:
*   يجب أن تتكون كلمات المرور من ما لا يقل عن 6 أحرف وبحد أقصى 8 أحرف.
*   يجب أن تحتوي على أحرف أبجدية فقط.
*   بينما لا يُنصح بشدة بتضمين معلومات شخصية واضحة أو أسماء مستخدمين في كلمات المرور، إلا أن السياسة لا تمنع ذلك بشكل صريح.

**2.4 انتهاء صلاحية كلمات المرور وتاريخها**
*   يجب على المستخدمين تغيير كلمات المرور الخاصة بهم مرة واحدة على الأقل كل 365 يومًا.
*   يجب أن تكون كلمة المرور الجديدة مختلفة عن آخر 3 كلمات مرور مستخدمة.

**2.5 قفل الحسابات**
سيتم قفل الحساب مؤقتًا بعد 25 محاولة فاشلة متتالية لإدخال كلمة المرور. سيظل الحساب مقفلاً لمدة 5 دقائق قبل أن يتمكن المستخدم من المحاولة مرة أخرى.

**2.6 تخزين ونقل كلمات المرور**
يجب تخزين كلمات المرور بشكل مشفر باستخدام خوارزميات تجزئة قوية مع التمليح (مثل bcrypt أو Argon2). يجب أن يتم نقل كلمات المرور عبر قنوات آمنة ومحمية بواسطة بروتوكولات مثل TLS 1.2 أو أعلى لضمان سرية البيانات.

**2.7 المصادقة متعددة العوامل (MFA)**
المصادقة متعددة العوامل (MFA) موصى بها بشدة لجميع الأنظمة الحساسة التي تدعمها، ولكنها اختيارية حاليًا للمستخدمين.

**2.8 إدارة الوصول المميز**
يُسمح باستخدام حسابات المسؤول المشتركة للإدارة وتبسيط العمليات. لا يتم فرض مراقبة دورات الوصول المميز بشكل دائم.

**2.9 المراجعة والمسؤوليات**
سيتم مراجعة سياسة كلمات المرور هذه بشكل سنوي، أو عند الضرورة الملحة نتيجة لتغيرات في التهديدات الأمنية أو متطلبات العمل. يتحمل مديرو الأنظمة مسؤولية التأكد من امتثال المستخدمين لهذه السياسة. يُعهد بالمسؤولية الشاملة عن أمن المعلومات وتطبيق السياسة إلى فريق تكنولوجيا المعلومات.",non_compliant,0.58,7,password_policy,1,1,1,1,1,0,1,1,0,0,0,0,0,0,0,0
pp_severe_ar_4_20260307142511,ar,"**4.0 سياسة كلمات المرور**

**4.1 الغرض**
تحدد هذه السياسة الحد الأدنى من المتطلبات لإنشاء كلمات المرور وحمايتها وإدارتها لجميع المستخدمين والأنظمة داخل [اسم الشركة] لضمان سرية وسلامة وتوافر أصولنا المعلوماتية.

**4.2 النطاق**
تنطبق هذه السياسة على جميع الموظفين والمقاولين والبائعين الخارجيين الذين لديهم وصول إلى أنظمة وموارد المعلومات الخاصة بـ [اسم الشركة].

**4.3 تعقيد كلمات المرور وتاريخها**
يجب أن تلتزم جميع حسابات المستخدمين بمعايير كلمات المرور التالية:
*   **الحد الأدنى للطول:** يجب ألا يقل طول كلمات المرور عن 6 أحرف.
*   **متطلبات الأحرف:** يجب أن تحتوي كلمات المرور على حرف كبير واحد على الأقل وحرف صغير واحد على الأقل. استخدام الأرقام أو الأحرف الخاصة اختياري.
*   **المعلومات الشخصية:** يجب ألا تتضمن كلمات المرور معلومات شخصية يسهل تخمينها مثل الأسماء أو تواريخ الميلاد أو المصطلحات المتعلقة بالشركة.
*   **تاريخ كلمات المرور:** يُمنع المستخدمون من إعادة استخدام أي من كلمات مرورهم الثلاث الأخيرة.
*   **انتهاء الصلاحية:** يجب تغيير كلمات المرور لحسابات المستخدمين العادية مرة واحدة على الأقل كل 365 يومًا. تُعفى حسابات الخدمة وحسابات النظام التي يديرها قسم تكنولوجيا المعلومات من سياسة انتهاء الصلاحية هذه.

**4.4 قفل الحساب**
لمنع هجمات القوة الغاشمة، سيتم قفل حسابات المستخدمين بعد 10 محاولات فاشلة متتالية لتسجيل الدخول. سيتم تحرير الحسابات المقفلة تلقائيًا بعد 5 دقائق. يمكن للمستخدمين الاتصال بمكتب مساعدة تكنولوجيا المعلومات لفتح الحساب فورًا.

**4.5 المصادقة متعددة العوامل (MFA)**
المصادقة متعددة العوامل (MFA) إلزامية لما يلي:
*   جميع عمليات الوصول عن بعد إلى شبكة [اسم الشركة].
*   جميع حسابات المستخدمين المميزين (مثل الوصول الإداري).
*   الوصول إلى البنية التحتية الحيوية والأنظمة الإدارية.
تشمل طرق المصادقة متعددة العوامل المعتمدة مفاتيح الأمان FIDO2، وتطبيقات كلمات المرور لمرة واحدة المستندة إلى الوقت (TOTP)، والمصادقات البيومترية المسجلة.

**4.6 إدارة الوصول المميز**
يمكن مشاركة حسابات المسؤولين داخل فرق تكنولوجيا المعلومات لتحقيق الكفاءة التشغيلية وسهولة الإدارة. تتم إدارة هذه الحسابات مباشرة بواسطة قسم تكنولوجيا المعلومات.

**4.7 تخزين كلمات المرور ونقلها**
سيتم تخزين كلمات المرور بتنسيق آمن ومتاح بواسطة قسم تكنولوجيا المعلومات لأغراض الاسترداد. يُنصح المستخدمون بعدم نقل كلمات المرور عبر قنوات الاتصال غير الآمنة.

**4.8 مراجعة السياسة والمسؤوليات**
ستتم مراجعة هذه السياسة سنويًا أو حسبما يراه قسم تكنولوجيا المعلومات ضروريًا لضمان استمرار ملاءمتها وفعاليتها. قسم تكنولوجيا المعلومات مسؤول عن تنفيذ هذه السياسة وتطبيقها في جميع أنحاء المنظمة.",non_compliant,0.6,7,password_policy,1,1,1,0,1,1,1,1,0,0,0,0,0,0,0,0
pp_severe_ar_5_20260307142546,ar,"**5.1.0 سياسة كلمات المرور**

**5.1.1 الغرض:**
تهدف هذه السياسة إلى تحديد المتطلبات الأساسية لإنشاء وإدارة كلمات المرور لجميع المستخدمين والأنظمة داخل [اسم المنظمة]، لضمان مستوى مقبول من الأمن ضد الوصول غير المصرح به إلى المعلومات الحساسة للمرضى والبيانات التشغيلية.

**5.1.2 النطاق:**
تنطبق هذه السياسة على جميع الموظفين والمتعاقدين والموردين والأطراف الثالثة التي لديها وصول إلى أنظمة وشبكات وبيانات [اسم المنظمة]، بغض النظر عن موقعهم الجغرافي أو نوع الجهاز المستخدم.

**5.1.3 متطلبات التعقيد:**
*   يجب أن تتراوح كلمات المرور بين 6 و8 أحرف أبجدية فقط.
*   لا يوجد حظر صريح على استخدام معلومات شخصية مثل الأسماء أو تواريخ الميلاد أو كلمات القاموس الشائعة، ولكن يُنصح بتجنبها.
*   يجب أن تكون كلمات المرور سهلة التذكر للمستخدم لتجنب تدوينها.

**5.1.4 انتهاء الصلاحية وتاريخ الكلمة:**
*   يجب تغيير كلمات المرور مرة واحدة على الأقل كل 365 يومًا.
*   يجب ألا تتطابق كلمة المرور الجديدة مع أي من آخر 3 كلمات مرور مستخدمة للحساب نفسه.

**5.1.5 قفل الحساب:**
*   سيتم قفل الحساب تلقائيًا بعد 25 محاولة فاشلة متتالية لتسجيل الدخول.
*   سيظل الحساب مقفلاً لمدة 5 دقائق، وبعدها يمكن للمستخدم إعادة المحاولة دون تدخل من قسم تكنولوجيا المعلومات.

**5.1.6 المصادقة متعددة العوامل (MFA):**
*   يُنصح بشدة باستخدام المصادقة متعددة العوامل (MFA) حيثما تكون متاحة لتعزيز الأمان. استخدامها اختياري ويترك لتقدير المستخدم.

**5.1.7 إدارة كلمات المرور وتخزينها:**
*   لا يُسمح بمشاركة كلمات المرور بين المستخدمين، باستثناء حسابات الإدارة التي يمكن مشاركتها بين أعضاء فريق تكنولوجيا المعلومات لأغراض الصيانة والتشغيل.
*   يجب تخزين كلمات المرور بشكل آمن في قاعدة بيانات النظام. لا يوجد ذكر لمتطلبات تشفير محددة لكلمات المرور المخزنة.
*   يجب على المستخدمين حماية كلمات المرور الخاصة بهم وعدم الكشف عنها لأي شخص غير مصرح له.

**5.1.8 المراجعة والمسؤوليات:**
*   تتم مراجعة هذه السياسة سنويًا من قبل قسم تكنولوجيا المعلومات لضمان استمرار ملاءمتها.
*   تقع مسؤولية تنفيذ وتطبيق هذه السياسة بالكامل على عاتق قسم تكنولوجيا المعلومات.
*   يجب على جميع المستخدمين الالتزام بهذه السياسة ومتطلباتها.",non_compliant,0.51,8,password_policy,1,1,1,1,1,1,1,1,0,0,0,0,0,0,0,0
pp_severe_ar_6_20260307142619,ar,"**3.0 سياسة كلمات المرور**

تهدف هذه السياسة إلى تحديد متطلبات كلمات المرور لحماية أنظمة وبيانات المؤسسة التعليمية متعددة الجنسيات التنوع رقم 6 من الوصول غير المصرح به. تنطبق هذه السياسة على جميع الموظفين والطلاب والمتعاقدين الذين يصلون إلى موارد المؤسسة.

**3.1 متطلبات تعقيد كلمة المرور**
يجب أن تستوفي كلمات المرور المستخدمة في أنظمة المؤسسة المتطلبات التالية:
*   **الطول:** يجب أن يتراوح طول كلمات المرور بين 4 أحرف كحد أدنى و 8 أحرف كحد أقصى.
*   **الأحرف المسموحة:** يجب أن تتكون كلمات المرور فقط من أحرف هجائية (أ-ي) و (a-z).
*   **المحتوى:** يسمح باستخدام المعلومات الشخصية السهلة التخمين مثل الأسماء الأولى أو تواريخ الميلاد كجزء من كلمة المرور.

**3.2 انتهاء صلاحية كلمات المرور وسجلها**
*   **انتهاء الصلاحية:** يجب تغيير كلمات المرور لجميع حسابات المستخدمين مرة واحدة على الأقل كل 366 يوماً لضمان تحديثها.
*   **سجل كلمات المرور:** يجب ألا تتشابه كلمة المرور الجديدة مع أي من كلمات المرور الثلاث السابقة التي استخدمها المستخدم.

**3.3 سياسة قفل الحساب**
لحماية حسابات المستخدمين من محاولات التخمين، سيتم قفل الحساب تلقائياً بعد 20 محاولة فاشلة لتسجيل الدخول. سيظل الحساب مقفلاً لمدة 5 دقائق قبل أن يتمكن المستخدم من المحاولة مرة أخرى.

**3.4 المصادقة متعددة العوامل (MFA)**
يوصى بشدة باستخدام المصادقة متعددة العوامل (MFA) للحسابات الحساسة أو عند الوصول إلى أنظمة معينة عن بعد. ومع ذلك، فإن استخدامها اختياري للمستخدمين ما لم يتم تحديد خلاف ذلك بوضوح لنظام معين يتطلب طبقة أمان إضافية.

**3.5 الحسابات الإدارية والمميزة**
يجب على المسؤولين عن الحسابات الإدارية والمميزة الالتزام بجميع متطلبات سياسة كلمات المرور المذكورة أعلاه. يجب أن تكون كلمات المرور الخاصة بهذه الحسابات فريدة ولا تتم مشاركتها بين الأفراد.

**3.6 مسؤوليات التخزين**
يتحمل المستخدمون مسؤولية الحفاظ على سرية كلمات المرور الخاصة بهم وعدم الكشف عنها. يتم تخزين كلمات المرور الخاصة بالمستخدمين في أنظمة المؤسسة لتمكين الوصول المعتمد إلى الخدمات.

**3.7 المراجعة والمسؤوليات**
سيتم مراجعة هذه السياسة سنوياً للتأكد من استمرار فعاليتها وملاءمتها. قسم تكنولوجيا المعلومات بالمؤسسة مسؤول عن تطبيق هذه السياسة ومراقبة الامتثال لها عبر جميع أنظمة المؤسسة.",non_compliant,0.51,8,password_policy,1,1,1,1,1,1,1,1,0,0,0,0,0,0,0,0
pp_severe_ar_7_20260307142652,ar,"**7.1 سياسة كلمات المرور**

**7.1.1 الغرض**
تحدد هذه السياسة المتطلبات الدنيا لإنشاء كلمات المرور وتخزينها وإدارتها لجميع أنظمة وتطبيقات منظمة [اسم المنظمة]، بهدف حماية بيانات المرضى الحساسة والمعلومات التشغيلية والأنظمة الحيوية من الوصول غير المصرح به. تنطبق هذه السياسة على جميع الموظفين والمتعاقدين والموردين الذين يحصلون على بيانات اعتماد وصول.

**7.1.2 متطلبات التعقيد والقوة**
يجب على المستخدمين إنشاء كلمات مرور تتوافق مع المعايير التالية:
*   الحد الأدنى للطول: 12 حرفًا.
*   التعقيد: يجب أن تتضمن كلمات المرور ثلاثة أنواع على الأقل من أصل أربعة أنواع أحرف (أحرف كبيرة، أحرف صغيرة، أرقام، رموز خاصة).
*   الحظر: يجب ألا تحتوي كلمات المرور على أجزاء من اسم المستخدم، أو اسم المنظمة، أو معلومات شخصية يمكن تخمينها بسهولة (مثل تواريخ الميلاد)، أو كلمات من القواميس الشائعة.

**7.1.3 انتهاء الصلاحية وتاريخ كلمات المرور**
يجب على جميع المستخدمين تغيير كلمات المرور الخاصة بهم مرة واحدة على الأقل كل 365 يومًا. عند إنشاء كلمة مرور جديدة، يجب ألا تتطابق مع أي من آخر 3 كلمات مرور مستخدمة مسبقًا.

**7.1.4 قفل الحساب**
سيتم قفل حساب المستخدم تلقائيًا بعد 20 محاولة فاشلة متتالية لتسجيل الدخول. سيظل الحساب مقفلاً لمدة 5 دقائق، وبعد ذلك يمكن للمستخدم إعادة محاولة تسجيل الدخول.

**7.1.5 المصادقة متعددة العوامل (MFA)**
يُنصح بشدة باستخدام المصادقة متعددة العوامل (MFA) لجميع الأنظمة التي تحتوي على بيانات حساسة للمرضى (PHI). يعتبر تطبيق MFA اختياريًا للمستخدمين الذين لا يتعاملون بشكل مباشر مع المعلومات الصحية المحمية.

**7.1.6 كلمات المرور المميزة (privileged passwords)**
يجب حماية جميع حسابات المسؤول (Administrator accounts) بكلمات مرور قوية وتتم مراجعتها بانتظام. يتحمل قسم تكنولوجيا المعلومات مسؤولية ضمان أمن هذه الحسابات.

**7.1.7 تخزين ونقل كلمات المرور**
يجب أن يتم تخزين جميع كلمات المرور في شكل مجزأ باستخدام خوارزميات تجزئة قوية ومعيارية مثل bcrypt أو Argon2، مع إضافة ""الملح"" (salt) بشكل مناسب. يُحظر تخزين كلمات المرور كنص عادي تمامًا. يجب أن يتم نقل كلمات المرور عبر الشبكات باستخدام بروتوكولات اتصال آمنة، مثل TLS 1.2 أو أعلى.

**7.1.8 المراجعة والتحديث**
سيتم مراجعة سياسة كلمات المرور هذه سنويًا أو حسب الحاجة من قبل قسم تكنولوجيا المعلومات لضمان فعاليتها واستمراريتها. يتحمل قسم تكنولوجيا المعلومات مسؤولية تنفيذ هذه السياسة ومراقبة الامتثال لها.",non_compliant,0.64,6,password_policy,0,1,1,1,1,0,1,1,0,0,0,0,0,0,0,0
pp_severe_ar_8_20260307142724,ar,"**3. سياسة كلمات المرور**

**3.1 الغرض:**
تحدد هذه السياسة المتطلبات الخاصة بإنشاء كلمات مرور آمنة وإدارتها وحمايتها لجميع حسابات المستخدمين داخل جامعة [اسم الجامعة]. تهدف هذه السياسة إلى تقليل مخاطر الوصول غير المصرح به إلى أنظمة وبيانات الجامعة.

**3.2 النطاق:**
تنطبق هذه السياسة على جميع المستخدمين، بما في ذلك الموظفين والطلاب والمقاولين والزوار، الذين يصلون إلى موارد تكنولوجيا المعلومات الخاصة بالجامعة.

**3.3 متطلبات كلمة المرور:**
يجب على جميع كلمات المرور الالتزام بالمتطلبات التالية:
*   **3.3.1 الطول والتعقيد:** يجب أن تتكون كلمات المرور من 6 إلى 8 أحرف على الأقل. نوصي بأن تحتوي كلمات المرور على أحرف أبجدية فقط، وأن تكون سهلة التذكر لضمان سهولة الاستخدام.
*   **3.3.2 انتهاء الصلاحية وإعادة الاستخدام:** يجب تغيير كلمات المرور كل تسعين (90) يومًا كحد أقصى. لا يجوز إعادة استخدام أي من آخر اثني عشر (12) كلمة مرور سابقة تم استخدامها.
*   **3.3.3 قفل الحساب:** سيتم قفل الحسابات تلقائيًا بعد 5 محاولات فاشلة متتالية لتسجيل الدخول. سيظل الحساب مقفلاً لمدة 30 دقيقة قبل أن يتمكن المستخدم من المحاولة مرة أخرى.

**3.4 حماية كلمة المرور:**
*   **3.4.1 التخزين والتشفير:** يجب تخزين كلمات المرور الخاصة بالمستخدمين في أنظمة الجامعة بشكل مجزأ (hashed) باستخدام خوارزميات قياسية صناعية قوية مثل bcrypt، مع إضافة أملاح فريدة لكل كلمة مرور. يجب عدم تخزين كلمات المرور كنص عادي مطلقًا.
*   **3.4.2 النقل:** يجب نقل كلمات المرور عبر الشبكة باستخدام بروتوكولات اتصال آمنة ومشفرة، مثل TLS 1.2 أو أعلى، لضمان حمايتها من الاعتراض.

**3.5 إدارة الوصول المميز:**
يتم توفير وإدارة حسابات المسؤولين بواسطة قسم تكنولوجيا المعلومات. يتحمل قسم تكنولوجيا المعلومات مسؤولية ضمان أمان هذه الحسابات وتوزيعها حسب الحاجة.

**3.6 مراجعة السياسة والمسؤوليات:**
تُراجع هذه السياسة سنويًا من قبل قسم تكنولوجيا المعلومات لضمان استمرار ملاءمتها وفعاليتها. يتحمل قسم تكنولوجيا المعلومات مسؤولية تنفيذ هذه السياسة وتطبيقها في جميع أنحاء الجامعة.",non_compliant,0.67,5,password_policy,1,0,0,1,1,0,1,1,0,0,0,0,0,0,0,0
pp_severe_ar_9_20260307142759,ar,"**6.0 إدارة كلمات المرور**

**6.1 الغرض والنطاق**
تهدف هذه السياسة إلى تحديد المتطلبات الدنيا لإنشاء كلمات مرور قوية وإدارتها وحمايتها لجميع أنظمة وتطبيقات البنك، وذلك لضمان سرية وسلامة وأمن المعلومات الحساسة. تنطبق هذه السياسة على جميع الموظفين والمتعاقدين والأطراف الخارجية التي لديها وصول إلى موارد البنك، مع التركيز على حماية الأصول الرقمية للمؤسسة المالية.

**6.2 متطلبات تعقيد كلمة المرور**
يجب على جميع كلمات المرور الجديدة وتلك التي يتم تغييرها أن تستوفي المتطلبات التالية:
*   الحد الأدنى للطول: 12 حرفًا.
*   احتواء 3 أنواع على الأقل من 4 أنواع من الأحرف (أحرف كبيرة، أحرف صغيرة، أرقام، رموز خاصة).
*   عدم استخدام معلومات شخصية (مثل الاسم، تاريخ الميلاد) أو كلمات قاموس معروفة أو سلاسل أحرف متتالية.

**6.3 انتهاء صلاحية كلمة المرور وسجلها**
يجب على المستخدمين تغيير كلمات المرور الخاصة بهم مرة واحدة على الأقل كل 365 يومًا. يجب أن يتذكر النظام آخر 3 كلمات مرور مستخدمة لمنع إعادة الاستخدام الفوري.

**6.4 سياسة قفل الحساب**
سيتم قفل حساب المستخدم تلقائيًا بعد 20 محاولة فاشلة متتالية لتسجيل الدخول. سيظل الحساب مقفلاً لمدة 5 دقائق قبل أن يتمكن المستخدم من المحاولة مرة أخرى أو الاتصال بقسم الدعم الفني لإعادة تعيينه.

**6.5 المصادقة متعددة العوامل (MFA)**
يُشجع بشدة استخدام المصادقة متعددة العوامل (MFA) حيثما تكون متاحة لتعزيز أمان الحسابات. يوصى بها بشدة للوصول عن بعد إلى شبكة البنك والأنظمة الحساسة.

**6.6 أمن كلمات المرور والتخزين**
يجب عدم تخزين كلمات المرور أبدًا في نص عادي. يجب تجزئة كلمات المرور باستخدام خوارزميات تجزئة قوية ومعترف بها في الصناعة مثل Argon2 أو bcrypt، مع استخدام الملح (salt) المناسب لكل كلمة مرور. يجب أن يتم نقل جميع كلمات المرور عبر بروتوكولات آمنة ومُشفرة مثل TLS 1.2 أو أعلى.

**6.7 إدارة الوصول المميز**
يجب على الحسابات الإدارية وحسابات الخدمات ذات الامتيازات العالية استخدام كلمات مرور قوية جدًا تتوافق مع المتطلبات المذكورة في القسم 6.2. هذه الحسابات تتطلب حماية إضافية وتدقيقًا منتظمًا.

**6.8 الأدوار والمسؤوليات**
قسم تكنولوجيا المعلومات مسؤول عن تنفيذ هذه السياسة وضمان عمل الأنظمة وفقًا للمتطلبات المحددة، بما في ذلك تكوين الأنظمة لتطبيق قواعد كلمات المرور وقفل الحسابات.

**6.9 المراجعة الدورية للسياسة**
يتم مراجعة هذه السياسة بشكل ربع سنوي من قبل كبير مسؤولي أمن المعلومات (CISO) لضمان فعاليتها المستمرة، ومعالجة التهديدات الناشئة، وتحديثها لتتوافق مع أي متطلبات تنظيمية جديدة أو أفضل الممارسات في الصناعة.",non_compliant,0.69,5,password_policy,0,1,1,1,1,0,0,1,0,0,0,0,0,0,0,0
pp_severe_ar_10_20260307142835,ar,"**3.1 سياسة كلمات المرور**

تعتبر كلمات المرور القوية والآمنة حجر الزاوية في استراتيجية الأمن السيبراني لمؤسسة الرعاية الصحية الإقليمية، وهي ضرورية لحماية بيانات المرضى الحساسة والمعلومات التشغيلية. تضع هذه السياسة المتطلبات والإرشادات لضمان أن جميع كلمات المرور المستخدمة داخل المنظمة تلتزم بالحد الأدنى من معايير الأمن. الغرض من هذه السياسة هو تقليل مخاطر الوصول غير المصرح به إلى الأنظمة والبيانات وضمان الامتثال لمتطلبات حماية البيانات.

**3.1.1 متطلبات تعقيد كلمات المرور**
يجب أن تفي جميع كلمات المرور بالمعايير التالية:
*   الحد الأدنى 12 حرفًا في الطول.
*   تحتوي على أحرف من ثلاث فئات على الأقل من الفئات الأربع التالية: أحرف كبيرة (A-Z)، أحرف صغيرة (a-z)، أرقام (0-9)، أحرف خاصة (!@#$%^&*).
*   يُمنع منعًا باتًا استخدام المعلومات الشخصية (مثل الاسم، تاريخ الميلاد)، الكلمات الشائعة من القاموس، أو التسلسلات المتتالية (مثل ""123456"" أو ""abcdef"").

**3.1.2 انتهاء صلاحية كلمات المرور وسجلها**
يجب على المستخدمين تغيير كلمات المرور الخاصة بهم لكل حساب نظام كل 365 يومًا على الأقل. يجب ألا تكون كلمة المرور الجديدة مطابقة لأي من كلمات المرور الثلاثة الأخيرة المستخدمة من قبل المستخدم.

**3.1.3 قفل الحسابات**
للحماية من هجمات التخمين، سيتم قفل حساب المستخدم تلقائيًا بعد 20 محاولة فاشلة متتالية لتسجيل الدخول. سيظل الحساب مقفلاً لمدة 5 دقائق قبل أن يتمكن المستخدم من المحاولة مرة أخرى أو الاتصال بدعم تكنولوجيا المعلومات لإلغاء القفل يدويًا.

**3.1.4 المصادقة**
يجب على جميع المستخدمين استخدام بيانات الاعتماد المخصصة لهم (اسم المستخدم وكلمة المرور) للوصول إلى أنظمة المنظمة. يُمنع منعًا باتًا مشاركة بيانات الاعتماد هذه مع أي شخص.

**3.1.5 إدارة الوصول المميز**
تتطلب حسابات المسؤولين (Administrative Accounts) كلمات مرور قوية بشكل استثنائي. تتم إدارة هذه الحسابات ومراجعتها بشكل دوري من قبل قسم تكنولوجيا المعلومات لضمان أمانها.

**3.1.6 تخزين ونقل كلمات المرور**
يُمنع منعًا باتًا كتابة كلمات المرور على أي وسيط مادي أو تخزينها بطريقة غير آمنة (مثل ملف نصي غير مشفر). يجب على المستخدمين حماية كلمات المرور الخاصة بهم في جميع الأوقات وعدم الكشف عنها لأي طرف ثالث.

**3.1.7 مراجعة السياسة**
تتم مراجعة سياسة كلمات المرور هذه سنويًا أو حسب الحاجة من قبل إدارة أمن المعلومات لضمان فعاليتها وتوافقها مع أفضل الممارسات والتنظيمات المعمول بها.

**3.1.8 الأدوار والمسؤوليات**
*   **كبير مسؤولي أمن المعلومات (CISO):** مسؤول عن الموافقة النهائية على هذه السياسة وضمان تطبيقها الشامل.
*   **فريق أمن تكنولوجيا المعلومات:** مسؤول عن تنفيذ السياسة، ومراقبة الامتثال، وتقديم التوجيه الفني، والتحقيق في الانتهاكات.
*   **الموارد البشرية (HR):** مسؤولة عن دمج هذه السياسة في تدريب الموظفين الجدد، وإبلاغ الموظفين الحاليين بها، واتخاذ الإجراءات التأديبية في حالة الانتهاكات.
*   **جميع الموظفين:** مسؤولون عن فهم هذه السياسة والالتزام بها في جميع الأوقات.",non_compliant,0.62,6,password_policy,0,1,1,1,1,1,1,0,0,0,0,0,0,0,0,0
ra_severe_en_3_20260307142905,en,"**3.0 Information Security Risk Management**

**3.1 Purpose**
This section outlines the framework for identifying, analyzing, evaluating, and treating information security risks across [Organization Name]’s information systems and data assets, ensuring the continuity and integrity of patient care and operational services.

**3.2 Risk Identification**
Risk identification largely relies on department-level discussions, historical incident reviews, and input from key personnel. There is no centralized system for maintaining an up-to-date inventory of all information assets, nor a comprehensive catalog of potential threats or a routine vulnerability scanning program to proactively identify technical weaknesses.

**3.3 Risk Analysis and Evaluation**
The overall methodology for assessing identified risks is developed organically through expert judgment and ad-hoc investigations rather than a formally documented and approved process. Likelihood and impact are subjectively categorized as High, Medium, or Low based on the collective experience of the assessment team, without specific quantitative criteria or a defined risk scoring matrix.

**3.4 Risk Treatment**
Following evaluation, identified risks are addressed through one of four primary treatment options: Risk Acceptance, Risk Mitigation, Risk Transfer, and Risk Avoidance. The selection of a treatment option is based on a qualitative cost-benefit analysis and the potential impact on patient care and business operations. Documented treatment plans are developed for all chosen mitigation strategies, outlining required actions, resources, and timelines. A record of identified risks and their associated treatment decisions is maintained, often within departmental trackers. While these records document the issue, proposed action, and responsible party, they may not consistently include a formal risk owner, a detailed treatment plan, or a clear current status against predefined metrics.

**3.5 Risk Monitoring and Review**
The Information Security Committee is responsible for reviewing overall organizational risk posture at least annually. Additional reviews are triggered by significant changes in regulatory requirements or the threat landscape. Risk assessments are conducted periodically and as deemed necessary by departmental leadership. There are no explicitly defined mandatory triggers for conducting a full risk assessment, beyond the annual review. These assessments are typically performed as standalone activities and are not formally integrated into the organization’s project management lifecycle, system development lifecycle, or business continuity planning processes.",non_compliant,0.6,6,risk_assessment,0,0,0,0,0,0,0,0,1,1,1,0,1,1,0,1
ra_severe_en_4_20260307142940,en,"**4.0 Risk Management Policy**

**4.1 Risk Assessment**

4.1.1 Purpose, Scope, and Methodology
Risk assessment at [Organization Name] aims to understand potential cybersecurity risks to operational assets and information systems across our global defense operations, supporting decision-making for security prioritization. These assessments are conducted by designated IT and Security subject matter experts. The approach involves looking into identified issues and discussing potential impacts based on operational experience and expert judgment. No formalized, documented methodology or formal approval process for assessment methods exists.

4.1.2 Risk Identification
Risk identification typically involves reviewing incident reports, operational logs, and system administrator feedback. Currently, no standardized procedures exist for maintaining an exhaustive asset inventory, a comprehensive threat catalog, or conducting routine vulnerability scanning to proactively identify weaknesses.

4.",non_compliant,0.56,7,risk_assessment,0,0,0,0,0,0,0,0,1,1,0,1,1,1,1,1
ra_severe_en_5_20260307143012,en,"**3.0 Risk Assessment Policy**

**3.1 Purpose and Scope**
This policy outlines the institution's approach to identifying, analyzing, evaluating, and treating information security risks to protect its data, systems, and reputation. It applies to all information assets and systems owned or managed by the institution.

**3.2 Risk Identification and Analysis**
Risk identification primarily occurs through informal discussions within the IT Department and incident reports. The institution does not currently maintain a formal inventory of all information assets, nor a comprehensive catalog of potential threats. Vulnerability scanning is performed as deemed necessary by the IT Department. When issues arise, the IT Department, in consultation with relevant stakeholders, evaluates them. The approach taken is practical and focuses on immediate concerns, with formal approval for the specific methodology used for each assessment handled on a case-by-case basis.

For risk analysis, likelihood is assessed on a 5-point scale: 1-Rare, 2-Unlikely, 3-Possible, 4-Likely, 5-Certain. Impact is similarly rated on a 5-point scale: 1-Negligible, 2-Minor, 3-Moderate, 4-Major, 5-Catastrophic. These scores are combined using a defined risk matrix (Likelihood x Impact) to yield an overall risk level (Low, Medium, High, Critical).

**3.3 Risk Evaluation and Treatment**
Based on the assessed risk level, one of four treatment options must be selected: Accept, Mitigate, Transfer, or Avoid. Each selection requires documented justification. For mitigation, a clear treatment plan must be established, outlining specific actions, responsible parties, and target completion dates.

**3.4 Risk Documentation and Review**
Identified risks and their assessments are documented in an internal spreadsheet. While this spreadsheet tracks the risk description and current status, it does not consistently require fields for a designated risk owner, detailed treatment action plans, or target dates for resolution. Risk assessments are conducted periodically, or when a significant new system is introduced, or an incident occurs that warrants immediate attention. The determination of 'when needed' is made by the IT Department leadership. The overall risk posture and all documented risks are formally reviewed by the IT Department leadership at least annually. Reviews are also triggered by significant changes in regulatory requirements or the institution's operational environment. The Information Security Officer holds ultimate authority for approving risk review outcomes.

**3.5 Integration**
Risk assessment is considered an IT Security function. While IT strives to inform relevant parties, formal integration with the institution’s project management framework or business continuity planning is not yet established. Assessments are typically conducted independently of project lifecycles.",non_compliant,0.67,5,risk_assessment,0,0,0,0,0,0,0,0,1,1,0,0,1,1,0,1
ra_severe_en_6_20260307143041,en,"## 4.0 Information Risk Management

### 4.1 Purpose
This section outlines the approach for identifying, assessing, and managing information security risks across the University's global operations and digital infrastructure. Its aim is to foster a proactive stance towards safeguarding institutional data and ensuring operational continuity.

### 4.2 Risk Assessment Process
Information security risks are periodically evaluated by experienced personnel who consider potential threats and vulnerabilities to the University's information assets. Potential risks are identified, and their characteristics are analyzed to determine the potential impact and likelihood of occurrence. The following scales are utilized for this determination:

**Likelihood Scale:**
*   1 - Very Low: The event is highly unlikely to occur.
*   2 - Low: The event may occur, but infrequently.
*   3 - Medium: The event is reasonably expected to occur at some point.
*   4 - High: The event is highly likely to occur.
*   5 - Very High: The event is almost certain to occur.

**Impact Scale:**
*   1 - Negligible: Minor inconvenience, no material effect.
*   2 - Low: Minor disruption, localized impact, minimal financial cost.
*   3 - Medium: Significant disruption to a department or region, moderate financial or reputational impact.
*   4 - High: Major disruption to critical services, significant financial loss, severe reputational damage.
*   5 - Very High: Catastrophic failure, severe legal/regulatory penalties, irreversible reputational harm.

A risk matrix combines the likelihood and impact scores to determine an overall risk level:
*   **Low Risk:** Score 1-5
*   **Medium Risk:** Score 6-10
*   **High Risk:** Score 11-15
*   **Critical Risk:** Score 16-25

### 4.3 Risk Response and Documentation
Once a risk level is determined, appropriate action will be taken to manage identified risks. Findings from risk assessments, including identified risks and planned actions, are documented for reference.

### 4.4 Assessment Frequency
Risk assessments are conducted periodically and when deemed necessary due to changes in the operational environment. The University's information security risk posture is re-evaluated as issues arise or circumstances change, to ensure continued relevance of risk treatments.",non_compliant,0.56,7,risk_assessment,0,0,0,0,0,0,0,0,1,1,0,1,1,1,1,1
ra_severe_en_7_20260307143112,en,"**3.0 Information Security Risk Management**

**3.1 Risk Assessment Methodology**
MetroRetail Corp. maintains a formal, documented Information Security Risk Assessment Methodology, approved by the Chief Information Security Officer (CISO) and the Executive Leadership Team. This methodology incorporates both qualitative and quantitative approaches to evaluate potential threats and vulnerabilities to the corporation's information assets and operations across all global regions. The methodology provides a structured framework for consistent risk evaluation across the organization.

**3.2 Risk Identification and Analysis**
Risk identification involves identifying potential threats and vulnerabilities to the corporation’s information assets and critical business processes. Once identified, risks are analyzed to understand their characteristics. For each identified risk, an assessment of its likelihood and potential impact will be conducted. Likelihood and impact are categorized as High, Medium, or Low, based on subjective evaluation by the risk assessor. This assessment determines the inherent risk level.

**3.3 Risk Register and Treatment**
All identified risks, along with their assessment details, must be recorded in the official Corporate Risk Register. The Risk Register includes, but is not limited to, the following fields: Risk ID, Risk Description, Risk Owner, Assessed Likelihood, Assessed Impact, Calculated Risk Score, Proposed Risk Treatment, Current Status, and Last Review Date. For risks deemed unacceptable, the designated Risk Owner is responsible for determining and implementing appropriate actions to manage the risk. This involves selecting suitable controls and ensuring their effective implementation.

**3.4 Risk Review and Triggers**
Risk assessments will be conducted periodically to ensure the continued relevance and effectiveness of security controls. Ad-hoc assessments may also be initiated as deemed necessary by relevant management personnel. The status of identified risks and the effectiveness of their chosen treatments will be reviewed as necessary, particularly when an incident occurs or significant changes impact the risk environment.",non_compliant,0.62,6,risk_assessment,0,0,0,0,0,0,0,0,0,1,1,1,1,0,1,1
ra_severe_en_8_20260307143148,en,"**2.0 Information Risk Management – Risk Assessment**

**2.1 Purpose and Identification**
The Institute conducts risk assessments to identify potential threats and vulnerabilities to its information assets, safeguarding confidentiality, integrity, and availability. This identification process relies primarily on internal observations, incident reports, and the collective expertise of IT and department leads. Formal asset inventories, comprehensive threat catalogs, and systematic vulnerability scanning procedures are currently being developed, with present efforts focusing on addressing immediate and apparent risks as they emerge.

**2.2 Risk Analysis and Evaluation**
Risk assessments are performed periodically or on an ad-hoc basis when significant issues arise; no predefined mandatory triggers exist. While a formal, documented assessment methodology is not currently in place, a pragmatic approach guides evaluation. Likelihood and impact are generally categorized as High, Medium, or Low based on subjective judgment, without specific criteria or a defined scoring matrix to standardize these classifications.

**2.3 Risk Treatment**
Following risk evaluation, appropriate treatment options are selected:
    a.  **Mitigate:** Implementing controls to reduce risk to an acceptable level. Preferred for high-impact/high-likelihood risks, requiring a documented plan with actions, responsibilities, and timelines.
    b.  **Accept:** Acknowledging the risk with no further action, typically when treatment costs outweigh benefits or the risk is low. Formal acceptance requires approval from the relevant department head and the CISO.
    c.  **Transfer:** Shifting risk impact to a third party via insurance, outsourcing, or contractual agreements.
    d.  **Avoid:** Modifying or terminating activities causing the risk to eliminate it entirely.
All selected treatment plans and decisions will be documented.

**2.4 Risk Documentation and Review**
Identified risks and their treatment plans are documented within various departmental records. These records often lack critical fields such as specific risk owners, current status, or detailed tracking metrics. Risks are re-evaluated primarily when changes occur or problems are encountered, as no established periodic review schedule is mandated. Furthermore, risk assessment activities currently operate independently and are not integrated into broader project management or business continuity planning lifecycles.",non_compliant,0.56,7,risk_assessment,0,0,0,0,0,0,0,0,1,1,1,0,1,1,1,1
ra_severe_en_9_20260307143214,en,"### 4.0 Information Security Risk Management

**4.1 Purpose**
This section outlines the company's approach to identifying, assessing, and managing information security risks across all global operations and assets. The objective is to maintain an acceptable level of risk to support business continuity and strategic objectives.

**4.2 Risk Assessment Process**
Information security risks are identified through internal reviews and ad-hoc investigations into emerging issues affecting our operational technology (OT) and information technology (IT) environments. While a formal, documented methodology for risk assessment is not consistently applied across all business units, assessments typically involve gathering insights from subject matter experts and operational teams to understand potential impacts. The process for assessing these risks relies heavily on expert judgment to determine potential exposures. There is no specific, company-wide approved procedure detailing the steps for conducting these assessments.

**4.3 Risk Analysis and Evaluation**
Identified risks are evaluated using a qualitative approach that considers both likelihood and impact.
*   **Likelihood Scale (1-5):**
    *   1: Very Low (Highly unlikely to occur)
    *   2: Low (Unlikely to occur)
    *   3: Medium (Could occur)
    *   4: High (Likely to occur)
    *   5: Very High (Almost certain to occur)
*   **Impact Scale (1-5):**
    *   1: Insignificant (Minimal business disruption, no financial loss)
    *   2: Minor (Minor disruption, localized impact, low financial loss)
    *   3: Moderate (Significant disruption, regional impact, moderate financial loss)
    *   4: Major (Severe disruption, national/international impact, high financial loss)
    *   5: Catastrophic (Critical business failure, existential threat, extreme financial and reputational damage)
Risk levels (Low, Medium, High, Critical) are determined by mapping the combined likelihood and impact scores using a standard 5x5 risk matrix.

**4.4 Risk Treatment**
Once risks are assessed, appropriate action will be taken to address them. This may involve implementing new controls, enhancing existing safeguards, or other measures deemed suitable by the responsible department. Specific treatment options are developed on a case-by-case basis.

**4.5 Risk Assessment Triggers and Integration**
Risk assessments are performed periodically and when deemed necessary by local management or global oversight bodies. All new projects, significant system changes, and major operational initiatives must incorporate information security risk assessments into their project management lifecycle, specifically at initiation, planning, and go-live gates. This integration ensures that security considerations are embedded from the outset. Furthermore, cybersecurity risk assessments are a core component of our Business Continuity Management (BCM) planning process to ensure resilience against disruptive events.

**4.6 Review and Oversight**
This Information Security Risk Management framework and associated risk assessments shall be reviewed at least annually by the Global Information Security Office. Reviews will also be triggered by significant changes in the regulatory landscape or upon major security incidents.",non_compliant,0.64,5,risk_assessment,0,0,0,0,0,0,0,0,1,1,0,1,1,1,0,0
ra_severe_en_10_20260307143245,en,"## 3.0 Information Risk Management

### 3.1 Purpose of Risk Assessment
Risk assessments are conducted to identify and understand potential threats to our information assets and the broader organization. The IT Security Team, in collaboration with relevant department heads, reviews potential issues as they arise and determines appropriate steps to protect company data and systems.

### 3.2 Risk Identification
Potential risks are identified through internal discussions, observed operational events, and feedback from employees regarding perceived security weaknesses or suspicious activities. All staff are encouraged to report any security-related concerns to the IT Security Team promptly.

### 3.3 Risk Evaluation
Identified risks are evaluated based on their potential likelihood and impact. Likelihood is assessed subjectively as High, Medium, or Low, representing the estimated probability of a risk event occurring. Similarly, impact is categorized as High, Medium, or Low, reflecting the potential severity of harm to business operations, data confidentiality, integrity, or availability. These subjective ratings guide the prioritization of issues for further action.

### 3.4 Risk Treatment
Once risks are assessed, appropriate actions are taken to address them. This may involve implementing new controls, enhancing existing security measures, or modifying operational procedures to mitigate the identified threat. The primary goal is to reduce the risk to an acceptable level.

### 3.5 Risk Assessment Frequency
Risk assessments are carried out periodically and whenever significant security concerns are identified by management or staff. The status of open risks and the effectiveness of implemented controls are reviewed on an as-needed basis, particularly when new vulnerabilities are discovered or incidents occur.

### 3.6 Risk Documentation
Details of identified risks and their associated actions are documented in a shared spreadsheet managed by the IT Security Team. This document records the risk description, its likelihood, impact, and the proposed actions.

### 3.7 Integration with Business Operations
Risk management primarily supports the IT Security Team's efforts to maintain a secure operating environment for existing systems and data.",partially_compliant,0.91,2,risk_assessment,0,0,0,0,0,0,0,0,0,0,0,0,0,0,1,1
ra_severe_ar_3_20260307143316,ar,"### 3.0 سياسة تقييم المخاطر

**3.1 الغرض**
تحدد هذه السياسة الإطار المتبع من قبل شركة [اسم الشركة] لتحديد وتحليل وتقييم ومعالجة المخاطر السيبرانية التي قد تؤثر على أصولها ومعلوماتها الحيوية. الهدف هو حماية عمليات الشركة، سمعتها، وامتثالها التنظيمي.

**3.2 منهجية تقييم المخاطر**
تلتزم [اسم الشركة] بمنهجية رسمية وموثقة لتقييم المخاطر، وقد تم اعتمادها من قبل الإدارة العليا. تتضمن هذه المنهجية أساليب نوعية وكمية لضمان تقييم شامل للمخاطر المحتملة. يتم استخدام مقاييس محددة من 5 نقاط لتقييم احتمالية حدوث المخاطرة وتأثيرها المحتمل على الشركة. يتم بعد ذلك استخدام مصفوفة مخاطر لربط الدرجات المجمعة بمستويات مخاطر محددة (منخفضة، متوسطة، عالية، حرجة) لتوجيه عملية اتخاذ القرار.

**3.3 تحديد وتقييم المخاطر**
تتضمن عملية تحديد المخاطر تحديد الأصول الهامة للشركة، مثل البيانات الحساسة وأنظمة التشغيل، وتحديد تهديدات الأمن السيبراني المحتملة التي قد تؤثر عليها. يتم تحليل كل مخاطرة لتحديد احتمال حدوثها وتأثيرها المحتمل على عمليات الشركة وأهدافها التجارية.

**3.4 معالجة المخاطر والمراقبة**
بعد تقييم المخاطر وتحديد مستوياتها، يتم اتخاذ الإجراءات المناسبة لمعالجتها. تهدف هذه الإجراءات إلى تقليل المخاطر إلى مستوى مقبول. يتم الاحتفاظ بسجل للمخاطر المحددة والتقييمات الخاصة بها.

**3.5 توقيت المراجعة والتكامل**
تُجرى تقييمات المخاطر بشكل دوري، وكذلك عند الحاجة. تتم مراجعة فعالية تدابير التحكم في المخاطر عند ظهور مشاكل أو حوادث أمنية. يُعد تقييم المخاطر عملية مستقلة تضمن الأمن السيبراني للشركة.",non_compliant,0.64,6,risk_assessment,0,0,0,0,0,0,0,0,0,1,0,1,1,1,1,1
ra_severe_ar_4_20260307143350,ar,"**4.0 تقييم المخاطر**

**4.1 الغرض والمنهجية**
تلتزم المؤسسة التعليمية بضمان بيئة آمنة للمعلومات من خلال تحديد المخاطر السيبرانية وإدارتها بشكل استباقي. يتم إجراء جميع عمليات تقييم المخاطر وفقًا لمنهجية معتمدة وموثقة رسميًا من قبل الإدارة العليا. تتضمن هذه المنهجية أساليب نوعية وكمية لتقييم المخاطر السيبرانية المحتملة وتأثيرها على أصول المؤسسة، مع مراعاة السياق التشغيلي والتعليمي للمؤسسة.

**4.2 تحديد المخاطر وتحليلها**
تتضمن عملية تحديد المخاطر فحصًا للتهديدات ونقاط الضعف التي يمكن أن تؤثر على أصول المؤسسة. ومع ذلك، لا يوجد جرد مركزي وشامل لأصول المعلومات، ولا يتم الاحتفاظ بفهرس موحد للتهديدات، كما تفتقر المؤسسة إلى عملية مسح منتظم وموثق لنقاط الضعف. لتقييم مستوى المخاطر، يتم استخدام مقاييس محددة من 5 نقاط للاحتمالية والتأثير (مثل: منخفض جدًا، منخفض، متوسط، عالٍ، حرج). يتم الجمع بين هذه المقاييس باستخدام مصفوفة مخاطر معتمدة لتحديد مستوى المخاطر الإجمالي (منخفض، متوسط، عالٍ، حرج) الذي يتطلب إجراءً.

**4.3 معالجة المخاطر**
بعد تحديد مستوى المخاطر وتقييمها، يتم اتخاذ إجراءات لمعالجتها. في الوقت الحالي، يتم التركيز على ""اتخاذ الإجراءات المناسبة"" دون تحديد خيارات محددة لمعالجة المخاطر مثل القبول، التخفيف، التحويل، أو التجنب بشكل منهجي وموثق. يجب أن تتوافق الإجراءات المتخذة مع شهية المخاطر للمؤسسة.

**4.4 توقيت تقييم المخاطر**
يتم إجراء تقييمات المخاطر على أساس دوري وعند الحاجة، ولكن لا توجد محفزات إلزامية محددة بوضوح تفرض إجراء تقييم للمخاطر، مثل إطلاق أنظمة جديدة، أو حدوث تغييرات كبيرة في البنية التحتية، أو تغييرات في المتطلبات التنظيمية. هذا يترك المجال للتقدير بدلاً من الاستجابة المنهجية للتغييرات الهامة.

**4.5 سجل المخاطر والمراجعة**
تحتفظ المؤسسة بسجل للمخاطر المحددة، إلا أن هذا السجل غالبًا ما يفتقر إلى حقول أساسية مثل المالك المسؤول عن المخاطرة، وحالة المعالجة الحالية، وتفاصيل خطة المعالجة وجدولها الزمني. تتم مراجعة المخاطر المسجلة عند ظهور مشكلات أو حوادث أمنية، ولكن لا يوجد جدول زمني دوري ومحدد بوضوح لمراجعة شاملة لجميع المخاطر المسجلة وفعالية تدابير التحكم.

**4.6 التكامل مع العمليات الأخرى**
يتم دمج تقييم المخاطر بشكل كامل في بوابات إدارة المشاريع (مثل البدء والتخطيط والانتقال إلى التشغيل) لضمان معالجة المخاطر السيبرانية في كل مرحلة من دورة حياة المشروع. بالإضافة إلى ذلك، يتم ربط نتائج تقييم المخاطر بخطة استمرارية الأعمال (BCM) لتعزيز المرونة الشاملة للمؤسسة وقدرتها على التعافي من الحوادث الكبرى.",partially_compliant,0.69,5,risk_assessment,0,0,0,0,0,0,0,0,0,1,0,1,1,1,1,0
ra_severe_ar_5_20260307143422,ar,"**5.1 تقييم المخاطر**

**5.1.1 الهدف**
تهدف هذه السياسة إلى تحديد وتقييم المخاطر الأمنية المحتملة التي قد تؤثر على أصول معلومات الشركة، وضمان اتخاذ الإجراءات المناسبة لمعالجتها.

**5.1.2 المنهجية والإجراءات**
تقوم الشركة بإجراء مراجعات دورية للمخاطر لتحديد التهديدات ونقاط الضعف التي قد تؤثر على أنظمتها وبياناتها. يتم التركيز على استعراض القضايا الأمنية المعروفة والناشئة والنظر في المشكلات المحتملة التي قد تنشأ. يتم تحديد المخاطر بناءً على الفهم العام للبيئة التشغيلية والتقنية. عند تقييم المخاطر، يتم تصنيفها بشكل عام على أنها ""مرتفعة"" أو ""متوسطة"" أو ""منخفضة"" بناءً على التقدير الأولي لاحتمالية حدوثها وتأثيرها على العمليات. يتم توثيق المخاطر المحددة والإجراءات التي تم اتخاذها في تقارير داخلية. لا يوجد سجل مخاطر موحد يحدد المالكين أو خطط المعالجة التفصيلية لكل خطر.

**5.1.3 معالجة المخاطر**
بمجرد تحديد المخاطر وتقييمها، سيتم اتخاذ الإجراءات المناسبة للتخفيف من هذه المخاطر إلى مستوى مقبول. تهدف الشركة إلى تقليل التعرض للمخاطر دون تحديد خيارات معالجة محددة مسبقًا.

**5.1.4 متى يتم إجراء تقييم المخاطر**
تُجرى تقييمات المخاطر بشكل دوري، وعندما يُعتبر ذلك ضروريًا، أو عند ظهور مشاكل أمنية كبيرة. لا توجد محفزات محددة إلزامية لإجراء التقييمات بخلاف المراجعات الدورية.

**5.1.5 المسؤوليات والمراجعة**
تتحمل فرق تكنولوجيا المعلومات والأمن مسؤولية ""النظر في القضايا"" وتحديد المخاطر. يتم مراجعة سياسة تقييم المخاطر بشكل منتظم، أو عند حدوث تغييرات كبيرة في البيئة التشغيلية. لا توجد علاقة رسمية بين تقييم المخاطر ودورة حياة تطوير المشاريع أو استمرارية الأعمال.",non_compliant,0.49,8,risk_assessment,0,0,0,0,0,0,0,0,1,1,1,1,1,1,1,1
ra_severe_ar_6_20260307143452,ar,"### 3.6 تقييم المخاطر

تلتزم [اسم المنظمة] بحماية سرية وتكامل وتوافر معلومات المرضى والأنظمة الداعمة. تقييم المخاطر هو حجر الزاوية في برنامج أمن المعلومات لدينا، مما يضمن تحديد المخاطر المحتملة التي تهدد أصول المعلومات لدينا ومعالجتها بفعالية.

**3.6.1 منهجية تقييم المخاطر**
يتم إجراء تقييمات المخاطر بشكل دوري ولعند الحاجة للتحقيق في المشكلات الأمنية. يتولى فريق أمن المعلومات مسؤولية الإشراف على هذه العملية، ونتطلع إلى معالجة المخاطر بناءً على الأولويات التشغيلية التي يتم تحديدها.

**3.6.2 تحديد المخاطر**
يتم اتباع إجراءات موثقة لتحديد وتقييم الأصول المعلوماتية الحيوية، وتحديد التهديدات المحتملة، وتقييم نقاط الضعف الفنية والإجرائية. يشمل ذلك أصول بيانات المرضى، والمعلومات المالية، والأنظمة الأساسية لدعم الرعاية الصحية.

**3.6.3 تحليل المخاطر**
يتم تقييم احتمالية حدوث المخاطر وتأثيرها المحتمل على عمليات [اسم المنظمة] باستخدام تقديرات عالية، متوسطة، ومنخفضة. يتم تحديد مستوى المخاطر الإجمالي بناءً على هذه التقديرات، مع التركيز على المناطق التي تتطلب اهتمامًا فوريًا.

**3.6.4 معالجة المخاطر**
بعد تحديد المخاطر وتحليلها، يتم اتخاذ الإجراءات المناسبة لمعالجتها. يتضمن ذلك تنفيذ ضوابط أمنية إضافية أو تحديث الضوابط الحالية للحد من التعرض للمخاطر.

**3.6.5 سجل المخاطر**
يتم الاحتفاظ بسجل مخاطر مركزي لتوثيق جميع المخاطر المحددة. يجب أن يتضمن سجل المخاطر معرف المخاطرة، وصفًا تفصيليًا، المالك المسؤول، الاحتمالية، التأثير، درجة المخاطرة، خيارات المعالجة المتبعة، الحالة الحالية، وتاريخ المراجعة المخطط له.

**3.6.6 مراجعة المخاطر**
تتم مراجعة المخاطر عندما تنشأ مشكلات جديدة أو عند إجراء تغييرات كبيرة على البنية التحتية أو الأنظمة. لا يوجد جدول زمني ثابت للمراجعات الدورية، ولكن يتم التركيز على الاستجابة للمخاطر عند ظهورها.

**3.6.7 التكامل**
يتم دمج تقييمات المخاطر بشكل إلزامي في بوابات إدارة المشاريع، بما في ذلك مراحل البدء والتخطيط وما قبل التشغيل، لضمان معالجة المخاطر الأمنية مبكرًا. كما يتم دمج تقييم المخاطر بشكل فعال في خطة استمرارية الأعمال (BCM) الخاصة بالمنظمة لضمان المرونة التشغيلية.",non_compliant,0.64,5,risk_assessment,0,0,0,0,0,0,0,0,1,0,1,1,1,0,1,0
ra_severe_ar_7_20260307143529,ar,"**7.0 إدارة المخاطر السيبرانية**

**7.1 الهدف والنطاق**
تهدف هذه السياسة إلى تحديد إطار عمل شامل لإدارة المخاطر السيبرانية داخل [اسم الشركة]، لضمان حماية أصول المعلومات الحيوية، والحفاظ على استمرارية العمليات اللوجستية، والامتثال للمتطلبات التنظيمية. تنطبق هذه السياسة على جميع الأنظمة والشبكات والبيانات، وكذلك جميع الموظفين والمقاولين والأطراف الثالثة التي تتعامل مع معلومات الشركة.

**7.2 منهجية تقييم المخاطر**
تعتمد [اسم الشركة] منهجية رسمية وموثقة لتقييم المخاطر السيبرانية، والتي تمت مراجعتها والموافقة عليها من قبل الإدارة العليا. تتضمن هذه المنهجية أساليب نوعية وكمية لتقييم المخاطر، مما يضمن تقييمًا شاملاً. يتم تقييم احتمالية وقوع حدث أمني سيبراني والتأثير المحتمل له على العمليات اللوجستية باستخدام مقياس من 5 نقاط لكل منهما (1 = منخفض جدًا، 5 = مرتفع جدًا). يتم استخدام مصفوفة مخاطر محددة بوضوح لدمج هذه الدرجات وتصنيف مستوى المخاطر الإجمالي إلى مستويات: منخفض، متوسط، مرتفع، وحرج. هذه المستويات توجه عملية اتخاذ القرار المتعلقة بمعالجة المخاطر.

**7.3 تحديد المخاطر وتقييمها**
يجب على الأقسام المعنية إجراء تحديد دوري للمخاطر المحتملة التي قد تؤثر على أصول المعلومات، الأنظمة التشغيلية، والعمليات اللوجستية. يشمل ذلك تحديد الأصول الهامة، وتهديدات الأمن السيبراني المحتملة التي قد تستهدفها، ونقاط الضعف الموجودة ضمن بيئة التشغيل. يتم بعد ذلك تقييم هذه المخاطر بدقة باستخدام المنهجية المذكورة في القسم 7.2 لتقدير مستوى المخاطر.

**7.4 معالجة المخاطر ومراقبتها**
بعد تقييم المخاطر، يجب على الفرق المسؤولة اتخاذ الإجراءات المناسبة لمعالجة المخاطر التي تم تحديدها.",non_compliant,0.64,6,risk_assessment,0,0,0,0,0,0,0,0,0,1,0,1,1,1,1,1
ra_severe_ar_8_20260307143601,ar,"**5.0 تقييم المخاطر السيبرانية**

**5.1 الهدف والنطاق**
يهدف هذا القسم إلى تحديد المتطلبات والإجراءات العامة لتقييم المخاطر السيبرانية ضمن المعهد، لضمان فهم المخاطر المحتملة التي قد تؤثر على أمن الأصول المعلوماتية وسلامة الأبحاث. ينطبق هذا على جميع أنظمة المعلومات والبيانات والعمليات داخل المعهد.

**5.2 منهجية تقييم المخاطر**
يعتمد المعهد على مقاربات مرنة لتحديد المخاطر الأمنية. تُجرى التقييمات بشكل مخصص وتعتمد على الخبرة الداخلية، حيث يتم النظر في المشكلات عند ظهورها. لا توجد منهجية رسمية موحدة أو عملية موافقة محددة مسبقًا لنهج التقييم.

**5.3 تحديد المخاطر**
يتم تحديد المخاطر بناءً على الوعي العام بالتهديدات السائدة، والحوادث السابقة، والمناقشات الداخلية بين الفرق المعنية. لا يوجد جرد رسمي للأصول المعلوماتية، ولا كتالوج موحد للتهديدات، كما لا تتضمن العملية مسحًا منتظمًا للثغرات الأمنية.

**5.4 تحليل وتقييم المخاطر**
تُقدر احتمالية وقوع المخاطر وتأثيرها باستخدام تصنيفات عامة مثل (مرتفع، متوسط، منخفض). يعتمد هذا التصنيف على التقدير الذاتي للخبراء دون وجود معايير محددة أو مصفوفة تسجيل نقاط للمخاطر لتوجيه القرار.

**5.5 معالجة المخاطر**
بعد تقييم المخاطر، يتم تحديد خيارات المعالجة المناسبة لكل خطر. تشمل هذه الخيارات: القبول (Accept)، التخفيف (Mitigate)، النقل (Transfer)، أو التجنب (Avoid). يتم اختيار الخيار الأنسب بناءً على معايير محددة تشمل التكلفة، الفعالية، والتأثير على العمليات. يجب توثيق خطط المعالجة والمسؤوليات المرتبطة بها.

**5.6 سجل المخاطر**
يجب الاحتفاظ بسجل مخاطر مركزي لتتبع جميع المخاطر المحددة. يتضمن سجل المخاطر على الأقل: معرف الخطر (Risk ID)، وصف الخطر، المالك المسؤول، الاحتمالية، التأثير، درجة الخطر، خيار المعالجة، حالة الخطر الحالية، وتاريخ المراجعة التالي.

**5.7 توقيت مراجعة المخاطر**
تُجرى تقييمات المخاطر السيبرانية بشكل دوري أو عند الحاجة إليها، وذلك عندما يُلاحظ وجود مشكلات أمنية أو تغييرات جوهرية في البيئة التشغيلية. لا توجد محفزات إلزامية محددة لبدء التقييمات بخلاف المراجعات الدورية أو الحوادث. يتم مراجعة سجل المخاطر وسياسة تقييم المخاطر الحالية عند ظهور مشاكل جديدة أو تغييرات مهمة، وليس وفق جدول زمني محدد مسبقًا.

**5.8 التكامل مع عمليات المعهد**
يُعد تقييم المخاطر عملية قائمة بذاتها تُنفذ بمعزل عن دورة حياة إدارة المشاريع أو خطط استمرارية الأعمال الشاملة للمعهد.",non_compliant,0.6,6,risk_assessment,0,0,0,0,0,0,0,0,1,1,1,0,1,0,1,1
ra_severe_ar_9_20260307143634,ar,"**9. تقييم المخاطر**

**9.1 الغرض**
يهدف هذا القسم إلى تحديد إطار عمل لتقييم المخاطر السيبرانية داخل المعهد البحثي لضمان حماية الأصول المعلوماتية والبحثية الحيوية من التهديدات السيبرانية.

**9.2 منهجية تقييم المخاطر**
يقوم المعهد بتقييم المخاطر السيبرانية من خلال عملية مستمرة تهدف إلى تحديد التهديدات ونقاط الضعف التي قد تؤثر على أمن معلوماته وأنظمته. تعتمد هذه العملية حالياً على الفحص الدوري للمشكلات التي تظهر، ويتم النظر في القضايا كلما دعت الحاجة. لا توجد منهجية رسمية موثقة ومعتمدة لتقييم المخاطر، ويتم اتخاذ الإجراءات بناءً على تقدير فريق الأمن عند اكتشاف مشكلة دون عملية موافقة واضحة.

**9.3 تحديد المخاطر**
لضمان فهم شامل للمخاطر، يتبع المعهد إجراءات موثقة لتحديد وتقييم الأصول، وتحديد التهديدات، وتحديد نقاط الضعف:
*   **تحديد الأصول وتقييمها:** يتم الاحتفاظ بسجل محدث لجميع الأصول المعلوماتية والتقنية، مع تحديد مالك كل أصل وقيمته للمعهد.
*   **تحديد التهديدات:** يتم تحديد مصادر التهديدات المحتملة وقدرتها على استغلال نقاط الضعف.
*   **تحديد نقاط الضعف:** يتم تحديد نقاط الضعف في الأنظمة والعمليات التي قد تستغلها التهديدات.

**9.4 تحليل المخاطر**
يتم تحليل المخاطر المحددة لتقدير احتمالية حدوثها وتأثيرها المحتمل على المعهد. يتم تصنيف المخاطر بشكل عام إلى عالية ومتوسطة ومنخفضة بناءً على التقدير، ولكن لا توجد مقاييس محددة أو معايير واضحة لتحديد هذه التصنيفات، ولا يتم استخدام مصفوفة تسجيل للمخاطر لتقييم الاحتمالية والتأثير.

**9.5 معالجة المخاطر**
بعد تحليل المخاطر، تتخذ الإدارة العليا الإجراءات المناسبة لمعالجة المخاطر المرتفعة. لا توجد خيارات محددة لمعالجة المخاطر موثقة مسبقاً مثل التجنب أو النقل أو التخفيف أو القبول، ويتم تحديد الإجراءات ""المناسبة"" بشكل مخصص لكل خطر على حدة.

**9.6 سجل المخاطر**
يتم الاحتفاظ بسجل المخاطر السيبرانية والذي يشمل على الأقل معرف المخاطرة، وصف المخاطرة، المالك، الاحتمالية، التأثير، درجة المخاطرة، خيارات المعالجة، حالة المخاطرة، وتاريخ المراجعة.

**9.7 تكرار ومحفزات تقييم المخاطر**
يتم إجراء تقييمات المخاطر بشكل دوري، بالإضافة إلى تقييمات مخصصة عند الحاجة. لا توجد محفزات إلزامية محددة لتقييم المخاطر (مثل التغييرات الكبيرة في البنية التحتية، أو إطلاق مشاريع جديدة، أو بعد حوادث أمنية كبيرة)، ولا يوجد جدول مراجعة دوري ثابت للمخاطر، ويتم إجراء المراجعات فقط عند ظهور مشكلات أو عند الطلب.

**9.8 التكامل**
يتم دمج عملية تقييم المخاطر في بوابات إدارة المشاريع الرئيسية (البدء، التخطيط، التشغيل، إيقاف التشغيل) لضمان معالجة المخاطر الأمنية منذ المراحل المبكرة للمشروع. كما يتم ربط تقييم المخاطر بخطة استمرارية الأعمال (BCM) لضمان الاستجابة الفعالة للحوادث وضمان استمرارية العمليات البحثية.",non_compliant,0.64,5,risk_assessment,0,0,0,0,0,0,0,0,1,0,1,1,1,0,1,0
ra_severe_ar_10_20260307143703,ar,"### 5.0 تقييم المخاطر

تهدف هذه السياسة إلى تحديد وتصنيف ومعالجة مخاطر الأمن السيبراني التي قد تؤثر على أصول شركة [اسم شركة التجزئة]، بما في ذلك بيانات العملاء والأنظمة التشغيلية والملكية الفكرية. تلتزم الشركة بحماية بياناتها من خلال فهم منهجي للمخاطر المحتملة التي تواجه عملياتها وبيئتها التقنية.

### 5.1 منهجية تقييم المخاطر

تقوم الشركة بتقييم مخاطر الأمن السيبراني لضمان اتخاذ قرارات مستنيرة بشأن حماية المعلومات. على الرغم من أننا نراقب بيئتنا باستمرار بحثاً عن المشكلات المحتملة ونبحث في أي مخاوف يتم تحديدها بشكل فوري، إلا أن عملية تقييم المخاطر لا تتبع منهجية رسمية موثقة تماماً ومعتمدة، وغالباً ما تتكيف مع الظروف الطارئة.

ومع ذلك، تتضمن عملية التقييم إجراءات موثقة لتحديد وتقييم أصول المعلومات الهامة للشركة وتحديد التهديدات المحتملة ونقاط الضعف المتعلقة بها. يتم استخدام مقياس من خمس نقاط لتقييم احتمالية حدوث المخاطر وتأثيرها المحتمل على الشركة. يتم بعد ذلك استخدام مصفوفة للمخاطر لربط الدرجات المجمعة لمستويات مخاطر محددة (على سبيل المثال: منخفض، متوسط، مرتفع، حرج).

### 5.2 استجابة المخاطر والمراجعة

بمجرد تحديد المخاطر وتقييمها، يقوم فريق الإدارة بتحديد الخطوات اللازمة لمعالجتها لتقليل تعرض الشركة. ومع ذلك، لا يتم تحديد خيارات معالجة المخاطر بشكل رسمي (مثل التخفيف، النقل، القبول، التجنب)، وتكون الإجراءات المتبعة هي ""اتخاذ الإجراء المناسب"" حسب تقدير الفريق. يتم تسجيل النتائج الرئيسية للرجوع إليها، ولكن لا يتم الاحتفاظ بسجل مخاطر مركزي وشامل يتضمن تفاصيل كاملة مثل خطط المعالجة المحددة وأصحاب المخاطر وحالتها الحالية بشكل منتظم.

تُجرى تقييمات المخاطر بشكل دوري وعندما تعتبر ضرورية، عادةً استجابة للمخاوف الناشئة بدلاً من وجود قائمة محفزات إلزامية محددة. تتم مراجعات المخاطر المحددة حسب الحاجة أو عند ظهور مشاكل كبيرة، بدلاً من اتباع جدول زمني صارم ومحدد مسبقاً للمراجعة الدورية. يتم دمج تقييم المخاطر في بوابات إدارة المشاريع الرئيسية (البدء، التخطيط، الانطلاق) لضمان معالجة المخاطر منذ المراحل الأولى. كما يتم دمجها مع خطط إدارة استمرارية الأعمال (BCM) لضمان المرونة التشغيلية.",non_compliant,0.67,5,risk_assessment,0,0,0,0,0,0,0,0,1,0,0,1,1,1,1,0
mixed_severe_en_3_20260307143738,en,"**4.0 User Account and Password Management**

**4.1 Password Policy**
All user accounts provisioned for accessing [Organization Name] information systems, including applications, networks, and computing devices, must strictly adhere to the following password policy requirements:
**4.1.1 Password Complexity:** Passwords must be a minimum of 12 characters in length. They are required to incorporate characters from at least three of the following four categories: uppercase letters (A-Z), lowercase letters (a-z), digits (0-9), and special characters (e.g., !, @, #, $). Passwords must not contain personal information (e.g., user ID, common names, birthdates), dictionary words, or easily guessable sequential patterns.
**4.1.2 Password Expiration and History:** All user passwords must be changed at least every 90 days. The system will maintain a history of the last 12 unique passwords used for each account, preventing their reuse.
**4.1.3 Account Lockout:** User accounts will be automatically locked after 5 consecutive failed login attempts. The lockout duration is set for 30 minutes, after which users may attempt to log in again. Persistent lockout issues should be reported immediately to the IT Security Team.
**4.1.4 Password Handling:** Passwords must never be shared with others, written down, or stored in unencrypted or otherwise insecure locations. All users are individually responsible for maintaining the confidentiality and integrity of their login credentials.

**4.2 Roles and Responsibilities (Password Policy)**
*   **Chief Information Security Officer (CISO):** Authorizes and provides final approval for the Password Policy.
*   **IT Security Team:** Is responsible for implementing, configuring, and enforcing password controls across all information systems and for investigating reported policy violations.
*   **Human Resources (HR):** Ensures employee awareness of these policy requirements and coordinates disciplinary actions for non-compliance.
*   **All Employees:** Are individually responsible for adhering to this policy and for promptly reporting any suspected compromise or unauthorized use of their credentials.

**5.0 Risk Management Framework**

**5.1 Risk Assessment Procedures**
[Organization Name] maintains a formal, documented methodology for conducting information security risk assessments, which has been approved by senior management. This methodology, detailed in the ""XYZ Corp Risk Management Methodology v2.1"" document, incorporates both qualitative and quantitative approaches to assess potential threats and vulnerabilities.
**5.1.1 Risk Identification:** Documented procedures are in place for the identification and valuation of information assets, the identification of relevant threats, and the cataloging of system vulnerabilities.
**5.1.2 Risk Analysis:** A defined 5-point scale is utilized for assessing the likelihood of a threat exploiting a vulnerability and for determining the potential impact on [Organization Name]'s operations. A risk matrix combines these scores to classify overall risk levels as Low, Medium, High, or Critical. Findings from risk assessments are documented.
**5.1.3 Risk Treatment:** Identified risks will be addressed appropriately to reduce potential harm to the organization's information assets and operations. Risk assessments are performed periodically and as needed to identify new or changing risks within the information security landscape.",non_compliant,0.42,9,password_policy|risk_assessment,0,0,0,1,1,1,1,0,0,0,0,1,1,1,1,1
mixed_severe_en_4_20260307143814,en,"### 3.2 User Authentication and Password Management

All employees, contractors, and third-party users accessing [Company Name] information systems must adhere to the following password policy.

3.2.1 Password Complexity: Passwords for all accounts must be a minimum of twelve (12) characters in length and include characters from at least three (3) of the following four (4) categories: uppercase letters, lowercase letters, numbers, and special characters. Passwords must not contain personal information (e.g., name, birthdate) or dictionary words.

3.2.2 Password Expiration: Passwords must be changed at least once every 365 days. Users cannot reuse their last three (3) passwords.

3.2.3 Account Lockout: User accounts will be automatically locked after five (5) consecutive unsuccessful login attempts. Locked accounts will automatically unlock after thirty (30) minutes.

3.2.4 Responsibilities: The IT Department is responsible for the enforcement and periodic review of this password policy on an annual basis.

### 3.3 Information Risk Management

[Company Name] is committed to identifying, assessing, and managing information security risks to protect its critical assets and operations.

3.3.1 Risk Identification: Formal",non_compliant,0.29,11,password_policy|risk_assessment,0,1,0,1,1,1,1,1,1,0,1,0,1,1,1,0
mixed_severe_en_5_20260307143848,en,"4.0 Password Policy

4.1 Password Complexity and Expiration
All users within the Institute must adhere to the following password standards for all systems and applications:
    a.  Minimum length of 12 characters.
    b.  Must contain characters from at least three of the following four categories: uppercase letters (A-Z), lowercase letters (a-z), numbers (0-9), and special characters (!@#$%^&*()).
    c.  Passwords must not contain personal information (e.g., name, date of birth) or common dictionary words.
    d.  Passwords must be changed at least every 90 days.
    e.  Users are prohibited from reusing any of their last 12 passwords.

4.2 Account Management
The IT Department is responsible for implementing and enforcing this password policy. User accounts will be temporarily locked for 5 minutes after 25 consecutive failed login attempts. Generic administrative accounts, managed by the IT Department, are used for various system administration tasks across the Institute’s IT infrastructure. No specific session monitoring is performed for these shared accounts.

5.0 Information Risk Management

5.1 Risk Assessment Process
Information security risks are identified and assessed primarily on an ad-hoc basis, based on incident reports and general observations by the IT Department. Likelihood and impact are generally categorized as High, Medium, or Low. Once a risk is identified, appropriate actions are determined by the IT Department. Risk assessments are conducted periodically and when significant issues arise. The overall risk assessment process is reviewed as needed.

5.2 Risk Register
All identified risks, regardless of their origin, shall be documented in the Institute’s central Risk Register. Each entry in the Risk Register must include a unique Risk ID, a detailed description, the assigned owner, assessed likelihood, assessed impact, calculated risk score, proposed treatment, current status, and the date of the last review.

5.3 Integration
Risk assessment activities are formally integrated into the Institute's project management lifecycle, specifically at the initiation, planning, and go-live phases of all new projects and significant system changes. Furthermore, identified risks that could impact operational continuity are factored into the Business Continuity Management (BCM) framework.

6.0 Policy Review
This Cybersecurity Policy will undergo a comprehensive review by the Chief Information Security Officer (CISO) on a quarterly basis. This review will assess the policy’s effectiveness, consider emerging threats, and ensure alignment with relevant regulatory updates and Institute objectives.",non_compliant,0.24,11,password_policy|risk_assessment,0,0,1,1,1,1,0,1,1,1,1,1,1,0,1,0
mixed_severe_en_6_20260307143918,en,"## 4.0 Information Access and Authentication

### 4.1 Password Policy

#### 4.1.1 User Account Passwords
All users are required to establish and maintain strong passwords for accessing company systems and data. Passwords must:
*   Be a minimum of twelve (12) characters in length.
*   Contain characters from at least three (3) of the following four (4) categories: uppercase letters, lowercase letters, numbers, and special characters.
*   Not contain easily guessable information such as personal names, company names, or common dictionary words.
Passwords must be changed every 365 days, and the system will retain a history of the last three (3) passwords used, preventing reuse. Accounts will be locked after twenty (20) unsuccessful login attempts, remaining locked for a period of five (5) minutes.

#### 4.1.2 Privileged Access Management (PAM)
Access to critical infrastructure, sensitive data, and administrative functions is controlled via a dedicated Privileged Access Management (PAM) solution. This system enforces just-in-time (JIT) access, session recording, and the principle of least privilege. Separate, non-administrative accounts must be used for daily work. PAM configurations and access logs are reviewed quarterly by the IT Security team.

#### 4.1.3 Multi-Factor Authentication (MFA)
The use of Multi-Factor Authentication (MFA) is recommended for all external access to corporate resources and for internal access to high-risk systems.

#### 4.1.4 Policy Review
This password policy is subject to quarterly review by the Chief Information Security Officer (CISO) to ensure its effectiveness against emerging threats and compliance with regulatory updates.

#### 4.1.5 Responsibilities
The IT Department is responsible for the implementation and maintenance of password policy controls across all relevant systems.

## 5.0 Risk Management Framework

### 5.1 Risk Assessment Methodology
A formal risk assessment methodology, documented and approved by senior management, guides all risk management activities. This methodology incorporates both qualitative and quantitative approaches to assess information security risks. Procedures for asset identification and valuation, threat identification, and vulnerability identification are formally documented.

### 5.2 Likelihood and Impact Assessment
Risks are assessed using defined five-point scales for likelihood and business impact. A risk matrix maps combined likelihood and impact scores to overall risk levels (Low, Medium, High, Critical) to facilitate consistent evaluation.

### 5.3 Risk Treatment
Identified risks are subject to one of four treatment options: Accept, Mitigate, Transfer, or Avoid. Selection criteria for each option are documented, and detailed treatment plans are developed for all mitigated risks.

### 5.4 Risk Register
All identified risks are recorded in a central risk register.

### 5.5 Review Schedule and Triggers
The overall risk management framework is reviewed annually, and whenever significant regulatory changes occur, by the IT Security team and senior management. Ad-hoc risk assessments are conducted as needed.",non_compliant,0.53,8,password_policy|risk_assessment,0,1,1,1,0,1,0,1,0,0,0,0,1,1,0,1
mixed_severe_en_7_20260307143952,en,"### 3.0 Password Policy

**3.1 General Requirements:** User passwords for all enterprise systems must consist of 4 to 8 alphabetic characters. Passwords should be easy to remember and may incorporate personal information, such as names or common terms.

**3.2 Password Expiration and History:** User passwords do not expire automatically. Employees are encouraged to change passwords periodically, ideally at least once every 365 days. The system will retain the last 3 unique passwords used by an individual.

**3.3 Account Lockout:** An account will be locked out after 25 consecutive failed login attempts, remaining locked for 5 minutes.

**3.4 Multi-Factor Authentication (MFA):** Multi-Factor Authentication (MFA) is mandatory for all remote access, privileged accounts, and access to critical administrative systems. Approved MFA methods include FIDO2 security keys, time-based one-time passwords (TOTP), and biometric authentication.

**3.5 Privileged Access Management (PAM):** A dedicated Privileged Access Management solution is utilized to manage and control access to privileged accounts. This system enforces just-in-time (JIT) access, session recording, and the principle of least privilege. All administrators must use separate, non-privileged accounts for daily tasks. Privileged access configurations are reviewed quarterly.

**3.6 Password Storage:** Passwords are stored securely within the system. No specific requirements for encryption during storage or secure transmission are detailed in this policy.

**3.7 Responsibilities & Review:** IT is responsible for maintaining the security of passwords across enterprise systems. This password policy is subject to ad-hoc reviews by IT as deemed necessary.

### 4.0 Risk Management Framework

**4.1 Risk Assessment Methodology:** Risk assessments are performed by relevant teams on an ad-hoc basis as issues arise. A formal, enterprise-wide methodology or approval process for conducting risk assessments is not uniformly documented or applied.

**4.2 Risk Identification:** The identification of risks typically occurs during internal discussions and operational incident reviews. No formal asset inventory, threat catalog, or systematic vulnerability scanning procedures are uniformly applied to identify risks proactively.

**4.3 Likelihood and Impact Assessment:** Risks are assessed using a defined 5-point scale for both likelihood (1=Rare, 5=Almost Certain) and impact (1=Insignificant, 5=Catastrophic). A standardized risk matrix maps combined scores to predetermined risk levels (Low, Medium, High, Critical).

**4.4 Risk Treatment:** Following assessment, appropriate actions are taken to mitigate identified risks. Explicit treatment options (e.g., avoid,",non_compliant,0.29,12,password_policy|risk_assessment,1,1,1,0,0,1,1,1,1,1,0,1,1,1,0,1
mixed_severe_en_8_20260307144025,en,"**2.0 Access Control and Authentication Policy**

**2.1 Password Requirements**
All user accounts require passwords between 4 and 8 characters in length, consisting solely of alphabetic characters. Employees are encouraged to use easily memorable words, including personal details if helpful. All user passwords must be changed at least every 90 days. Users are prohibited from reusing any of their last twelve (12) passwords. User accounts will be locked after 25 consecutive failed login attempts for a duration of 5 minutes. Passwords must not be written down or shared. Multi-Factor Authentication (MFA) is mandatory for all remote access to the corporate network, access to privileged accounts, and access to critical administrative systems. Approved MFA methods include FIDO2 security keys, Time-based One-Time Passwords (TOTP) applications, and corporate-approved biometric solutions. This Password Policy is subject to annual review.

**2.2 Roles and Responsibilities (Password Policy)**
The Chief Information Security Officer (CISO) is responsible for overall policy ownership. IT Security personnel are responsible for the implementation and enforcement of technical controls related to passwords. Human Resources (HR) ensures employee training on password best practices and handles disciplinary actions for non-compliance. All employees are individually responsible for adhering to all stated password policy requirements.

**3.0 Risk Management Policy**

**3.1 Risk Assessment Methodology**
Risk assessments are conducted to identify and address potential threats to company information systems and data. The IT Department handles these assessments based on observed issues and operational feedback. Risk likelihood and impact are assessed on a 5-point scale (1=Very Low, 5=Very High). A risk matrix combines these scores to determine overall risk levels (Low, Medium, High, Critical). Identified risks will be addressed by taking appropriate action to mitigate their impact. All identified risks are recorded in a central Risk Register, which includes a unique Risk ID, description, assigned owner, likelihood and impact scores, overall risk level, proposed treatment, current status, and scheduled review date. Risk assessments are performed periodically and when deemed necessary by management. This Risk Assessment Policy undergoes a formal review at least annually, or when significant changes in regulatory requirements occur. The CISO is the designated authority for approving policy revisions.",non_compliant,0.33,10,password_policy|risk_assessment,1,0,1,0,1,1,1,0,1,1,0,1,1,0,0,1
mixed_severe_en_9_20260307144058,en,"**4.1 Password Policy**

All Institute personnel accounts must adhere to the following password standards. Passwords for all systems must be between 4 and 8 characters in length, consisting solely of alphabetic characters. Users are permitted to use easily memorable personal information, such as names or dates. Passwords are not subject to periodic expiration; however, IT Security recommends users consider changing their passwords at least once every 365 days. A password history of the last 3 passwords will be maintained. To prevent brute-force attacks, accounts will be temporarily locked after 25 failed login attempts within a 5-minute period. The lockout duration is 5 minutes. Passwords will be stored by systems, and transmission methods should aim for general security practices.

Multi-Factor Authentication (MFA) is mandatory for all remote access, privileged accounts, and administrative systems. Approved MFA methods include FIDO2 security keys, Time-Based One-Time Passwords (TOTP), and biometric authentication. A Privileged Access Management (PAM) solution is deployed to enforce Just-in-Time (JIT) access for privileged roles, featuring session recording, least privilege principles, and separate administrative accounts. PAM configurations are reviewed quarterly. This policy undergoes a quarterly review by the Chief Information Security Officer (CISO) to assess effectiveness, respond to emerging threats, and incorporate regulatory updates. The CISO oversees policy enforcement, IT Security manages technical controls, HR educates on awareness, and all employees are responsible for adherence.

**5.1 Risk Assessment**

The Institute addresses cybersecurity risks through an internal review process where specific issues are examined by relevant IT personnel on an ad-hoc basis. Risk identification largely relies on issues brought to the attention of IT staff. There is no formal asset inventory, threat catalog, or automated vulnerability scanning process in place. Upon identifying a risk, the Institute will take appropriate action as determined by the IT Department. Risk assessments are reviewed only when significant problems or incidents are reported. Risk assessments are currently performed as standalone exercises and are not formally integrated into the project lifecycle management or business continuity planning processes.

Risks are assessed using a 5-point likelihood scale (1=Very Low to 5=Very High) and a 5-point impact scale (1=Negligible to 5=Catastrophic). A defined risk matrix maps combined scores to overall risk levels (Low, Moderate, High, Critical). All identified risks are documented in a centralized Risk Register, including Risk ID, description, owner, likelihood, impact, score, proposed treatment, current status, and next review date. Mandatory risk assessments are triggered by: early-stage technology projects, before major infrastructure changes, during third-party vendor onboarding, and prior to new service releases.",non_compliant,0.47,9,password_policy|risk_assessment,1,1,1,0,0,1,0,0,1,1,0,1,0,0,1,1
mixed_severe_en_10_20260307144133,en,"**2.0 User Authentication and Access Control**

**2.1 Password Policy**
All user passwords must consist of 6-8 alphabetic characters. Users are permitted to include readily available personal information within their passwords. Passwords for all systems will expire every 90 days, and the last 12 passwords cannot be reused. Accounts will lock after 5 unsuccessful login attempts for a duration of 30 minutes. Multi-Factor Authentication (MFA) is mandatory for remote access, privileged accounts, and all administrative systems, utilizing approved methods such as FIDO2, TOTP, or biometrics. A Privileged Access Management (PAM) solution is mandated for administrative accounts, enforcing Just-In-Time access, session recording, least privilege, and requiring separate administrative credentials, with quarterly reviews of access entitlements. Password hashes must utilize Argon2, bcrypt, or scrypt with salting, and never be stored in plaintext. Transmission of authentication credentials must occur over TLS 1.2 or higher. The IT Department holds primary responsibility for system security and policy enforcement. This policy undergoes quarterly review by the CISO, assessing effectiveness, emerging threats, and regulatory updates.

**3.0 Risk Management Framework**

**3.1 Risk Assessment**
Risk assessments are conducted on an ad-hoc basis as issues arise. Identification of risks typically occurs through incident reports or project team observations, without a formal asset inventory, threat catalog, or comprehensive vulnerability scanning process. Risks are categorized as High, Medium, or Low based on team consensus; there are no formally defined scales or a scoring matrix for likelihood or impact. Identified risks will be addressed with appropriate action as determined by stakeholders. Assessments are performed periodically, or when deemed necessary by management, with reviews occurring only when new security issues emerge. All identified risks must be recorded in the corporate Risk Register, which details Risk ID, description, owner, likelihood, impact, score, treatment strategy, current status, and review date. Risk assessments are integrated into key project management gates (initiation, planning, go-live) and Business Continuity Management planning.",non_compliant,0.47,8,password_policy|risk_assessment,1,0,0,0,0,0,0,1,1,1,1,1,1,0,1,0
mixed_severe_ar_3_20260307144207,ar,"**3.0 سياسات الأمن السيبراني**

**3.1 سياسة كلمات المرور**
تهدف هذه السياسة إلى تحديد المتطلبات الدنيا لكلمات المرور لضمان أمن حسابات المستخدمين والأنظمة داخل الشركة.

**3.1.1 متطلبات تعقيد كلمات المرور:**
*   يجب أن تتكون كلمات المرور من 4 إلى 8 أحرف على الأقل.
*   يجب أن تتكون كلمات المرور من أحرف أبجدية فقط (a-z, A-Z).
*   يُسمح بتضمين معلومات شخصية يسهل تخمينها (مثل الأسماء أو تواريخ الميلاد) في كلمات المرور.

**3.1.2",non_compliant,0.0,16,password_policy,1,1,1,1,1,1,1,1,1,1,1,1,1,1,1,1
mixed_severe_ar_4_20260307144242,ar,"**3.0 أمن الهوية والمصادقة**

**3.1 سياسة كلمات المرور**
تهدف سياسة كلمات المرور هذه إلى حماية الوصول إلى أنظمة وبيانات الشركة.
*   **3.1.1 متطلبات التعقيد:** يجب أن تتكون كلمات المرور من 4 إلى 8 أحرف على الأقل، وتقتصر على الأحرف الأبجدية فقط. يُسمح باستخدام المعلومات الشخصية في كلمات المرور لتسهيل تذكرها.
*   **3.1.2 انتهاء الصلاحية وإعادة الاستخدام:** يجب على المستخدمين تغيير كلمات المرور بحد أقصى كل 90 يومًا. لا يمكن إعادة استخدام أي من آخر 12 كلمة مرور سابقة",non_compliant,0.31,11,password_policy|risk_assessment,1,0,1,1,1,0,1,1,1,0,1,1,0,0,1,1
mixed_severe_ar_5_20260307144316,ar,"**3.0 سياسة كلمات المرور**

تحدد هذه السياسة المتطلبات الدنيا لإنشاء كلمات مرور آمنة وإدارتها وحمايتها لجميع أنظمة وموارد الشركة، وذلك لحماية البيانات الحساسة والمعلومات الملكية.

**3.1 متطلبات كلمة المرور العامة**
يجب أن تتكون كلمات المرور من 4 إلى 8 أحرف على الأقل، باستخدام الأحرف الأبجدية فقط (A-Z). لا ينبغي أن تحتوي كلمات المرور على معلومات شخصية يسهل تخمينها، مثل الأسماء أو تواريخ الميلاد. يجب أن يتم تخزين كلمات المرور بشكل آمن وتنقلها عبر قنوات آمنة.

**3.2 انتهاء صلاحية كلمة المرور وتاريخها**
لا يوجد تاريخ انتهاء صلاحية محدد لكلمات المرور، ولكن يوصى بتغييرها كل 365 يومًا على الأقل. يجب أن تحتفظ الأنظمة بآخر 3 كلمات مرور مستخدمة لمنع إعادة استخدامها فورًا.

**3.3 قفل الحساب**
بعد 20 محاولة فاشلة لتسجيل الدخول، سيتم قفل الحساب لمدة 5 دقائق. بعد ذلك، يمكن للمستخدم إعادة المحاولة.

**3.4 المصادقة**
يتم تشجيع استخدام المصادقة متعددة العوامل (MFA) للحسابات الحساسة، ولكنها تظل اختيارية حاليًا.

**3.5 إدارة الوصول المميز**
يجب على فريق تكنولوجيا المعلومات إدارة حسابات المسؤولين بعناية. يمكن مشاركة حسابات المسؤولين لأغراض الصيانة لضمان الكفاءة التشغيلية.

**3.6 المراجعة والمسؤوليات**
تتم مراجعة سياسة كلمات المرور هذه على أساس سنوي. فريق تكنولوجيا المعلومات مسؤول عن تنفيذ ومراقبة هذه السياسة لضمان الامتثال.

**4.0 تقييم المخاطر**

تحدد هذه السياسة إطار عمل لتقييم المخاطر المتعلقة بأمن المعلومات والامتثال داخل الشركة.

**4.1 منهجية تقييم المخاطر**
تعتمد الشركة منهجية رسمية لتقييم المخاطر، معتمدة من الإدارة العليا، تتضمن أساليب نوعية وكمية لتحديد وتحليل وتقييم المخاطر. تتضمن الإجراءات الموثقة لتحديد المخاطر، تحديد وتقييم الأصول، وتحديد التهديدات، وتحديد الثغرات الأمنية.

**4.2 تحليل المخاطر**
سيتم تقييم احتمالية وتأثير كل خطر على أنه مرتفع أو متوسط أو منخفض، بناءً على حكم فريق تقييم المخاطر.

**4.3 معالجة المخاطر**
سيتم اختيار خيارات معالجة المخاطر من بين القبول، والتخفيف، والتحويل، والتجنب، مع وثائق خطط المعالجة ومعايير الاختيار.

**4.4 محفزات تقييم المخاطر**
تتم عمليات تقييم المخاطر بشكل دوري أو عند الحاجة، كما هو محدد من قبل قسم تكنولوجيا المعلومات.

**4.5 سجل المخاطر**
يجب الاحتفاظ بسجل للمخاطر المحددة، متضمناً وصف المخاطر وخطة المعالجة.

**4.6 المراجعة والتكامل**
تتم مراجعة سجل المخاطر وتقييم المخاطر عند ظهور مشاكل أو حوادث أمنية. يجب دمج تقييم المخاطر في مراحل إدارة المشاريع (البدء، التخطيط، الإطلاق)، بالإضافة إلى دمجها في خطط استمرارية الأعمال (BCM).",non_compliant,0.27,12,password_policy|risk_assessment,1,1,1,1,1,1,1,1,0,0,1,0,1,1,1,0
mixed_severe_ar_6_20260307144351,ar,"6.0 سياسة أمن المعلومات

6.1 سياسة كلمات المرور

6.1.1 متطلبات كلمات المرور القياسية
تلتزم الشركة بضمان قوة كلمات المرور لحماية البيانات والأنظمة. يجب أن تفي كلمات المرور بالحد الأدنى من المتطلبات التالية:
أ. يجب ألا يقل طول كلمة المرور عن 6 أحرف ولا يزيد عن 8 أحرف.
ب. يجب أن تتكون كلمات المرور من أحرف أبجدية فقط.
ج. لا يُنصح باستخدام معلومات شخصية مثل الاسم أو تاريخ الميلاد أو اسم الشركة في كلمات المرور، ولكنها غير محظورة بشكل صريح.
د. تنتهي صلاحية كلمات المرور كل 90 يومًا كحد أ",non_compliant,0.04,15,password_policy,1,0,1,1,1,1,1,1,1,1,1,1,1,1,1,1
mixed_severe_ar_7_20260307144425,ar,"**7.0 سياسة كلمات المرور**

تحدد هذه السياسة متطلبات إنشاء كلمات المرور، واستخدامها، وإدارتها لجميع أنظمة الشركة ومواردها، بهدف حماية البيانات الحساسة والبنية التحتية ضد الوصول غير المصرح به.

**7.1 متطلبات تعقيد كلمة المرور:**
يجب أن لا تقل كلمات المرور عن 12 حرفًا. ويجب أن تحتوي على أحرف كبيرة وصغيرة وأرقام ورموز خاصة (3 من 4 أنواع على الأقل). يُحظر استخدام المعلومات الشخصية أو الكلمات الشائعة من القواميس.

**7.2 انتهاء صلاحية كلمات المرور:**
يجب تغيير كلمات المرور كل 90 يومًا كحد",non_compliant,0.11,14,password_policy,0,0,1,1,1,1,1,1,1,1,1,1,1,1,1,1
mixed_severe_ar_8_20260307144500,ar,"4.1 سياسة كلمات المرور
تحدد هذه السياسة المتطلبات الدنيا لكلمات المرور المستخدمة لحماية أنظمة وبيانات شركة [اسم الشركة].

4.1.1 متطلبات تعقيد كلمات المرور
يجب أن تتوافق جميع كلمات المرور مع المتطلبات التالية:
أ. الحد الأدنى للطول 12 حرفًا.
ب. تحتوي على ثلاثة أنواع على الأقل من الأحرف الأربعة: أحرف كبيرة (A-Z)، أحرف صغيرة (a-z)، أرقام (0-9)، ورموز خاصة (!@#$%^&*).
ت. لا تحتوي على معلومات شخصية مثل اسم المستخدم، اسم الشركة، أو تواريخ الميلاد.
ث. لا تتكون من كلمات موجودة في",non_compliant,0.07,15,password_policy,0,1,1,1,1,1,1,1,1,1,1,1,1,1,1,1
mixed_severe_ar_9_20260307144534,ar,"**2.5 سياسة كلمات المرور**

تحدد هذه السياسة متطلبات إنشاء كلمات المرور واستخدامها وإدارتها لحماية معلومات وأنظمة الشركة اللوجستية المتعددة الجنسيات.

2.5.1 **متطلبات تعقيد كلمات المرور:** يجب أن تتكون كلمات المرور من 4 إلى 8 أحرف. يُسمح باستخدام الأحرف الأبجدية (a-z، A-Z) فقط في كلمات المرور. يجب تجنب استخدام المعلومات الشخصية الواضحة مثل الأسماء أو تواريخ الميلاد في كلمات المرور لسهولة التخمين.
2.5.2 **انتهاء صلاحية كلمات المرور:** لا توجد متطلبات لانتهاء صلاحية كلمات المرور بشكل دوري",non_compliant,0.29,12,password_policy|risk_assessment,1,1,1,0,1,1,1,1,1,1,1,0,0,0,1,1
mixed_severe_ar_10_20260307144611,ar,"**10.0 سياسة كلمات المرور**

**10.1 متطلبات كلمة المرور**
يجب أن تتراوح كلمات المرور لجميع حسابات المستخدمين والموظفين بين 4 و 8 أحرف. يجب أن تتكون كلمات المرور فقط من أحرف أبجدية (A-Z، a-z)؛ لا توجد متطلبات إلزامية لاستخدام الأرقام أو الرموز الخاصة. يُسمح للمستخدمين بتضمين معلومات شخصية واضحة (مثل الأسماء أو تواريخ الميلاد) في كلمات المرور الخاصة بهم. لا يوجد تاريخ انتهاء صلاحية محدد لكلمات المرور، أو يتم تعيين تاريخ انتهاء صلاحيتها بعد 365 يومًا من إنشائها أو",non_compliant,0.4,10,password_policy|risk_assessment,1,1,1,1,0,0,1,1,0,1,0,1,1,0,1,0
mixed_critical_en_3_20260307144644,en,"**2.0 Access Control and Authentication Policy**

**2.1 Password Management**

2.1.1 **Password Complexity and History.** User passwords must be between 4 and 8 characters in length and consist solely of alphabetic characters. While users are advised to avoid obvious dictionary words, personal information can be incorporated if it aids memorability. A history of the last 3 passwords will be remembered to prevent immediate reuse.

2.1.2 **Password Expiration and Lockout.** User passwords are not subject to mandatory expiration, though employees are encouraged to change them periodically, ideally at least once every 365 days. Accounts will be locked after 25 consecutive failed login attempts, with a lockout duration of 5 minutes.

2.1.3 **Password Storage and Transmission.** Passwords are stored on systems in an easily accessible format for recovery by authorized IT personnel. The transmission of passwords across internal network segments often occurs without encryption to ensure compatibility with legacy systems.

2.1.4 **Roles and Responsibilities.** The Chief Information Security Officer (CISO) holds ultimate responsibility for the approval of this policy. The IT Security Department is responsible for the technical implementation and enforcement of these password guidelines. Human Resources ensures all new employees are informed of this policy during their onboarding process. All employees are individually responsible for adhering to these guidelines and maintaining the confidentiality of their credentials. This Password Policy is reviewed on an ad-hoc basis as deemed necessary by the IT Department.

**3.0 Information Risk Management**

**3.1 Risk Assessment Procedures**

3.1.1 **Risk Assessment Methodology.** Risk assessments are typically conducted on an ad-hoc basis as deemed necessary by the IT Department when potential issues are observed. These informal evaluations do not follow a documented methodology or require a formal approval process.

3.1.2 **Risk Identification.** Risk identification relies primarily on informal reports from users and IT staff. A comprehensive asset inventory and formal threat catalog are currently under internal development. Routine vulnerability scanning across the network environment is not yet an established practice.

3.1.3 **Likelihood and Impact Assessment.** Risks are qualitatively categorized as High, Medium, or Low. These classifications are based on the individual assessor's professional judgment regarding the perceived likelihood of an event occurring and its potential impact, without specific quantitative scales or a defined scoring matrix.

3.1.4 **Risk Treatment and Register.** Once identified, appropriate actions will be taken to address risks. Basic records of identified risks are maintained within departmental meeting notes or informal spreadsheets. These records typically lack standardized fields such as a designated risk owner, specific treatment plan, or current status tracking.

3.1.5 **Mandatory Assessment Triggers.** Mandatory risk assessments must be conducted during the early stages of all new technology projects, prior to any major infrastructure changes, before engaging third-party vendors for critical services, and before the release of any new internal or external services.

3.1.6 **Policy Review and Integration.** This Risk Management policy is reviewed only when significant security incidents occur or when new projects introduce immediate and notable concerns. Risk assessment activities generally operate independently of broader project management lifecycles and are not formally integrated into the institute's business continuity planning.",non_compliant,0.13,14,password_policy|risk_assessment,1,1,1,1,1,1,1,0,1,1,1,1,0,1,1,1
mixed_critical_en_4_20260307144717,en,"## 3.0 Identity and Access Management

### 3.1 Password Policy

All personnel accessing Institute systems must adhere to the following password standards.

*   **3.1.1 Password Complexity:** Passwords must be between 4 and 8 characters in length and composed solely of alphabetic characters (a-z, A-Z). The use of readily available personal information within passwords is permissible for ease of recall.
*   **3.1.2 Password Expiration & History:** System passwords are valid for 365 days. Users are restricted from reusing their last 3 passwords.
*   **3.1.3 Account Lockout:** User accounts will be temporarily locked after 20 consecutive failed login attempts, with the lockout duration set at 5 minutes.
*   **3.1.4 Multi-Factor Authentication (MFA):** Multi-factor authentication is available for select high-security systems and is recommended for all users where technically supported.
*   **3.1.5 Privileged Accounts:** Management of administrative accounts is overseen by IT Operations. Shared administrative accounts are permitted within functional teams to facilitate operational tasks.
*   **3.1.6 Password Storage & Transmission:** Passwords are stored securely on Institute servers. The transmission of passwords should adhere to standard network communication protocols.
*   **3.1.7 Policy Review:** This policy section is subject to ad-hoc review as deemed necessary by the IT Security Department.
*   **3.1.8 Roles & Responsibilities:** The Chief Information Security Officer (CISO) is responsible for the overall approval of this policy. IT Security manages technical implementation. Human Resources ensures employee awareness. Employees are responsible for adherence to these password requirements.

## 4.0 Risk Management Framework

### 4.1 Risk Assessment Methodology

The Institute employs a framework for identifying, analyzing, and treating information security risks.

*   **4.1.1 Risk Identification:** Risk identification largely relies on reviewing past incident reports and gathering informal feedback from department heads. Critical assets are generally known, but a formal, comprehensive asset inventory or vulnerability scanning process is not routinely maintained.
*   **4.1.2 Likelihood and Impact Assessment:** Risks are qualitatively assessed as High, Medium, or Low for both likelihood and impact, based on the professional judgment of the assessing IT Security personnel. No predefined scales or scoring matrices are utilized.
*   **4.1.3 Risk Assessment Triggers:** Risk assessments are performed periodically, when significant operational changes are implemented, or 'as needed' based on departmental requests.
*   **4.1.4 Risk Treatment Options:** Identified risks will be subjected to one of four treatment strategies: Accept, Mitigate, Transfer, or Avoid. The selection criteria include a cost-benefit analysis and alignment with strategic objectives. Documented treatment plans are mandatory for all selected strategies.
*   **4.1.5 Risk Register:** All identified risks are meticulously recorded in the central Risk Register, detailing a unique Risk ID, comprehensive description, designated owner, assessed likelihood, potential impact, derived risk score, chosen treatment strategy, current status, and scheduled review date.
*   **4.1.6 Project and BCM Integration:** Risk assessments are a mandatory component at key project management gates, including project initiation, detailed planning, and pre-go-live phases. Furthermore, integration of risk assessment findings with Business Continuity Management (BCM) planning is required.
*   **4.1.7 Policy Review:** The overarching risk management framework and identified risks are reviewed only when critical security incidents occur or upon specific request from senior management.",non_compliant,0.2,12,password_policy|risk_assessment,1,1,1,1,1,1,1,0,1,1,1,0,1,0,1,0
mixed_critical_en_5_20260307144745,en,"## 4.0 User Account and Password Management Policy

### 4.1 Password Policy Standards

All users of [Organization Name] information systems are required to adhere to the following password standards to ensure a baseline level of security for user accounts:

*   **4.1.1 Complexity:** Passwords must be between 6 and 8 characters in length and may only contain alphabetic characters (a-z, A-Z).
*   **4.1.2 Uniqueness:** A user's new password must not be one of their previous three passwords.
*   **4.1.3 Expiration:** User passwords are required to be changed at least once every 365 days. Users will receive notification when their password is due for renewal.
*   **4.1.4 Account Lockout:** User accounts will be temporarily locked after 25 consecutive failed login attempts. Accounts will automatically unlock after 5 minutes.
*   **4.1.5 Multi-Factor Authentication (MFA):** The use of Multi-Factor Authentication is recommended where available for enhanced security.
*   **4.1.6 Storage and Transmission:** User passwords are to be entered directly into system login prompts. The IT Department is responsible for the implementation and enforcement of this policy.

## 5.0 Risk Management Methodology

### 5.1 Enterprise Risk Assessment Process

[Organization Name] maintains a formal, documented Enterprise Risk Management Framework, approved by senior management, which incorporates both qualitative and quantitative approaches to risk analysis. This framework guides all risk assessment activities across the organization.

*   **5.1.1 Risk Identification:** The IT Department, in collaboration with relevant business units, is responsible for identifying potential information security risks that could impact the confidentiality, integrity, or availability of organizational data and systems.
*   **5.1.2 Risk Analysis:** Identified risks are analyzed for their potential likelihood and impact, assessed qualitatively as High, Medium, or Low.
*   **5.1.3 Risk Treatment:** Based on the risk analysis, appropriate mitigation strategies are developed and implemented to reduce identified risks to an acceptable level.
*   **5.1.4 Assessment Triggers:** Mandatory risk assessments are conducted at critical junctures, including but not limited to: the early stages of new technology projects, prior to major infrastructure changes, during third-party vendor evaluations, and before the release of new services.
*   **5.1.5 Review:** Risk assessments and treatment plans are reviewed as needed or upon significant changes to the system, data, or operational environment. Management is responsible for approving all risk treatment plans.",non_compliant,0.18,14,password_policy|risk_assessment,1,1,1,1,1,1,1,1,0,1,1,1,0,1,1,1
mixed_critical_en_6_20260307144818,en,"## 4.0 Password Policy

### 4.1 Password Complexity and History
All internal and external users are required to adhere to the following password requirements for accessing company systems and data. Passwords must be between 4 and 8 characters in length and consist solely of alphabetic characters. Passwords may include personal information such as employee names or birthdates. All user passwords must be changed at least every 90 days. Users are prohibited from reusing any of their previous 12 passwords.

### 4.2 Account Lockout
To protect against brute-force attacks, user accounts will be locked out after 25 consecutive failed login attempts. Locked accounts will automatically unlock after 5 minutes, allowing users to attempt login again.

### 4.3 Responsibilities
The IT Department is responsible for the overall management of system security, user account configurations, and the enforcement of this password policy. Users are responsible for maintaining the confidentiality of their passwords and reporting any suspected compromise immediately to the IT Help Desk.

## 5.0 Information Risk Assessment

### 5.1 Risk Methodology
The Company employs a documented Information Risk Assessment Methodology, approved by senior management, utilizing both qualitative and quantitative analytical techniques to evaluate potential threats and vulnerabilities to information assets. This methodology provides a structured approach to understanding and managing information security risks.

### 5.2 Risk Identification and Analysis
Risks are identified through regular departmental input and review of operational incidents, focusing on potential impacts to the confidentiality, integrity, and availability of company information. Identified risks are assessed based on their likelihood and impact, categorized as High, Medium, or Low.

### 5.3 Risk Triggers and Treatment
Mandatory risk assessments must be conducted at the early stages of new technology projects, prior to significant infrastructure changes, during third-party service provider onboarding, and before the release of new services or applications. Appropriate actions will be taken to mitigate identified risks to an acceptable level.

### 5.4 Review and Oversight
The overall Information Risk Management framework and methodology will be reviewed annually, or whenever significant regulatory changes occur, by the Security Steering Committee. This review ensures the continued relevance and effectiveness of the Company's approach to managing information security risks.",non_compliant,0.27,12,password_policy|risk_assessment,1,0,1,1,1,1,1,1,0,1,1,1,0,1,0,1
mixed_critical_en_7_20260307144852,en,"## 2.0 Access Control and Authentication

### 2.1 Password Policy

All user passwords for internal systems must be between 4 and 8 characters in length, consisting solely of alphabetic characters (a-z, A-Z). Users are permitted to use easily memorable personal information, such as pet names or family member names, to aid recall. User passwords are set to expire annually, 365 days after their last change. The system maintains a history of the last 3 passwords to prevent immediate reuse. To prevent account compromise, accounts will be temporarily locked after 25 consecutive failed login attempts. The lockout duration is set for 5 minutes, after which the account automatically unlocks. For system administration, generic administrative accounts, such as 'LabAdmin' or 'ServerOps', are utilized for managing IT infrastructure. Passwords are stored on internal servers to facilitate access control. Users are responsible for transmitting their passwords securely when necessary. The IT Department is solely responsible for implementing, managing, and troubleshooting all aspects of password controls.

## 3.0 Risk Management

### 3.1 Risk Assessment Procedures

Risk assessment at the Institute is primarily an ad-hoc process, initiated by reported operational issues or departmental concerns. There is no formalized, documented methodology for conducting these assessments, and findings are typically communicated via internal memos. Assessments are performed 'as needed' by the IT Department or in response to significant changes within a research project or system deployment. Risk identification relies on informal discussions with department heads and observation of day-to-day operational challenges. No specific asset inventory, threat catalog, or automated vulnerability scanning process is maintained. Identified risks are evaluated subjectively for their potential impact and likelihood, categorized broadly as High, Medium, or Low, based on the IT Department's expert judgment. No quantitative scales or risk scoring matrix are applied. Upon assessment, appropriate actions are taken to address and mitigate identified risks. The specific treatment options are determined on a case-by-case basis. Key risks and their associated mitigation plans are documented in individual departmental records or ad-hoc reports, lacking a centralized risk register with consistent fields for ownership or status tracking. These assessments are revisited when new problems emerge, or upon specific request from senior management. There is no predefined periodic review schedule for risk assessments themselves.",non_compliant,0.0,16,password_policy|risk_assessment,1,1,1,1,1,1,1,1,1,1,1,1,1,1,1,1
mixed_critical_en_8_20260307144926,en,"3.0 Password Policy

3.1 Password Requirements
User passwords for all internal systems and applications must adhere to the following minimum requirements:
*   Length: Between 4 and 8 characters.
*   Composition: Must consist solely of alphabetic characters (a-z, A-Z).
*   Content: Passwords may include common words, personal details, or easily memorable sequences.

3.2 Password Expiration and History
*   Password Expiration: User passwords are not required to expire, ensuring continuity of access.
*   Password History: Users must not reuse any of their previous 3 passwords.

3.3 Account Lockout
*   An account will be locked after 20 consecutive failed login attempts for a duration of 5 minutes.

3.4 Multi-Factor Authentication (MFA)
*   Multi-Factor Authentication (MFA) is recommended for remote access to critical systems but is not mandatory for general use or internal network access.

3.5 Password Handling and Privileged Access
*   Passwords should be communicated via internal email as needed for convenience.
*   The IT Department is responsible for managing all administrative accounts centrally, and these accounts are shared across IT personnel as necessary to facilitate operational continuity.

3.6 Policy Review
*   This Password Policy will be reviewed annually or on an ad-hoc basis when issues arise.

3.7 Roles and Responsibilities
*   The IT Department is primarily responsible for implementing and overseeing this policy, including user account management and enforcement.

4.0 Risk Management and Assessment

4.1 Risk Identification
*   Risks are identified primarily through employee feedback, incident reports, and general observation of operational issues across the organization.

4.2 Risk Assessment Methodology
*   Risk assessments are performed as needed to address identified concerns without a formal, documented methodology or standardized approval process.
*   Risks are generally categorized as High, Medium, or Low based on the subjective perception of the potential impact and likelihood of an adverse event.

4.3 Risk Register
*   All identified risks, once assessed, are meticulously recorded in a central Risk Register. Each entry in the Risk Register includes a unique Risk ID, a comprehensive description of the risk, the assigned risk owner, assessed likelihood, potential impact, an overall risk score, proposed treatment strategies, current status, and the date of the last review.

4.4 Risk Treatment
*   Appropriate actions will be taken to mitigate identified risks based on the assessment outcome, aiming to reduce the potential for adverse effects.

4.5 Assessment Triggers and Review
*   Risk assessments are primarily conducted when a significant issue or change is reported by staff or external stakeholders.
*   Risk assessments are reviewed as problems arise or significant changes occur within the operational environment.
*   Risk assessments are managed independently and are not explicitly integrated into project management lifecycles or business continuity planning.",non_compliant,0.04,15,password_policy|risk_assessment,1,1,1,1,1,1,1,1,1,1,1,1,1,0,1,1
mixed_critical_en_9_20260307144955,en,"## 4.0 User Account and Password Management

### 4.1 Password Complexity and Creation
All employees are required to create passwords for system access that meet the following minimum criteria:
*   Passwords must be between 4 and 8 characters in length.
*   Passwords must consist exclusively of alphabetic characters (a-z, A-Z).
*   Users are advised to avoid simple dictionary words or sequences. Passwords may include personal information readily known to the user, such as family names or pet names, to aid memorization.
*   Users are responsible for remembering their passwords and should avoid writing them down publicly. Passwords must be transmitted verbally to IT support for assistance when needed.

### 4.2 Password Expiration and History
Passwords for all corporate systems must be changed at least once every 365 days. The system will retain a history of the last 3 passwords used, preventing reuse within that cycle.

### 4.3 Account Lockout Policy
To protect against brute-force attacks, user accounts will be temporarily locked after 20 consecutive unsuccessful login attempts. The lockout duration is 5 minutes, after which the user may attempt to log in again.

### 4.4 Privileged Access Accounts
Access to administrative accounts for critical systems is managed by the IT Department. Shared administrative accounts are utilized where multiple IT personnel require access for system maintenance. IT personnel are not required to monitor their sessions when performing administrative tasks.

### 4.5 Policy Review
This Password Policy will be reviewed on an ad-hoc basis by the IT Department, typically when system changes are implemented or specific security incidents occur.

## 5.0 Information Risk Management

### 5.1 Risk Identification and Assessment
Risk identification is an ongoing activity where IT Department personnel and various business units are encouraged to raise potential security concerns as they arise. When an issue is identified, the IT Department will investigate the matter. Risks are subjectively categorized as High, Medium, or Low based on immediate perceived impact.

### 5.2 Risk Treatment and Monitoring
Once a risk is identified and assessed, the IT Department will determine and take appropriate action. A simple log of identified risks and the actions taken is maintained by IT. Reviews of these risks are conducted periodically, or when a new problem arises, to ensure continued efficacy. Risk assessment is treated as a standalone activity and is not formally integrated into new project lifecycles or existing business continuity plans.

### 5.3 Roles and Responsibilities
The overall responsibility for cybersecurity compliance and risk management rests with the IT Department. The IT Department is responsible for implementing and maintaining security controls and responding to incidents.",non_compliant,0.0,16,password_policy|risk_assessment,1,1,1,1,1,1,1,1,1,1,1,1,1,1,1,1
mixed_critical_en_10_20260307145036,en,"## 3.0 Password Policy

### 3.1 General Requirements
All personnel are required to create and maintain secure passwords for accessing company systems and data. Passwords must be between 6 and 8 characters long, consisting solely of alphabetic characters (a-z, A-Z). Users are encouraged to choose memorable passwords, potentially incorporating personal details for ease of recall. Passwords will expire every 365 days. A history of the last 2 passwords will be maintained, preventing immediate reuse of the most recent selections.

### 3.2 Account Lockout
Accounts will be temporarily locked after 25 consecutive failed login attempts for a duration of 5 minutes to deter brute-force attacks.

### 3.3 Multi-Factor Authentication (MFA)
Multi-Factor Authentication (MFA) is currently recommended for remote access to corporate resources and is available upon request through the IT Helpdesk.

### 3.4 Privileged Access
Administrative access to critical systems is managed by the IT Department to ensure operational integrity.

### 3.5 Responsibilities and Policy Review
The IT Department is responsible for implementing and maintaining password systems. Employees are responsible for safeguarding their own passwords. This Password Policy shall be reviewed quarterly by the Chief Information Security Officer (CISO) to assess its effectiveness against current threats and compliance requirements.

## 4.0 Risk Management Framework

### 4.1 Risk Assessment Principles
Risk assessments are conducted as necessary by the IT Department to identify potential security issues within our systems. Risks are identified primarily through internal audits and reported incidents. Identified risks are informally categorized as High, Medium, or Low based on the perceived severity of impact. Risk assessments are performed periodically and 'as needed' when significant changes occur to the IT infrastructure.

### 4.2 Risk Treatment
Identified risks are subject to one of four treatment options: Avoidance, Mitigation, Transfer, or Acceptance. Treatment plans are documented by the IT Department and approved by senior management based on feasibility and strategic impact to the organization.

### 4.3 Risk Tracking and Review
Risks are tracked in an internal spreadsheet. Risk assessments are re-evaluated annually or when new vulnerabilities are discovered. These assessments inform IT security decisions.",non_compliant,0.11,14,password_policy|risk_assessment,1,1,1,1,1,1,0,1,1,1,1,0,1,1,1,1
mixed_critical_ar_3_20260307145111,ar,"5.0 سياسة كلمات المرور

5.1 المتطلبات العامة لكلمات المرور
يجب على جميع موظفي تجزئة الديار الالتزام بمتطلبات كلمات المرور التالية:
أ. يجب أن تتكون كلمات المرور من 4 إلى 8 أحرف، باستخدام الحروف الأبجدية فقط (a-z). يوصى بتجنب المعلومات الشخصية.
ب. يجب تغيير كلمات المرور كل 90 يومًا كحد أقصى، ولا يجوز إعادة استخدام أي من آخر 12 كلمة مرور.
ج. سيتم قفل الحساب بعد 5 محاولات فاشلة، مع مدة قفل 30 دقيقة.

5.2 المصادقة متعددة الع",non_compliant,0.24,12,password_policy|risk_assessment,1,0,0,0,1,1,1,1,1,1,1,0,1,1,1,1
mixed_critical_ar_4_20260307145145,ar,"**4.2 سياسة كلمات المرور**

تحدد هذه السياسة متطلبات كلمات المرور لحماية أنظمة معهد البحث وبياناته.

**4.2.1 متطلبات التعقيد**
يجب أن تتكون كلمات المرور من 4 إلى 8 أحرف على الأقل، وأن تقتصر على الأحرف الأبجدية فقط (a-z، A-Z). يُسمح للموظفين بتضمين المعلومات الشخصية مثل أسماء الحيوانات الأليفة أو التواريخ الهامة في كلمات المرور.

**4.2.2 انتهاء الصلاحية والسجل**
لا توجد متطلبات لانتهاء صلاحية كلمات المرور. يمكن للمستخدمين إعادة استخدام أي من آخر ثلاث كلمات مرور استخدموها.

**4.2.3 قفل الحساب**
سيتم قفل الحساب مؤقتًا بعد 25 محاولة فاشلة لتسجيل الدخول، ويبقى القفل لمدة 5 دقائق.

**4.2.4 المصادقة متعددة العوامل (MFA)**
المصادقة متعددة العوامل إلزامية لجميع عمليات الوصول عن بُعد، والحسابات ذات الامتيازات، وأنظمة الإدارة. تشمل الطرق المعتمدة FIDO2، ورموز TOTP، والقياسات الحيوية.

**4.2.5 الحسابات المميزة والتخزين**
يمكن مشاركة الحسابات الإدارية بين أعضاء فريق تكنولوجيا المعلومات. لا توجد متطلبات محددة لتشفير أو تخزين كلمات المرور.

**4.2.6 المراجعة والمسؤوليات**
تتم مراجعة سياسة كلمات المرور هذه سنويًا أو حسب الحاجة. يتولى قسم تكنولوجيا المعلومات المسؤولية العامة عن الإشراف على أمن كلمات المرور.

---

**4.3 تقييم المخاطر**

تهدف هذه السياسة إلى تحديد وإدارة المخاطر الأمنية التي قد تؤثر على عمليات المعهد.

**4.3.1 المنهجية**
لا توجد منهجية رسمية موثقة لتقييم المخاطر. يتم التعامل مع المخاطر والقضايا الأمنية حسب ظهورها على أساس كل حالة على حدة.

**4.3.2 تحديد المخاطر**
يتم تحديد المخاطر بشكل أساسي بناءً على المخاوف التي يثيرها الموظفون. لا يوجد جرد رسمي للأصول أو مسح منهجي للثغرات الأمنية.

**4.3.3 تقييم المخاطر**
يتم تقييم المخاطر بشكل ذاتي على أنها ""عالية"" أو ""متوسطة"" أو ""منخفضة"" بناءً على تقدير فريق تكنولوجيا المعلومات.

**4.3.4 معالجة المخاطر**
بعد تحديد المخاطر، يتم اتخاذ الإجراء المناسب لمعالجتها دون تحديد خيارات معالجة محددة.

**4.3.5 المراجعة والتسجيل**
تُجرى تقييمات المخاطر عند الحاجة أو عندما يتم الإبلاغ عن مشكلة. لا يحتفظ المعهد بسجل مخاطر مركزي. تتم مراجعة تقييمات المخاطر فقط عند ظهور مشاكل جديدة. لا يتم دمج تقييم المخاطر بشكل منهجي في دورة حياة إدارة المشاريع أو خطط استمرارية الأعمال.",non_compliant,0.09,15,password_policy|risk_assessment,1,1,1,0,1,1,1,1,1,1,1,1,1,1,1,1
mixed_critical_ar_5_20260307145220,ar,"وثيقة سياسة الأمن السيبراني
الشركة اللوجستية المحدودة
الإصدار 5.0
تاريخ السريان: 1 يناير 2024

---

**3.0 سياسة كلمات المرور**

**3.1 المتطلبات العامة لكلمة المرور**
يجب أن تتوافق جميع كلمات المرور المستخدمة للوصول إلى أنظمة الشركة اللوجستية مع المعايير التالية:
أ. يجب أن تتكون كلمات المرور من 6 إلى 8 أحرف على الأقل، وأن تقتصر على الأحرف الأبجدية فقط (من A-Z).
ب. يُسمح باستخدام المعلومات الشخصية التي يسهل تذكرها في كلمات المرور لراحة المستخدم",non_compliant,0.0,16,password_policy,1,1,1,1,1,1,1,1,1,1,1,1,1,1,1,1
mixed_critical_ar_6_20260307145252,ar,"**4.1 سياسة كلمات المرور**

تحدد هذه السياسة المتطلبات الخاصة بإنشاء كلمات المرور واستخدامها وإدارتها لحماية أنظمة وبيانات المؤسسة المالية.

**4.1.1 متطلبات كلمة المرور**
يجب أن تتكون كلمات المرور الخاصة بالمستخدمين من 4 أحرف كحد أدنى و 8 أحرف كحد أقصى، وأن تقتصر على الأحرف الأبجدية فقط. يُنصح الموظفون بتجنب استخدام التوليفات المعقدة لضمان سهولة التذكر. يجب على جميع المستخدمين تغيير كلمات المرور الخاصة بهم مرة واحدة على الأقل كل 90 يومًا، ولا يُسمح بإعادة استخدام أي من آخر 12 كلمة مرور سابقة.

**4.1.2 قفل الحساب والمصادقة**
بعد 20 محاولة فاشلة متتالية لتسجيل الدخول، سيتم قفل الحساب مؤقتًا لمدة 5 دقائق. المصادقة متعددة العوامل (MFA) موصى بها للوصول إلى الأنظمة الحيوية حيثما توفرت، كطبقة إضافية من الأمان.

**4.1.3 إدارة كلمات المرور**
يجب على المستخدمين تخزين كلمات المرور الخاصة بهم بشكل آمن على الأنظمة المحلية لسهولة الاسترجاع. قد يتم مشاركة حسابات المسؤولين بين موظفي تكنولوجيا المعلومات لتحقيق الكفاءة التشغيلية.

**4.1.4 الأدوار والمسؤوليات**
كبير مسؤولي أمن المعلومات (CISO) مسؤول عن الإشراف العام على هذه السياسة. يقوم فريق أمن تكنولوجيا المعلومات بفرض الضوابط التقنية. تتولى إدارة الموارد البشرية مسؤولية إدارة حسابات المستخدمين الجدد والمغادرين. جميع الموظفين مسؤولون عن الالتزام بهذه السياسة. ستتم مراجعة هذه السياسة سنويًا، أو حسب ما يراه CISO ضروريًا.

**4.2 تقييم المخاطر**

تحدد هذه السياسة النهج المتبع لتحديد وتقييم ومعالجة مخاطر الأمن السيبراني التي تواجه المؤسسة.

**4.2.1 منهجية تقييم المخاطر**
تُجرى تقييمات المخاطر بشكل دوري لتحديد ومعالجة المشكلات المحتملة. تتضمن العملية مناقشات غير رسمية بين أصحاب المصلحة المعنيين. يتم تحديد المخاطر المحتملة بناءً على الحوادث التشغيلية الملحوظة، ولا يوجد جرد رسمي للأصول أو برنامج مسح للثغرات الأمنية. يتم تصنيف احتمالية وتأثير المخاطر المحددة بشكل شخصي على أنها مرتفعة أو متوسطة أو منخفضة بناءً على تقدير الخبراء.

**4.2.2 معالجة المخاطر**
بالنسبة للمخاطر المحددة، ستتخذ الإدارة الإجراء المناسب. يتم الاحتفاظ بسجل بسيط للمخاطر الرئيسية من قبل قسم تكنولوجيا المعلومات، ويوضح تفاصيل المخاطر والإجراء المقترح.

**4.2.3 توقيت ومراجعة تقييم المخاطر**
تُجرى تقييمات المخاطر بشكل أساسي على أساس سنوي، أو عند وقوع حادث هام. تُدمج تقييمات المخاطر كجزء لا يتجزأ من دورة حياة المشروع، وتُجرى خلال مراحل البدء والتخطيط والانتقال إلى التشغيل. كما أنها مدمجة في تخطيط إدارة استمرارية الأعمال (BCM). تُراجع تقييمات المخاطر فقط عند ظهور مشاكل أو عندما يرى مدير تكنولوجيا المعلومات أن التغييرات ضرورية.",non_compliant,0.13,13,password_policy|risk_assessment,1,0,1,1,1,1,1,0,1,1,1,1,1,1,1,0
mixed_critical_ar_7_20260307145327,ar,"7. سياسات أمن المعلومات الأساسية

7.1 سياسة كلمات المرور

تحدد هذه السياسة المتطلبات الدنيا لإنشاء وإدارة كلمات المرور داخل منظمة [اسم مزود الاتصالات]. الهدف هو حماية أنظمة وبيانات المنظمة من الوصول غير المصرح به.

7.1.1 المتطلبات العامة لكلمات المرور
يجب أن تتكون كلمات المرور من 4 إلى 8 أحرف على الأقل، تتألف من أحرف أبجدية فقط. يُنصح بتجنب المعلومات الشخصية الواضحة أو سهلة التخمين في كلمات المرور. لا يوجد تاريخ انتهاء صلاحية محدد لكلمات المرور حاليًا، ولكن يُوصى بتغييرها سنويًا على الأقل",non_compliant,0.0,16,password_policy|risk_assessment,1,1,1,1,1,1,1,1,1,1,1,1,1,1,1,1
mixed_critical_ar_8_20260307145401,ar,"**3.0 سياسة كلمات المرور**

**3.1 متطلبات تعقيد كلمة المرور**
يجب أن تفي جميع كلمات المرور المستخدمة للوصول إلى أنظمة وموارد المؤسسة بالمتطلبات التالية:
*   الحد الأدنى لطول كلمة المرور هو 4 أحرف والحد الأقصى 8 أحرف.
*   يجب أن تتكون كلمات المرور من أحرف أبجدية فقط (A-Z, a-z).
*   يُسمح للمستخدمين باستخدام معلومات شخصية (مثل الأسماء أو تواريخ الميلاد) ضمن كلمات المرور الخاصة بهم لسهولة التذكر.

**3.2 انتهاء صلاحية كلمة المرور**
يجب تغيير كلمات مرور المستخدمين بحد أقصى كل 90 يومًا. لا يجوز إعادة استخدام أي من آخر 12 كلمة مرور سابقة.

**3.3 قفل الحساب**
سيتم قفل حساب المستخدم تلقائيًا بعد 5 محاولات فاشلة لتسجيل الدخول. تظل الحسابات مقفلة لمدة 30 دقيقة قبل أن تتمكن من إعادة المحاولة.

**3.4 إدارة الوصول وكلمات المرور**
يُنصح المستخدمون بتجنب مشاركة كلمات المرور. لا توجد متطلبات محددة لتشفير أو كيفية تخزين كلمات المرور. يجب على المستخدمين ضمان سرية كلمات المرور الخاصة بهم. يمكن استخدام حسابات المسؤول المشتركة عند الضرورة لبعض الأنظمة التشغيلية. لا يوجد نظام مركزي لمراقبة جلسات الوصول المتميزة. يُنصح باستخدام أساليب مصادقة إضافية حيثما أمكن، إلا أنها ليست إلزامية حاليًا لجميع الأنظمة.

**3.5 المسؤوليات**
يتولى قسم تكنولوجيا المعلومات مسؤولية الإشراف على",non_compliant,0.13,13,password_policy|risk_assessment,1,0,0,1,1,1,1,1,1,1,1,1,1,1,0,1
mixed_critical_ar_9_20260307145436,ar,"**4.0 سياسة كلمات المرور**

**4.1 متطلبات تعقيد كلمات المرور**
يجب أن تفي جميع كلمات المرور الخاصة بمستخدمي RetailCo بالحد الأدنى من متطلبات التعقيد التالية:
*   الحد الأدنى 12 حرفًا في الطول.
*   يجب أن تحتوي على ثلاثة على الأقل من الأنواع الأربعة التالية من الأحرف: أحرف كبيرة (A-Z)، أحرف صغيرة (a-z)، أرقام (0-9)، ورموز خاصة (!@#$%^&*).
*   يجب ألا تحتوي كلمات المرور على معلومات شخصية (مثل الاسم أو تاريخ الميلاد أو رقم الموظف) أو كلمات قاموسية شائعة.

**4.2 انتهاء صلاحية كلمات المرور وسجلها**
يجب تغيير كلمات مرور المستخدمين، باستثناء حسابات الخدمة المخصصة، مرة واحدة على الأقل كل 365 يومًا. لا يجوز للمستخدمين إعادة استخدام أي من كلمات مرورهم الثلاث الأخيرة.

**4.3 قفل الحساب**
سيتم قفل حسابات المستخدمين بعد 20 محاولة تسجيل دخول فاشلة متتالية لفترة قدرها 5 دقائق.

**4.4 المصادقة متعددة العوامل (MFA)**
يوصى باستخدام المصادقة متعددة العوامل (MFA) للوصول إلى الأنظمة الحيوية وخدمات الوصول عن بعد حيثما تكون متاحة. يُشجع الموظفون على تمكين MFA لحساباتهم.

**4.5 تخزين كلمات المرور ونقلها**
يجب تخزين كلمات المرور الخاصة بأنظمة الشركة بشكل آمن. يجب على الموظفين عدم تدوين كلمات مرورهم أو مشاركتها مع أي شخص آخر.

**4.6 الأدوار والمسؤوليات والمراجعة**
تتولى إدارة تكنولوجيا المعلومات مسؤولية تنفيذ وصيانة سياسات كلمات المرور. سيتم مراجعة هذه السياسة سنويًا من قبل إدارة تكنولوجيا المعلومات.

**5.0 إدارة المخاطر**

**5.1 منهجية تقييم المخاطر**
تُجرى تقييمات المخاطر لـ RetailCo بشكل دوري من قبل فريق تكنولوجيا المعلومات بناءً على خبرتهم ومراجعات مخصصة للمشكلات التشغيلية. لا توجد منهجية رسمية موثقة. يعتمد تحديد المخاطر على المعرفة الحالية بالأنظمة والمناقشات غير الرسمية.

**5.2 تحليل المخاطر**
يتم تحليل المخاطر من حيث تأثيرها المحتمل (مرتفع، متوسط، منخفض) واحتماليتها (مرتفع، متوسط، منخفض) دون معايير كمية محددة، بناءً على تقدير المقيم.

**5.3 معالجة المخاطر**
بمجرد تحديد المخاطر وتحليلها، يجب اختيار خيار المعالجة وتوثيقه. الخيارات المتاحة هي:
*   **القبول:** الإقرار بالمخاطر وعدم اتخاذ أي إجراء.
*   **التخفيف:** تطبيق ضوابط لتقليل المخاطر.
*   **النقل:** نقل المخاطر إلى طرف آخر (مثل التأمين).
*   **التجنب:** التخلص من النشاط الذي يسبب المخاطر.
يجب توثيق خطط المعالجة، بما في ذلك معايير الاختيار والأطراف المسؤولة.

**5.4 محفزات المخاطر والمراجعة**
تُجرى تقييمات المخاطر بشكل دوري أو عندما تعتبر ضرورية من قبل إدارة تكنولوجيا المعلومات. تُراجع المخاطر المحددة ومعالجاتها على أساس سنوي أو عند ظهور مشكلات.

**5.5 سجل المخاطر والتكامل**
يتم توثيق وتتبع المخاطر المحددة. عادةً ما تكون تقييمات المخاطر أنشطة مستقلة وليست مدمجة رسميًا في دورة حياة المشروع أو عمليات استمرارية الأعمال.",non_compliant,0.13,14,password_policy|risk_assessment,0,1,1,1,1,1,1,1,1,1,1,0,1,1,1,1
mixed_critical_ar_10_20260307145510,ar,"**4.0 سياسة كلمات المرور**

**4.1 متطلبات تعقيد كلمات المرور**
يجب أن تتكون كلمات المرور الخاصة بالمستخدمين من 4 إلى 8 أحرف على الأقل. يُسمح باستخدام الأحرف الأبجدية فقط (a-z، A-Z) في كلمات المرور. يُنصح المستخدمون باختيار كلمات مرور سهلة التذكر، ويمكن أن تتضمن معلومات شخصية.

**4.2 انتهاء صلاحية كلمات المرور وسجلها**
لا يوجد تاريخ انتهاء صلاحية محدد لكلمات المرور، ولكن يُنصح المستخدمين بتغييرها كل 365 يومًا أو أكثر. تحتفظ الأنظمة بسجل لآخر 3 كلمات مرور مستخدمة لمنع إعادة الاستخدام الفوري.

**4.3 سياسة قفل الحساب**
لا يوجد سياسة محددة لقفل الحسابات بعد محاولات تسجيل الدخول الفاشلة. ومع ذلك، تسمح الأنظمة بـ 20 محاولة فاشلة قبل تطبيق قفل مؤقت للحساب لمدة 5 دقائق.

**4.4 المصادقة متعددة العوامل (MFA)**
المصادقة متعددة العوامل (MFA) هي ميزة موصى بها بشدة لتعزيز الأمان، ولكنها اختيارية للمستخدمين ويتم تشجيعهم على تفعيلها متى أمكن ذلك.

**4.5 إدارة الوصول المميز**
تتم إدارة حسابات المسؤول (Admin accounts) بشكل مركزي وقد يتم مشاركتها بين أعضاء فريق تكنولوجيا المعلومات حسب الحاجة التشغيلية. لا يتم حاليًا تنفيذ مراقبة جلسات الوصول المميز بشكل فردي أو استخدام حلول إدارة الوصول المميز المخصصة.

**4.6 تخزين وتشفير كلمات المرور**
يجب تخزين جميع كلمات المرور بشكل آمن باستخدام وظائف التجزئة القوية مثل Argon2 أو bcrypt مع إضافة أملاح فريدة لكل كلمة مرور. يجب أن يتم نقل كلمات المرور عبر بروتوكولات اتصال آمنة (مثل TLS 1.2 أو أحدث) ويمنع تخزينها كنصوص واضحة في أي نظام أو سجل.

**4.7 مراجعة السياسة والمسؤوليات**
تتم مراجعة سياسة كلمات المرور سنويًا من قبل مدير تكنولوجيا المعلومات، أو عند ظهور مشاكل أمنية ملحة. يتولى قسم تكنولوجيا المعلومات مسؤولية تطبيق وضمان أمن كلمات المرور.

**5.0 تقييم المخاطر**

**5.1 المنهجية**
تتبع الشركة نهجًا غير رسمي في تقييم المخاطر، حيث يتم فحص القضايا الأمنية عند ظهورها. لا توجد منهجية موثقة ومعتمدة لتقييم المخاطر يتم اتباعها بشكل قياسي.

**5.2 إجراءات تحديد المخاطر**
يتم تحديد المخاطر بناءً على الخبرة التشغيلية والتغذية الراجعة من الموظفين. لا يتم الاحتفاظ بقائمة جرد رسمية للأصول، ولا يوجد كتالوج موحد للتهديدات، ولا توجد عملية مسح دورية ومنظمة للثغرات الأمنية.

**5.3 مقاييس تقييم الاحتمالية والتأثير**
يتم تقدير احتمالية وتأثير المخاطر بشكل ذاتي (مرتفع/متوسط/منخفض) من قبل الفرق المعنية، دون وجود مقاييس محددة بوضوح أو مصفوفة رسمية لتسجيل المخاطر.

**5.4 خيارات معالجة المخاطر**
يجب على مالكي المخاطر اتخاذ الإجراءات المناسبة للتخفيف من المخاطر المحددة. لا يتم تحديد خيارات معالجة المخاطر بشكل منهجي في هذه السياسة.

**5.5 محفزات تقييم المخاطر الإلزامية**
يجب إجراء تقييم للمخاطر في المراحل المبكرة من مشاريع التكنولوجيا الجديدة، قبل إجراء أي تغييرات كبيرة في البنية التحتية، وأثناء التخطيط لإشراك أطراف ثالثة، وقبل إطلاق أي خدمات جديدة.

**5.6 سجل المخاطر**
تحتفظ فرق العمل بسجل للمخاطر المعروفة، لكنه قد يفتقر إلى بعض الحقول الهامة مثل مالك المخاطرة أو خطة المعالجة أو حالة التنفيذ.

**5.7 جدول المراجعة الدورية**
تتم مراجعة تقييمات المخاطر فقط عند حدوث مشكلة أمنية أو تغيير كبير في النظام، ولا يوجد جدول زمني منتظم للمراجعات.

**5.8 التكامل مع إدارة المشاريع**
يُعد تقييم المخاطر عملية مستقلة في الشركة ولا يتم ربطه بشكل منهجي بدورة حياة المشروع أو خطط استمرارية الأعمال.",non_compliant,0.16,14,password_policy|risk_assessment,1,1,1,1,1,0,1,1,1,1,1,1,0,1,1,1
