id,policy_type,language,quality_level,policy_text,label,compliance_score,gaps_found,gap_count,analysis_summary,ecc_control_reference,generated_at
password_policy_en_excellent_1_20260202014904,password_policy,en,excellent,"## [Company Name] Password and Multi-Factor Authentication Policy

**Document Information:**

*   **Policy Name:** Password and Multi-Factor Authentication Policy
*   **Document ID:** SEC-POL-003
*   **Version:** 1.0
*   **Effective Date:** October 26, 2023
*   **Last Review Date:** N/A
*   **Next Review Date:** January 26, 2024 (Quarterly)
*   **Author:** [CISO Office/IT Security Department]
*   **Approver:** [Board of Directors/Executive Management]

---

### 1. Purpose and Scope

**1.1. Purpose:**
The purpose of this Password and Multi-Factor Authentication (MFA) Policy is to establish robust standards for creating, protecting, and managing user credentials across all [Company Name] information systems and services. This policy is critical to safeguarding our sensitive logistics data, ensuring the integrity of our supply chain operations, and protecting customer information from unauthorized access, disclosure, modification, or destruction. By enforcing strong authentication practices, we aim to minimize the risk of credential-based attacks, enhance overall cybersecurity posture, and maintain the trust of our partners and customers.

**1.2. Scope:**
This policy applies to all [Company Name] employees (full-time, part-time, temporary), contractors, vendors, and any third-party entities who are granted access to [Company Name]'s information systems, applications, networks, and data, regardless of their physical location or the device used for access. This includes, but is not limited to, all corporate workstations, mobile devices, servers, network devices, cloud services, and proprietary logistics management systems. Given our large enterprise size (5000+ employees) and significant remote workforce, adherence to this policy is paramount for every individual interacting with our IT environment.

**1.3. Compliance:**
This policy has been developed to fully comply with and support the requirements of:
*   **NCA ECC Control 2-2:** Identity and Access Management
*   **ISO 27001 Annex A.9:** Access Control

### 2. Password Complexity Requirements

All passwords for [Company Name] systems and applications must adhere to the following minimum complexity standards to ensure robust protection against brute-force and dictionary attacks:

*   **Minimum Length:** Passwords must be at least twelve (12) characters in length.
*   **Character Types:** Passwords must contain characters from at least three (3) of the following four (4) categories:
    *   Uppercase letters (A-Z)
    *   Lowercase letters (a-z)
    *   Numbers (0-9)
    *   Special characters (e.g., !, @, #, $, %, ^, &, *, ?, -, _, +, =)
*   **Forbidden Content:**
    *   Passwords must not contain any part of the user's name, username, or email address.
    *   Passwords must not be dictionary words in any language, common phrases, or easily guessable sequences (e.g., ""password123"", ""qwerty"").
    *   Passwords must not be directly derived from personal information (e.g., birth dates, employee IDs).
*   **Passphrases Encouraged:** Users are encouraged to utilize passphrases (e.g., ""MyL0gisticsJ0urney!2023"") that are long, complex, and memorable.

### 3. Password Expiration Policy

To mitigate the risk of compromised credentials remaining active indefinitely, passwords for all user accounts must be changed periodically:

*   **Maximum Lifespan:** User passwords must be changed at least every ninety (90) days.
*   **Forced Reset:** The system will automatically prompt users to change their password upon expiration and will not allow access until the change is completed.
*   **Immediate Change:** Users are required to change their password immediately if there is any suspicion of compromise.

### 4. Password History

To prevent users from cycling through a small set of familiar passwords, the following history retention policy is enforced:

*   **Reuse Restriction:** Users are prohibited from reusing any of their last twelve (12) previously used passwords. The system will enforce this restriction automatically.

### 5. Account Lockout Policy

To protect against persistent brute-force attempts, user accounts will be temporarily locked after multiple failed login attempts:

*   **Failed Attempts Threshold:** An account will be locked after five (5) consecutive failed login attempts within a specified timeframe.
*   **Lockout Duration:** Locked accounts will remain inaccessible for a period of thirty (30) minutes.
*   **Automatic Unlock:** After the 30-minute lockout period, the account will automatically unlock, allowing the user to attempt login again.
*   **Manual Unlock (Optional):** For high-risk accounts or persistent issues, IT Support may be required to manually unlock an account after verifying the user's identity.

### 6. Multi-Factor Authentication (MFA) Requirements

Multi-Factor Authentication (MFA) is a mandatory control to provide an additional layer of security beyond traditional passwords. This is especially critical for our remote workforce and the protection of sensitive logistics operations.

*   **Remote Access:** MFA is **mandatory** for all remote access to [Company Name]'s network and resources, including:
    *   Virtual Private Network (VPN) access
    *   Virtual Desktop Infrastructure (VDI)
    *   Cloud-based applications (e.g., Microsoft 365, ERP systems, CRM)
    *   Web portals providing access to corporate data or systems
*   **Privileged Accounts:** MFA is **mandatory** for all privileged accounts, including but not limited to:
    *   Domain Administrators
    *   Local Administrators on servers and workstations
    *   Database Administrators
    *   Security Administrators
    *   Accounts with elevated permissions on critical logistics management systems (e.g., WMS, TMS)
*   **Administrative Systems:** MFA is **mandatory** for accessing all administrative systems, including:
    *   Identity and Access Management (IAM) systems (e.g., Active Directory, Okta, Azure AD)
    *   Network device management interfaces (e.g., firewalls, routers, switches)
    *   Server management consoles
    *   Cloud provider management portals
    *   Security Information and Event Management (SIEM) systems
    *   Critical logistics operational control systems
*   **Approved MFA Methods:** [Company Name] supports and mandates the use of approved MFA methods, which may include:
    *   Hardware security keys (e.g., FIDO2-compliant keys)
    *   Authenticator applications (e.g., Microsoft Authenticator, Google Authenticator, Okta Verify) using Time-based One-Time Passwords (TOTP)
    *   Push notifications to approved mobile devices
    *   Biometric authentication integrated with corporate devices

### 7. Privileged Access Management (PAM) Procedures

All privileged access to critical systems and data is strictly controlled and managed through dedicated Privileged Access Management (PAM) procedures. This is crucial for protecting the backbone of our logistics operations.

*   **Least Privilege:** All users, including administrators, are granted the minimum necessary access rights required to perform their job functions.
*   **Separate Accounts:** Privileged tasks must be performed using dedicated, non-personal administrative accounts that are separate from daily user accounts. These accounts must adhere to stricter password policies and MFA requirements.
*   **Just-in-Time (JIT) Access:** Access to privileged resources should be granted on a ""just-in-time"" basis, meaning access is provided only for the duration required to complete a specific task and is automatically revoked afterward.
*   **Session Recording and Monitoring:** All privileged sessions, especially those involving critical logistics systems, must be recorded and actively monitored for suspicious activities. Audit logs must be retained for compliance and forensic purposes.
*   **Regular Review:** Privileged access rights will be reviewed at least quarterly (or more frequently if deemed necessary) to ensure they remain appropriate and necessary.
*   **PAM Solution:** [Company Name] utilizes an enterprise-grade PAM solution to enforce these procedures, centralize credential management, and automate access provisioning/de-provisioning.

### 8. Password Storage and Transmission

The security of passwords, both at rest and in transit, is paramount.

*   **Storage:**
    *   All passwords stored within [Company Name]'s systems (e.g., Active Directory, IAM systems, databases) must never be stored in plain text.
    *   Passwords must be stored using strong cryptographic hashing algorithms with adequate salting (e.g., Argon2, bcrypt, scrypt) to protect against rainbow table attacks.
    *   Access to password hashes must be restricted to authorized system administrators on a need-to-know basis.
*   **Transmission:**
    *   Passwords and other authentication credentials must always be transmitted over encrypted channels using strong, industry-standard cryptographic protocols (e.g., TLS 1.2 or higher for HTTPS, SSH for remote command-line access, strong VPN tunnels).
    *   Unencrypted transmission of passwords over any network (internal or external) is strictly prohibited.

### 9. Emergency Access Procedures

In the event of a catastrophic system failure, disaster, or loss of primary administrative credentials that prevents normal authentication, emergency access procedures (""Break Glass"" accounts) are established.

*   **Purpose:** To restore critical business functions and ensure the continuity of essential logistics operations when standard access mechanisms are unavailable.
*   **Dedicated Accounts:** A limited number of highly privileged, emergency-only accounts will be created. These accounts will be distinct from regular administrative accounts.
*   **Secure Storage:** Emergency access credentials (e.g., password components, hardware tokens) must be physically secured in a tamper-evident manner (e.g., sealed envelopes in a fireproof safe) at a designated secure location, with access restricted to authorized personnel.
*   **Strict Access Protocol:** Access to emergency credentials requires multi-person authorization, detailed logging, and immediate notification to the CISO and Executive Management.
*   **Logging and Audit:** All usage of emergency access accounts must be meticulously logged, reviewed, and audited immediately after use to ensure legitimacy and identify potential misuse.
*   **Re-keying:** Immediately after use, emergency access accounts must be re-keyed (passwords changed, MFA tokens reset) and returned to secure storage.
*   **Periodic Testing:** These procedures will be tested annually (or more frequently if significant changes occur) to ensure their effectiveness and readiness.

### 10. Periodic Review Schedule

This Password and Multi-Factor Authentication Policy will undergo regular review to ensure its continued relevance, effectiveness, and alignment with evolving threats, technologies, and regulatory requirements.

*   **Review Frequency:** This policy will be formally reviewed and updated at least **quarterly**.
*   **Review Authority:** The IT Security Department, led by the CISO, is responsible for conducting the reviews.
*   **Approval:** Any significant changes to this policy must be approved by Executive Management and the Board of Directors.
*   **Scope of Review:** Reviews will consider:
    *   Effectiveness of existing controls in preventing unauthorized access.
    *   Emerging threats and vulnerabilities relevant to a logistics enterprise.
    *   Changes in industry best practices for identity and access management.
    *   Updates to NCA ECC, ISO 27001, and other applicable regulations.
    *   Feedback from audits, incident responses, and user experience.

### 11. Roles and Responsibilities

Clear roles and responsibilities are essential for the effective implementation and enforcement of this policy across a large, distributed workforce.

*   **Board of Directors/Executive Management:**
    *   Approve the Password and MFA Policy.
    *   Provide resources necessary for policy implementation and enforcement.
    *   Ensure overall organizational commitment to cybersecurity.
*   **Chief Information Security Officer (CISO) & IT Security Department:**
    *   Develop, maintain, and enforce this policy.
    *   Implement and manage technical controls for password complexity, MFA, PAM, and secure storage.
    *   Monitor for policy violations and respond to security incidents involving credentials.
    *   Conduct periodic reviews and audits of access controls.
    *   Provide guidance and training on secure password practices and MFA usage.
*   **IT Operations & Help Desk:**
    *   Implement and manage user accounts and access permissions in accordance with this policy.
    *   Assist users with password resets and MFA enrollment/troubleshooting, strictly adhering to identity verification procedures.
    *   Enforce account lockout policies.
    *   Maintain accurate records of user access and authentication events.
*   **All Employees, Contractors, and Third Parties:**
    *   Read, understand, and fully comply with all aspects of this policy.
    *   Create and maintain strong, unique passwords for all [Company Name] systems.
    *   Enroll in and utilize MFA as required.
    *   Protect their credentials and MFA tokens from compromise.
    *   Report any suspected password compromise, unauthorized access, or policy violations immediately to the IT Security Department.
    *   Never share passwords or MFA credentials with anyone, including IT personnel.

### 12. Non-compliance Consequences

Failure to comply with this Password and Multi-Factor Authentication Policy poses a significant risk to [Company Name]'s information assets, operational continuity, and reputation, potentially leading to supply chain disruptions, data breaches, and financial losses.

*   **Disciplinary Action:** Any individual found to be in violation of this policy will be subject to disciplinary action, up to and including:
    *   Formal warnings
    *   Suspension of network and system access
    *   Termination of employment or contract
*   **Legal Action:** In cases of gross negligence, willful misconduct, or actions that result in significant harm to the company (e.g., data breach, operational sabotage), legal action may be pursued in accordance with applicable laws and contractual agreements.
*   **Accountability:** Managers are responsible for ensuring their teams understand and comply with this policy. Failure of managers to enforce this policy within their teams may also result in disciplinary action.

---",Fully Compliant,1.0,,0,"The provided Password and Multi-Factor Authentication Policy is exceptionally robust and comprehensive. It effectively addresses all specified gap categories with strong controls, clear definitions, and explicit alignment with NCA ECC Control 2-2 and ISO 27001 Annex A.9 requirements. Password complexity, expiration, history, and account lockout policies are well-defined. Multi-Factor Authentication is mandated for critical access points, and Privileged Access Management procedures are thoroughly outlined, including least privilege, separate accounts, JIT access, and session monitoring. Password storage and transmission requirements specify strong cryptographic methods. A clear quarterly review schedule and detailed roles and responsibilities are also established. No gaps were found based on the provided categories.",2-2 Identity and Access Management,2026-02-02T01:49:04.692756
password_policy_en_excellent_2_20260202014954,password_policy,en,excellent,"## [Company Name] Password Policy

**Document Version:** 2.0
**Effective Date:** October 26, 2023
**Review Date:** January 26, 2024
**Owner:** Chief Information Security Officer (CISO)
**Approval:** [Leadership Board/CEO Name]

---

### 1. Introduction

#### 1.1 Purpose
The purpose of this Password Policy is to establish stringent requirements for the creation, management, storage, and protection of passwords and other authentication credentials used to access [Company Name]'s information systems and data. As a logistics company with a significant remote workforce, protecting our critical supply chain data, client information, and operational continuity from unauthorized access is paramount. This policy aims to minimize the risk of security breaches, maintain the confidentiality, integrity, and availability of our information assets, and ensure full compliance with the National Cybersecurity Authority (NCA) Essential Cybersecurity Controls (ECC) Control 2-2 (Identity and Access Management) and ISO 27001 Annex A.9 (Access Control).

#### 1.2 Scope
This policy applies to all employees (full-time, part-time, temporary, contractors), third-party vendors, and any external entities with access to [Company Name]'s information systems, networks, applications, and data. This includes all corporate devices (laptops, mobile phones), personal devices used for company business (BYOD), cloud services, and on-premises infrastructure, regardless of geographical location. Special emphasis is placed on securing remote access pathways critical for our distributed workforce.

#### 1.3 Policy Statement
[Company Name] is committed to maintaining a robust security posture to protect its valuable information assets. All individuals accessing [Company Name] resources are required to adhere strictly to the guidelines set forth in this policy. Non-compliance will result in disciplinary action as outlined in Section 12.

### 2. Password Requirements

#### 2.1 Password Complexity Requirements
All passwords for [Company Name] systems and applications must meet the following minimum complexity requirements:
*   **Minimum Length:** Passwords must be at least twelve (12) characters in length.
*   **Character Types:** Passwords must contain characters from at least three (3) of the following four (4) categories:
    *   Uppercase English letters (A-Z)
    *   Lowercase English letters (a-z)
    *   Numerals (0-9)
    *   Non-alphanumeric characters (e.g., !, @, #, $, %, ^, &, *, ?, <, >)
*   **Prohibited Content:** Passwords must not contain dictionary words, common sequences (e.g., ""123456"", ""abcdef""), keyboard patterns (e.g., ""qwerty""), or easily guessable personal information (e.g., username, first/last name, birthdate, company name).
*   **Passphrase Recommendation:** Users are strongly encouraged to use unique, long passphrases (e.g., ""MyLogisticsRouteIsSecureToday!"") for enhanced security.

#### 2.2 Password Expiration Policy
To reduce the risk of compromised credentials, user passwords for all systems and applications must be changed regularly:
*   **Maximum Lifetime:** All user passwords must be changed at least every ninety (90) days.
*   **Privileged Accounts:** Passwords for privileged accounts (refer to Section 4) may be subject to more frequent changes or managed dynamically by a Privileged Access Management (PAM) solution.

#### 2.3 Password History
To prevent the reuse of compromised or predictable passwords:
*   **Uniqueness Enforcement:** Users are strictly prevented from reusing their last twelve (12) unique passwords for any system or application.

#### 2.4 Account Lockout Policy
To deter brute-force and credential-stuffing attacks:
*   **Failed Attempts Threshold:** After five (5) consecutive failed login attempts, the user account will be automatically locked out.
*   **Lockout Duration:** The account will remain locked out for a period of thirty (30) minutes, after which it will automatically unlock. During this lockout period, no further login attempts will be permitted.
*   **Critical Systems Exception:** For highly critical systems or privileged accounts, IT Security may implement stricter lockout policies, including requiring manual unlocking by authorized IT personnel after verification.

### 3. Multi-Factor Authentication (MFA) Requirements

Multi-Factor Authentication (MFA) is a mandatory security control implemented to provide an additional layer of security beyond single-factor password authentication.

#### 3.1 General MFA Requirements
MFA must be utilized wherever technically feasible and is explicitly required for the following scenarios:

#### 3.2 Remote Access
All remote access to [Company Name]'s network, systems, and applications must utilize MFA. This includes, but is not limited to:
*   **Virtual Private Network (VPN) Access:** Mandatory for all employees, contractors, and third parties connecting to the corporate network from external locations.
*   **Cloud Services:** Access to all cloud-based applications (e.g., Microsoft 365, Google Workspace, SaaS logistics platforms) and infrastructure (e.g., AWS, Azure) containing company data.
*   **Remote Desktop/Terminal Services:** Any access to internal workstations or servers from outside the corporate network.

#### 3.3 Privileged Accounts
MFA is mandatory for all privileged accounts across all systems, applications, and network devices. This includes:
*   Accounts with administrative rights (e.g., domain administrators, local administrators, root users).
*   Database administrators.
*   Accounts used for system configuration or security management.
*   Service accounts with elevated permissions, where MFA can be programmatically enforced.

#### 3.4 Administrative Systems
Access to critical administrative systems requires MFA. This includes, but is not limited to:
*   Directory Services (e.g., Active Directory).
*   Enterprise Resource Planning (ERP) systems.
*   Customer Relationship Management (CRM) systems.
*   Human Resources Information Systems (HRIS).
*   Financial Management systems.
*   Network infrastructure management platforms (e.g., firewalls, routers, switches).
*   Security Information and Event Management (SIEM) systems.
*   Logistics-specific platforms such as Transportation Management Systems (TMS) and Warehouse Management Systems (WMS).

### 4. Privileged Access Management (PAM) Procedures

[Company Name] implements robust Privileged Access Management (PAM) procedures to safeguard accounts with elevated permissions:
*   **PAM Solution:** A dedicated Privileged Access Management (PAM) solution will be utilized to manage, monitor, and audit all privileged accounts and their access sessions.
*   **Just-in-Time (JIT) Access:** Privileged access rights will be granted only for the specific duration required to perform a task, automatically revoking access upon completion or expiration.
*   **Principle of Least Privilege:** Privileged accounts must only have the absolute minimum necessary access rights required to perform their assigned duties.
*   **Separation of Duties:** Critical administrative functions will be separated among multiple individuals to prevent a single point of failure or compromise.
*   **Unique Privileged Accounts:** Each administrator will be assigned a unique privileged account for their administrative tasks. Shared privileged accounts are strictly prohibited.
*   **Session Monitoring and Recording:** All activities performed with privileged accounts will be logged, monitored in real-time, and recorded for audit and forensic purposes.
*   **Regular Review:** All privileged access rights and associated accounts will be formally reviewed at least quarterly, or more frequently for critical systems, by the CISO and relevant department heads.
*   **Secure Credential Rotation:** Passwords for privileged accounts will be regularly rotated, with complexity managed by the PAM solution, often automatically and more frequently than standard user accounts.

### 5. Password Storage and Transmission

Protecting passwords at rest and in transit is crucial to prevent compromise:
*   **Secure Storage:** Passwords must never be stored in plain text. All stored passwords, including those in databases, configuration files, or any other repositories, must be protected using strong, industry-standard cryptographic hashing functions with proper salting.
*   **Encrypted Transmission:** Passwords and other authentication credentials must always be transmitted over secure, encrypted channels. This includes, but is not limited to, using TLS 1.2 or higher for HTTPS, SSH, and VPN connections. The unencrypted transmission of credentials over public or untrusted networks is strictly prohibited.
*   **No Insecure Sharing:** Passwords must never be shared via insecure methods such as email, instant messaging, unencrypted documents, or written notes in public view.

### 6. Emergency Access Procedures

A formal and documented process for emergency access to critical systems and data is established to ensure business continuity during unforeseen circumstances (e.g., administrator unavailability, system failure, security incident):
*   **Documented Process:** The emergency access procedure is clearly documented, regularly updated, and accessible to authorized personnel.
*   **Emergency Access Credentials (""Break-Glass"" Accounts):** Dedicated emergency access accounts with elevated privileges will be created. These accounts must be unique, not used for daily operations, and protected with extremely strong, complex passwords.
*   **Secure Storage:** Emergency access credentials will be stored securely under dual control (e.g., encrypted vault requiring multiple individuals to unlock) and physically safeguarded.
*   **Strict Usage Protocol:** Emergency access will only be granted in verifiable emergency situations after explicit authorization from two senior members of management, including at least one from the IT Security department.
*   **Logging and Audit:** All emergency access events, including reasons for access, individuals involved, and actions taken, must be thoroughly logged, audited, and reviewed immediately after the event.
*   **Immediate Password Reset:** All emergency access passwords must be immediately reset to new, complex, and unique values after each use.
*   **Regular Testing:** Emergency access procedures will be periodically tested to ensure their effectiveness and readiness.

### 7. Employee Responsibilities

All employees, contractors, and third parties with access to [Company Name] systems and data are personally responsible for adhering to this policy:
*   **Password Protection:** Safeguard your passwords and never share them with anyone, including colleagues, managers, or IT personnel. IT personnel will never ask for your password.
*   **Reporting Suspicious Activity:** Immediately report any suspected compromise of your password, account, or any unusual login activity to the IT Service Desk.
*   **Security Awareness:** Actively participate in mandatory security awareness training and apply best practices in daily operations.
*   **Device Security:** Ensure that any device used to access [Company Name] resources (company-issued or personal) is adequately secured (e.g., screen lock, antivirus, OS updates).
*   **Logoff/Lockout:** Always log off or lock your computer when leaving it unattended, even for a short period.

### 8. Roles and Responsibilities

*   **Chief Information Security Officer (CISO):**
    *   Overall ownership, development, approval, and enforcement oversight of this policy.
    *   Ensures compliance with NCA ECC, ISO 27001, and other relevant regulations.
    *   Leads the quarterly review process for this policy.
*   **IT Department / System Administrators:**
    *   Implement and maintain technical controls (e.g., password policies, MFA, PAM solutions) across all systems and applications.
    *   Provide support and guidance to users on password best practices.
    *   Monitor compliance with this policy and investigate violations.
    *   Manage user accounts, provisioning, and de-provisioning in line with access control policies.
    *   Maintain and test emergency access procedures.
*   **Human Resources (HR) Department:**
    *   Assist in communicating this policy to new hires during onboarding.
    *   Collaborate with IT Security on disciplinary actions for non-compliance.
    *   Ensure timely de-provisioning of accounts during employee offboarding processes.
*   **All Employees and Contractors:**
    *   Read, understand, and fully comply with all aspects of this Password Policy.
    *   Report any suspected security incidents or vulnerabilities immediately.
*   **Management:**
    *   Promote a culture of cybersecurity awareness and compliance within their respective teams.
    *   Ensure their teams have the necessary resources and training to comply with this policy.

### 9. Policy Review and Maintenance

*   **Periodic Review:** This Password Policy document will be formally reviewed and updated at least **quarterly** by the CISO and the IT Department. This ensures its continued effectiveness, alignment with evolving cybersecurity standards (NCA ECC, ISO 27001), changes in the threat landscape, and [Company Name]'s operational needs as a growing logistics company with a remote workforce.
*   **Ad-hoc Reviews:** Ad-hoc reviews may be conducted as necessitated by significant changes to systems, applications, regulatory requirements, or in response to security incidents.

### 10. Non-Compliance and Enforcement

*   **Investigation:** Any suspected or confirmed violation of this policy will be thoroughly investigated by the IT Security and Human Resources departments.
*   **Disciplinary Action:** Non-compliance with this policy may result in disciplinary action, up to and including:
    *   Mandatory re-training.
    *   Suspension of system access.
    *   Formal warnings.
    *   Termination of employment or contract.
*   **Legal Action:** In cases of severe negligence, malicious intent, or violations leading to significant data breaches, [Company Name] reserves the right to pursue appropriate legal action.

### 11. Related Policies and Documents

*   Information Security Policy
*   Access Control Policy
*   Acceptable Use Policy
*   Data Classification Policy
*   Incident Response Plan
*   Remote Work Policy

---

### Appendix A: NCA ECC Control 2-2 (Identity and Access Management) Mapping

This policy directly addresses and complies with the following aspects of NCA ECC Control 2-2:

*   **2-2-1 User Identity and Authentication:** Enforced through strong password complexity (Section 2.1), regular expiration (Section 2.2), uniqueness (Section 2.3), and mandatory MFA (Section 3).
*   **2-2-2 Privileged Access Management:** Covered extensively by Section 4 (Privileged Access Management Procedures), including Just-in-Time access, least privilege, session monitoring, and regular reviews.
*   **2-2-3 Access Reviews:** Explicitly mentioned in Section 4 for privileged accounts and implied through regular policy review (Section 9) and IT responsibilities (Section 8).
*   **2-2-4 Separation of Duties:** Addressed in Section 4 for privileged roles.
*   **2-2-5 Password Policy:** Fully detailed in Section 2, covering complexity, expiration, history, and account lockout.
*   **2-2-6 Multi-Factor Authentication (MFA):** Mandated for remote access, privileged accounts, and administrative systems (Section 3).
*   **2-2-7 Emergency Access:** Detailed procedures for emergency access are outlined in Section 6.
*   **2-2-8 Secure Credential Storage:** Addressed by Section 5 for password storage (hashing and salting).
*   **2-2-9 User Access Provisioning and De-provisioning:** Covered by IT and HR responsibilities in Section 8.

### Appendix B: ISO 27001 Annex A.9 (Access Control) Mapping

This policy directly addresses and complies with the following controls within ISO 27001 Annex A.9:

*   **A.9.2.1 User registration and de-registration:** Covered by IT and HR responsibilities (Section 8) for account lifecycle management.
*   **A.9.2.2 User access provisioning:** Addressed by IT responsibilities (Section 8) and PAM procedures (Section 4).
*   **A.9.2.3 Management of privileged access rights:** Comprehensively covered in Section 4 (Privileged Access Management Procedures).
*   **A.9.2.4 Review of user access rights:** Explicitly mentioned in Section 4 for privileged accounts and as part of the overall policy review (Section 9).
*   **A.9.2.5 Removal or adjustment of access rights:** Handled by IT and HR responsibilities (Section 8) during offboarding or role changes.
*   **A.9.2.6 Authentication of users:** Fully addressed by Section 2 (Password Requirements) and Section 3 (MFA Requirements).
*   **A.9.3.1 Network access control:** Ensured through mandatory MFA for remote access (Section 3.2) and secure transmission (Section 5).
*   **A.9.4.1 Information access restriction:** Supported by the strong authentication mechanisms and PAM principles outlined in this policy.
*   **A.9.4.2 Secure log-on procedures:** Detailed in Section 2 (Password Requirements), Section 3 (MFA Requirements), and Section 2.4 (Account Lockout Policy).
*   **A.9.4.3 Password management system:** The policy specifies requirements for such systems and their implementation (Sections 2, 4, 5).",Fully Compliant,1.0,,0,"The provided password policy document is exceptionally comprehensive and robust, demonstrating strong adherence to best practices and explicit compliance with NCA ECC Control 2-2 (Identity and Access Management) and ISO 27001 Annex A.9 (Access Control). All specified gap categories are thoroughly addressed with clear, stringent requirements. The policy includes strong password complexity, a well-defined expiration policy, robust account lockout mechanisms, mandatory Multi-Factor Authentication (MFA) for critical access, comprehensive Privileged Access Management (PAM) procedures, secure password storage and transmission requirements, a clear periodic review schedule, and well-defined roles and responsibilities. No significant gaps were identified based on the provided categories.",2-2 Identity and Access Management,2026-02-02T01:49:54.738450
password_policy_en_excellent_3_20260202015042,password_policy,en,excellent,"# **Manufacturing Innovations Corp. (MIC)**

## **Information Security Policy: Password and Authentication Management**

---

| Document ID: | MIC-ISP-PAM-001 | Version: | 3.0 |
| :----------- | :-------------- | :------- | :-- |
| Status:      | Approved        | Date:    | 2023-10-26 |
| Author:      | CISO Office     | Approver:| CEO, Board of Directors |
| Review Date: | Quarterly (Next: 2024-01-26) |

---

### **Table of Contents**

1.  Purpose and Scope
2.  Compliance Framework
3.  Password Complexity Requirements
4.  Password Expiration Policy
5.  Password History
6.  Account Lockout Policy
7.  Multi-Factor Authentication (MFA) Requirements
8.  Privileged Access Management Procedures
9.  Password Storage and Transmission
10. Emergency Access Procedures
11. Periodic Review Schedule
12. Roles and Responsibilities
13. Non-compliance Consequences
14. Definitions

---

### **1. Purpose and Scope**

**1.1. Purpose:**
This Password and Authentication Management Policy establishes the mandatory requirements for creating, protecting, and managing all user passwords and authentication mechanisms within Manufacturing Innovations Corp. (MIC). The primary objective is to safeguard MIC's information assets, intellectual property, operational technology (OT) systems, and critical business data from unauthorized access, disclosure, modification, or destruction. This policy aims to minimize the risk of security breaches originating from weak or compromised authentication credentials, particularly given MIC's distributed workforce and reliance on remote access.

**1.2. Scope:**
This policy applies to all individuals who access or use MIC's information technology (IT) systems, networks, applications, data, and services, regardless of their employment status, location, or device ownership. This includes, but is not limited to:
*   All full-time and part-time employees.
*   Contractors, consultants, temporary staff, and interns.
*   Third-party vendors and business partners requiring access to MIC resources.
*   All information systems, applications, databases, network devices, servers, workstations, and cloud services owned, managed, or utilized by MIC, including those accessed remotely.
*   This policy is especially critical for securing remote access points and protecting data accessed by our growing remote workforce.

### **2. Compliance Framework**

This policy is designed to ensure full compliance with the following critical cybersecurity standards and regulations:

*   **NCA ECC Control 2-2 (Identity and Access Management):** Addresses requirements for unique user identification, robust authentication, least privilege, access review, secure password management, account lockout, emergency access, and privileged access management.
*   **ISO 27001 Annex A.9 (Access Control):** Covers business requirements for access control, user access management (registration, de-registration, provisioning, review), user responsibilities (password use), and system/application access control (information access restriction, secure log-on, password management system, control of privileged utilities).

### **3. Password Complexity Requirements**

All passwords for user accounts accessing MIC's IT systems must adhere to the following minimum complexity standards:

*   **Minimum Length:** Passwords must be at least twelve (12) characters in length.
*   **Character Types:** Passwords must contain characters from at least three (3) of the following four (4) categories:
    *   Uppercase letters (A-Z)
    *   Lowercase letters (a-z)
    *   Numbers (0-9)
    *   Special characters (e.g., !, @, #, $, %, ^, &, *, (, ))
*   **Prohibited Characters/Patterns:**
    *   Cannot contain the user's name, username, or company name.
    *   Cannot contain common dictionary words or easily guessable sequences (e.g., ""password"", ""123456"", ""qwerty"").
    *   Cannot contain repeating characters (e.g., ""aaaaa"") or simple character sequences (e.g., ""abcde"").
    *   Cannot contain dates of birth, social security numbers, or other easily obtainable personal information.
*   **Initial Passwords:** All new user accounts will be assigned a temporary, complex password that must be changed by the user upon first login.
*   **Passphrases:** Users are strongly encouraged to use unique passphrases (e.g., ""MyDogLovesToCh@seSquirrels!"") instead of single words, as they are often easier to remember and significantly more secure.

### **4. Password Expiration Policy**

To minimize the risk of compromise from stolen or cracked credentials, all user passwords must be changed regularly.

*   **Standard User Accounts:** Passwords for all standard user accounts (including those used for remote access) must be changed at least every ninety (90) days.
*   **Privileged Accounts:** Passwords for privileged accounts (as defined in Section 8) may be subject to a shorter expiration period, as determined by the CISO, and managed by a Privileged Access Management (PAM) solution.
*   **Immediate Change:** Users must change their password immediately if there is any suspicion of compromise or upon notification from the IT Department.
*   **No Reuse:** Expired passwords cannot be reused, as enforced by the password history policy.

### **5. Password History**

To prevent the common practice of cycling through a small set of passwords, the following history requirements are enforced:

*   Users are prohibited from reusing any of their last twelve (12) previously used passwords.
*   The system will automatically enforce this history check during password changes.

### **6. Account Lockout Policy**

To prevent brute-force attacks and unauthorized access attempts, MIC implements an automatic account lockout policy:

*   **Failed Attempts Threshold:** If an account experiences five (5) consecutive failed login attempts, the account will be automatically locked.
*   **Lockout Duration:** Locked accounts will remain inaccessible for a period of thirty (30) minutes.
*   **Administrator Override:** After the lockout duration, the user may attempt to log in again. Alternatively, authorized IT Support personnel can manually unlock an account after verifying the user's identity through a secure, out-of-band method.
*   **Logging:** All account lockout events, including the originating IP address and timestamp, are logged and monitored by the Security Operations Center (SOC) for potential malicious activity.

### **7. Multi-Factor Authentication (MFA) Requirements**

Multi-Factor Authentication (MFA) provides an additional layer of security beyond passwords, significantly reducing the risk of unauthorized access due to compromised credentials. MFA is mandatory for the following categories:

*   **7.1. Remote Access:**
    *   All remote access to MIC's internal network, applications, and cloud services (e.g., VPN, remote desktop, SaaS applications, O365, internal web portals) by any user from any location outside the MIC corporate network must utilize MFA.
    *   This is critical for securing our remote workforce, ensuring that even if a password is stolen, the attacker cannot gain access without the second factor.
*   **7.2. Privileged Accounts:**
    *   MFA is mandatory for all access to accounts designated as ""privileged"" (e.g., Domain Administrators, System Administrators, Network Administrators, Database Administrators, Application Administrators for critical systems).
    *   This includes direct login, elevation of privilege, and access via PAM solutions.
*   **7.3. Administrative Systems:**
    *   MFA is mandatory for all access to administrative interfaces and management consoles of critical IT infrastructure, including but not limited to:
        *   Active Directory / Identity Management Systems
        *   Network device management interfaces (routers, firewalls, switches)
        *   Server operating system consoles (Windows Server, Linux)
        *   Virtualization platforms (VMware, Hyper-V)
        *   Cloud provider management consoles (AWS, Azure, GCP)
        *   Security tools (SIEM, EDR, Vulnerability Scanners)
        *   Operational Technology (OT) system management interfaces accessible via the IT network.
*   **7.4. Acceptable MFA Methods:**
    *   MIC will deploy and support strong MFA methods, prioritizing phishing-resistant options where possible. Acceptable methods include:
        *   Hardware security tokens (e.g., FIDO2/U2F keys).
        *   Authenticator applications (e.g., Microsoft Authenticator, Google Authenticator) providing TOTP or push notifications.
        *   Biometric authentication integrated with secure device hardware.
    *   SMS-based MFA is generally discouraged due to known vulnerabilities but may be approved as a temporary or fallback method by the CISO under specific circumstances.

### **8. Privileged Access Management (PAM) Procedures**

Privileged accounts, due to their extensive capabilities, pose the highest risk if compromised. MIC implements stringent controls for their management:

*   **8.1. Principle of Least Privilege:**
    *   Access rights for privileged accounts must adhere strictly to the principle of least privilege. Users are granted only the minimum necessary access required to perform their specific job functions, and for the shortest possible duration.
*   **8.2. Dedicated Accounts:**
    *   Users performing privileged functions must use separate, dedicated privileged accounts that are distinct from their standard user accounts (e.g., ""Jane.Doe-Admin"" vs. ""Jane.Doe""). These accounts must not be used for routine tasks like email or web browsing.
*   **8.3. Just-in-Time (JIT) / Just-Enough Access (JEA):**
    *   Where technically feasible, privileged access will be granted on a ""just-in-time"" basis, meaning access is elevated only when explicitly requested and approved for a specific task and duration, then automatically revoked.
*   **8.4. Session Monitoring and Recording:**
    *   All sessions conducted using privileged accounts must be monitored and, where technically feasible and legally permissible, recorded for auditing and forensic purposes.
*   **8.5. Credential Vaulting:**
    *   A robust Privileged Access Management (PAM) solution will be utilized to securely store, rotate, and manage passwords for shared privileged accounts (e.g., service accounts, generic local admin accounts). Users will typically check out credentials from the vault rather than knowing them directly.
*   **8.6. Regular Review:**
    *   Access rights associated with privileged accounts will be reviewed quarterly by the IT Department and relevant department heads to ensure continued necessity and alignment with job responsibilities.
*   **8.7. Strongest Authentication:**
    *   MFA is mandatory for all privileged account access, as specified in Section 7.2.

### **9. Password Storage and Transmission**

The security of passwords depends not only on their strength but also on how they are stored and transmitted.

*   **9.1. Password Storage:**
    *   All passwords stored within MIC's systems (e.g., identity directories, databases) **MUST NOT** be stored in plain text.
    *   Passwords must be stored using strong, one-way cryptographic hashing functions (e.g., Argon2, bcrypt, scrypt) combined with a unique salt for each password to prevent rainbow table attacks.
    *   Access to systems containing password hashes must be strictly controlled, monitored, and limited to authorized personnel only.
*   **9.2. Password Transmission:**
    *   Passwords **MUST ONLY** be transmitted over secure, encrypted channels (e.g., TLS 1.2 or higher for HTTPS, SSH, secure VPN connections).
    *   Passwords **MUST NEVER** be transmitted via unencrypted email, instant messaging, plain text files, or any other insecure method.
    *   Users are prohibited from writing down or otherwise recording their passwords in an unsecured manner.

### **10. Emergency Access Procedures**

In the event of an emergency (e.g., critical system failure, key personnel unavailability, disaster recovery scenarios) requiring immediate access to critical systems, predefined emergency access procedures must be followed:

*   **10.1. ""Break-Glass"" Accounts:**
    *   Dedicated ""break-glass"" accounts with highly elevated privileges will be pre-configured for critical systems. These accounts will be distinct from regular user or privileged accounts and used exclusively for emergencies.
*   **10.2. Secure Credential Storage:**
    *   The credentials for break-glass accounts will be stored securely and redundantly, such as in an encrypted, hardware-protected vault (e.g., a tamper-evident safe with split knowledge of keys/passwords) or a specialized PAM solution.
*   **10.3. Authorization Process:**
    *   Emergency access must be authorized by at least two (2) senior managers (e.g., CISO, Head of IT, CEO) via an out-of-band communication channel.
    *   The authorization request must include the justification, the systems to be accessed, and the expected duration.
*   **10.4. Logging and Auditing:**
    *   All emergency access attempts and successful accesses must be meticulously logged, including the timestamp, user accessing, system accessed, and justification.
    *   A full audit and review of the activity will be conducted by the CISO within 24 hours of emergency access.
*   **10.5. Post-Emergency Actions:**
    *   Immediately following the use of a break-glass account, its password must be reset, and all logs thoroughly reviewed. The account's status should be returned to its secure, inactive state.
*   **10.6. Regular Testing:**
    *   Emergency access procedures will be reviewed and tested at least annually to ensure their effectiveness and readiness.

### **11. Periodic Review Schedule**

This Password and Authentication Management Policy, along with its associated procedures and controls, will be subject to regular review to ensure its continued relevance, effectiveness, and compliance with evolving threats and regulatory requirements.

*   **Policy Review:** This policy document will be formally reviewed by the CISO Office, IT Management, HR, and Legal counsel on a **quarterly basis**. Any necessary updates will be made and approved by the CEO and Board of Directors.
*   **Access Rights Review:**
    *   User access rights, particularly for privileged accounts, will be reviewed quarterly as per Section 8.6.
    *   Standard user access rights will be reviewed at least annually, or upon significant job role changes, project completion, or employee termination.
*   **MFA Configuration Review:** MFA configurations and logs will be reviewed quarterly for effectiveness and potential issues.

### **12. Roles and Responsibilities**

Effective implementation and adherence to this policy require clear responsibilities across the organization:

*   **12.1. Board of Directors / CEO:**
    *   Overall accountability for the organization's information security posture.
    *   Approve the Password and Authentication Management Policy.
    *   Provide resources for policy implementation and enforcement.
*   **12.2. Chief Information Security Officer (CISO):**
    *   Owner of this policy; responsible for its development, maintenance, and oversight.
    *   Ensures compliance with relevant standards (NCA ECC, ISO 27001).
    *   Provides guidance and expertise on password and authentication best practices.
    *   Monitors security incidents related to authentication.
*   **12.3. IT Department / Security Operations:**
    *   Implement and enforce the technical controls specified in this policy (e.g., system configurations for password complexity, lockout, MFA).
    *   Manage and maintain authentication systems and PAM solutions.
    *   Provide user support for password resets and MFA issues.
    *   Monitor logs for suspicious authentication activities and account lockouts.
    *   Conduct access rights reviews.
    *   Respond to and investigate security incidents involving authentication.
*   **12.4. All Employees, Contractors, and Third-Party Users:**
    *   Adhere strictly to all provisions of this policy.
    *   Create strong, unique passwords and passphrases.
    *   Safeguard their credentials (passwords, MFA tokens) and not share them with anyone.
    *   Report any suspicious activity, unauthorized access attempts, or compromise of their credentials immediately to the IT Department.
    *   Comply with MFA requirements for all designated systems.
*   **12.5. Department Heads / Managers:**
    *   Ensure their team members understand and comply with this policy.
    *   Approve and review access requests for their direct reports.
    *   Notify the IT Department promptly of employee onboarding, offboarding, or job role changes to facilitate timely access provisioning and de-provisioning.
*   **12.6. Human Resources (HR) Department:**
    *   Integrate this policy into employee onboarding and training programs.
    *   Collaborate with the CISO and IT Department on non-compliance investigations and disciplinary actions.

### **13. Non-compliance Consequences**

Failure to comply with this Password and Authentication Management Policy jeopardizes the security of MIC's critical assets, including proprietary manufacturing processes, customer data, and financial information. Non-compliance will be taken seriously and may result in:

*   **Investigation:** All instances of suspected non-compliance will be thoroughly investigated by the IT Department and/or CISO Office.
*   **Corrective Action:** Users found in non-compliance may be required to undergo mandatory retraining on security policies and procedures.
*   **Access Suspension:** Temporary or permanent suspension of access to MIC IT systems and resources.
*   **Disciplinary Action:** Depending on the severity and intent of the violation, disciplinary action may be taken, up to and including:
    *   Formal warnings.
    *   Performance improvement plans.
    *   Suspension of employment without pay.
    *   Termination of employment or contract.
*   **Legal Action:** In cases where non-compliance leads to significant data breach, financial loss, or violation of legal/regulatory requirements, MIC may pursue civil or criminal legal action against the responsible parties.

### **14. Definitions**

*   **CISO:** Chief Information Security Officer.
*   **Credentials:** Data used to authenticate a user (e.g., username, password, biometric data, MFA token).
*   **IT Systems:** All hardware, software, networks, and data used by MIC for information processing and storage.
*   **MFA (Multi-Factor Authentication):** An authentication method requiring two or more independent factors of verification.
*   **NCA ECC (National Cybersecurity Authority Essential Cybersecurity Controls):** A cybersecurity framework providing controls for organizations to enhance their cybersecurity posture.
*   **ISO 27001:** An international standard for information security management systems (ISMS).
*   **Operational Technology (OT) Systems:** Hardware and software that monitor and control physical processes, devices, and infrastructure (e.g., SCADA, DCS, PLCs used in manufacturing).
*   **PAM (Privileged Access Management):** Solutions and processes to secure, manage, and monitor privileged accounts.
*   **Passphrase:** A sequence of words or characters used as a password.
*   **Privileged Account:** An account with elevated access rights or special permissions that allow it to perform administrative or critical functions.
*   **Remote Access:** Any connection to MIC's internal networks or systems from outside the corporate physical premises.
*   **Salting:** The addition of a random string to a password before hashing, making rainbow table attacks ineffective.
*   **TLS (Transport Layer Security):** A cryptographic protocol designed to provide communication security over a computer network.",Fully Compliant,1.0,,0,"The Manufacturing Innovations Corp. (MIC) Password and Authentication Management Policy is exceptionally comprehensive and robust. It thoroughly addresses all specified gap categories, including strong password complexity, adequate expiration and history, a robust account lockout policy, mandatory multi-factor authentication for critical access, detailed privileged access management procedures (including emergency access), secure password storage (hashing with salt) and transmission (encrypted channels), a clear periodic review schedule, and well-defined roles and responsibilities. The policy explicitly references compliance with NCA ECC and ISO 27001 and provides detailed controls that align with these frameworks. No gaps were identified based on the provided criteria.",2-2 Identity and Access Management,2026-02-02T01:50:42.790837
password_policy_ar_excellent_1_20260202015134,password_policy,ar,excellent,"## سياسة كلمات المرور والمصادقة

**وثيقة رقم:** SEC-POL-001
**الإصدار:** 1.0
**تاريخ الإصدار:** 2023-10-27
**تاريخ المراجعة التالي:** 2024-01-27
**المُعتمد بواسطة:** [اسم أو منصب المسؤول الأمني الأول/مدير الأمن السيبراني]

---

### جدول المحتويات

1.  الغرض والنطاق
2.  متطلبات تعقيد كلمة المرور
3.  سياسة انتهاء صلاحية كلمة المرور
4.  سجل كلمات المرور
5.  سياسة قفل الحساب
6.  متطلبات المصادقة متعددة العوامل (MFA)
7.  إجراءات إدارة الوصول المميز (PAM)
8.  تخزين ونقل كلمات المرور
9.  إجراءات الوصول الطارئ
10. جدول المراجعة الدورية
11. الأدوار والمسؤوليات
12. عواقب عدم الامتثال

---

### 1. الغرض والنطاق

**1.1. الغرض:**
تحدد هذه السياسة المتطلبات والمعايير لإنشاء كلمات مرور قوية، وإدارة المصادقة، والتحكم في الوصول ضمن [اسم المؤسسة المالية]، وذلك بهدف حماية الأصول المعلوماتية الحساسة، وضمان خصوصية بيانات العملاء، والمحافظة على سلامة العمليات المالية، والامتثال للمتطلبات التنظيمية الصارمة. تهدف السياسة إلى تقليل مخاطر الوصول غير المصرح به، وهجمات القوة الغاشمة، والاختراقات الأمنية، خاصة في سياق عمل القوى العاملة عن بُعد المنتشرة إقليمياً، والتي تمثل نقطة ضعف محتملة تتطلب تدابير أمنية معززة.

**1.2. النطاق:**
تنطبق هذه السياسة على جميع الموظفين (بدوام كامل وجزئي)، والمتعاقدين، والاستشاريين، وموظفي الجهات الخارجية الذين يصلون إلى أنظمة [اسم المؤسسة المالية] وشبكاتها وبياناتها. كما تنطبق على جميع الأنظمة والتطبيقات والخدمات والأجهزة التي تتطلب مصادقة المستخدم داخل أو في بيئة [اسم المؤسسة المالية]، بما في ذلك الأنظمة المستضافة محلياً (On-premises) والأنظمة السحابية (Cloud-based)، وبغض النظر عن موقع الوصول (مكتبي أو عن بُعد).

تتواءم هذه السياسة بشكل كامل مع ضوابط الهيئة الوطنية للأمن السيبراني (NCA) ECC 2-2 (إدارة الهوية والوصول) ومعيار ISO 27001 الملحق A.9 (التحكم في الوصول).

### 2. متطلبات تعقيد كلمة المرور

تُعد كلمات المرور القوية حجر الزاوية في حماية الوصول إلى أنظمة [اسم المؤسسة المالية]. يجب أن تستوفي جميع كلمات المرور المستخدمة للوصول إلى أنظمة المؤسسة المتطلبات التالية:

*   **الحد الأدنى للطول:** 12 حرفاً على الأقل.
*   **تنوع الأحرف:** يجب أن تحتوي كلمات المرور على مزيج من أربعة أنواع من الأحرف على الأقل:
    *   أحرف كبيرة (A-Z)
    *   أحرف صغيرة (a-z)
    *   أرقام (0-9)
    *   رموز خاصة (مثل !@#$%^&*-+_=، إلخ)
*   **التفرد:**
    *   لا يجوز أن تكون كلمة المرور اسم مستخدم المستخدم أو جزءاً منه.
    *   لا يجوز أن تحتوي على اسم المؤسسة أو أي مصطلحات معروفة أو سهلة التخمين (مثل ""password""، ""123456"").
    *   يجب ألا تستند إلى معلومات شخصية يسهل الحصول عليها (مثل تاريخ الميلاد، أسماء أفراد العائلة، أرقام الهواتف).
    *   يجب ألا تكون كلمة المرور قابلة للمطابقة في قواميس الكلمات الشائعة أو القوائم السوداء لكلمات المرور المخترقة.
*   **عدم المشاركة:** يحظر على الموظفين مشاركة كلمات المرور الخاصة بهم مع أي شخص تحت أي ظرف من الظروف.
*   **التغيير الأولي:** يجب على المستخدمين تغيير كلمة المرور الأولية أو المؤقتة على الفور عند تسجيل الدخول الأول.

### 3. سياسة انتهاء صلاحية كلمة المرور

لضمان التحديث المستمر لآليات الحماية ومنع استغلال كلمات المرور القديمة، يجب تطبيق سياسة انتهاء الصلاحية التالية:

*   **الحد الأقصى للصلاحية:** يجب تغيير كلمات المرور بحد أقصى كل 90 يوماً. سيتم إخطار المستخدمين قبل انتهاء صلاحية كلمة المرور بوقت كافٍ (على سبيل المثال، 7 أيام قبل الانتهاء).
*   **التغيير الفوري:** في حالة الاشتباه في اختراق كلمة المرور أو الكشف عنها، يجب على المستخدم تغيير كلمة المرور الخاصة به على الفور وإبلاغ قسم أمن المعلومات.
*   **التغيير بعد إعادة الضبط:** يجب على المستخدمين تغيير كلمة المرور عند إعادة تعيينها من قبل المسؤول.

### 4. سجل كلمات المرور

لمنع إعادة استخدام كلمات المرور القديمة التي قد تكون عرضة للاختراق، تُطبق القيود التالية:

*   **تاريخ عدم الاستخدام:** لا يمكن للمستخدمين إعادة استخدام أي من آخر 12 كلمة مرور استخدموها. سيتم فرض هذا الشرط تلقائياً بواسطة أنظمة المصادقة.

### 5. سياسة قفل الحساب

لحماية الحسابات من هجمات القوة الغاشمة والتخمين، يتم تطبيق سياسة قفل الحساب التالية:

*   **عدد المحاولات الفاشلة:** سيتم قفل الحساب تلقائياً بعد 5 محاولات فاشلة متتالية لتسجيل الدخول.
*   **مدة القفل:** سيبقى الحساب مقفلاً لمدة 30 دقيقة. بعد انقضاء هذه المدة، سيتم إلغاء قفل الحساب تلقائياً.
*   **إخطار المسؤول:** في حالة قفل الحسابات ذات الامتيازات العالية أو حسابات الأنظمة الإدارية، سيتم إرسال إشعار فوري إلى فريق أمن المعلومات لمراجعة الحالة والتحقق من عدم وجود نشاط مشبوه.
*   **إجراءات استعادة الوصول:** يمكن للمستخدمين إعادة تعيين كلمات المرور الخاصة بهم عبر بوابة الخدمة الذاتية الآمنة للمؤسسة (إن وجدت) أو الاتصال بقسم الدعم الفني بعد التحقق من الهوية.

### 6. متطلبات المصادقة متعددة العوامل (MFA)

تعزيزاً لأمن الحسابات، خاصةً في بيئة عمل عن بُعد إقليمية تتعامل مع بيانات مالية حساسة، تُعد المصادقة متعددة العوامل (MFA) إلزامية في السيناريوهات التالية:

*   **الوصول عن بُعد:** يجب على جميع الموظفين والمتعاقدين الذين يصلون إلى أنظمة وشبكات [اسم المؤسسة المالية] عن بُعد، بما في ذلك الوصول عبر الشبكات الخاصة الافتراضية (VPN)، والوصول إلى التطبيقات السحابية، استخدام المصادقة متعددة العوامل.
*   **الحسابات ذات الصلاحيات العالية:** يجب أن تتطلب جميع الحسابات ذات الصلاحيات العالية، مثل مديري النطاق، ومديري قواعد البيانات، ومديري أنظمة الشبكة، وحسابات الوصول إلى بيانات العملاء الحساسة، المصادقة متعددة العوامل.
*   **الأنظمة الإدارية:** يجب أن تتطلب جميع الأنظمة الإدارية التي تدعم عمليات الأعمال الحرجة أو تحتوي على بيانات حساسة (مثل أنظمة التخطيط لموارد المؤسسة (ERP)، وأنظمة إدارة علاقات العملاء (CRM)، وأنظمة إدارة الموارد البشرية، والأنظمة المالية الأساسية، وواجهات إدارة البنية التحتية السحابية) المصادقة متعددة العوامل للوصول.
*   **طرق MFA المقبولة:** توصي المؤسسة باستخدام طرق MFA قوية مثل تطبيقات المصادقة (Authenticator Apps)، والمفاتيح الأمنية للأجهزة (Hardware Security Keys)، أو المصادقة البيومترية. يمكن استخدام المصادقة المستندة إلى الرسائل النصية القصيرة (SMS) كخيار احتياطي أو في حالات محددة بعد تقييم المخاطر.

### 7. إجراءات إدارة الوصول المميز (PAM)

يجب إدارة الوصول المميز (Privileged Access) بشكل صارم نظراً للمخاطر العالية المرتبطة به.

*   **مبدأ الامتياز الأقل (Least Privilege):** يتم منح الوصول المميز فقط للمستخدمين الذين يحتاجون إليه لأداء واجباتهم، وللفترة الزمنية اللازمة فقط.
*   **الفصل بين الحسابات:** يجب فصل حسابات المستخدمين العادية عن حسابات الامتياز (على سبيل المثال، لا يجوز استخدام حساب مدير النطاق لتصفح الويب أو البريد الإلكتروني).
*   **كلمات مرور مميزة قوية:** يجب أن تتجاوز كلمات مرور الحسابات المميزة متطلبات التعقيد القياسية، مع طول أكبر وتنوع أحرف أعلى.
*   **المصادقة متعددة العوامل (MFA) إلزامية:** يجب استخدام MFA لجميع عمليات الوصول المميزة.
*   **المراقبة والتسجيل:** يجب تسجيل جميع أنشطة الوصول المميز ومراقبتها بشكل مستمر للبحث عن أي نشاط غير طبيعي أو مشبوه.
*   **مراجعة منتظمة:** يتم مراجعة الوصول المميز وتحديثه بشكل منتظم (على الأقل ربع سنوي) لضمان توافقه مع أدوار المستخدمين ومسؤولياتهم.
*   **محطات عمل آمنة:** يجب أن يتم تنفيذ المهام المميزة من محطات عمل مخصصة وآمنة ومحمية لا تُستخدم لأغراض عامة.
*   **إدارة كلمات المرور المميزة:** يجب استخدام حلول إدارة الوصول المميز (PAM) لتخزين كلمات المرور المميزة وتدويرها بأمان، وتوفير الوصول إليها عند الحاجة فقط.

### 8. تخزين ونقل كلمات المرور

لضمان سرية كلمات المرور، يجب الالتزام بالمتطلبات التالية:

*   **التخزين:**
    *   لا يجوز تخزين كلمات المرور كنص عادي أبداً.
    *   يجب تخزين جميع كلمات المرور في قواعد بيانات المؤسسة باستخدام وظائف تجزئة تشفير أحادية الاتجاه قوية (مثل SHA-256 أو أحدث) مع إضافة ""الملح"" (Salting) لزيادة المقاومة لهجمات القوة الغاشمة وجداول قوس قزح (Rainbow Tables).
    *   يجب تشفير أي كلمات مرور يتم تخزينها مؤقتاً في الذاكرة.
*   **النقل:**
    *   يجب نقل كلمات المرور عبر الشبكات باستخدام قنوات اتصال مشفرة فقط (مثل TLS 1.2 أو أحدث للوصول عبر الويب، VPN للوصول عن بُعد، SSH للوصول إلى سطر الأوامر).
    *   يحظر إرسال كلمات المرور عبر البريد الإلكتروني أو الرسائل الفورية أو أي قنوات غير آمنة أخرى.
*   **حظر التخزين غير الآمن:** يُحظر تخزين كلمات المرور على أوراق مكتوبة، أو في ملفات نصية غير محمية، أو في متصفحات الويب غير الآمنة. يُنصح باستخدام مديري كلمات المرور المعتمدين من المؤسسة.

### 9. إجراءات الوصول الطارئ

في حالات الطوارئ التي قد تؤثر على توفر الأنظمة الحيوية أو قدرة المسؤولين على الوصول إلى وظائفهم (مثل فقدان بيانات الاعتماد، أو تعطل نظام المصادقة الأساسي)، يجب أن تكون هناك إجراءات واضحة وآمنة للوصول الطارئ:

*   **حسابات ""Break-Glass"":**
    *   يجب إنشاء حسابات وصول طارئ مخصصة (""Break-Glass"" accounts) مع الحد الأدنى من الامتيازات اللازمة لاستعادة الخدمة.
    *   يجب أن تكون هذه الحسابات معزولة، ومصادقتها قوية، وكلمات مرورها معقدة للغاية، ومخزنة بأمان في بيئة مادية محكمة (على سبيل المثال، في خزانة مقاومة للحريق داخل قبو آمن مع مفاتيح متعددة يمتلكها كبار المسؤولين).
    *   يجب أن تكون هذه الحسابات معفاة من سياسة انتهاء صلاحية كلمات المرور العادية ولكن يتم تغييرها بعد كل استخدام.
*   **إجراءات الاستخدام:**
    *   يجب أن يكون هناك إجراء موثق ومعتمد بوضوح لاستخدام حسابات الوصول الطارئ، يتضمن موافقة الإدارة العليا أو فريق الاستجابة للحوادث.
    *   يجب تسجيل جميع حالات استخدام الوصول الطارئ وتوثيقها بدقة، مع تحديد سبب الاستخدام والمدة والأنشطة التي تم تنفيذها.
*   **المراجعة بعد الاستخدام:** بعد كل استخدام للوصول الطارئ، يجب مراجعة السجلات الأمنية ذات الصلة، وتغيير كلمات المرور، وإعادة تأمين الحساب، والتأكد من عدم وجود نشاط مشبوه.

### 10. جدول المراجعة الدورية

لضمان استمرار فعالية وتوافق سياسة كلمات المرور والمصادقة، سيتم إجراء مراجعات دورية:

*   **التردد:** سيتم مراجعة هذه السياسة ربع سنوياً (كل 3 أشهر) على الأقل.
*   **المسؤول عن المراجعة:** فريق أمن المعلومات، بالتعاون مع قسم تكنولوجيا المعلومات وقسم الامتثال.
*   **نطاق المراجعة:**
    *   التوافق مع أحدث إصدارات ضوابط الهيئة الوطنية للأمن السيبراني (ECC 2-2) ومعيار ISO 27001 Annex A.9.
    *   تقييم فعالية السياسة في مواجهة التهديدات الأمنية الناشئة، وخاصة تلك التي تستهدف القوى العاملة عن بُعد.
    *   مراجعة التطورات التكنولوجية وأفضل الممارسات الصناعية في مجال إدارة الهوية والوصول والمصادقة.
    *   التعليقات الواردة من الموظفين والإدارة.
    *   نتائج التدقيق الداخلي والخارجي.
    *   سجلات الحوادث الأمنية المتعلقة بالوصول والمصادقة.

### 11. الأدوار والمسؤوليات

لضمان التنفيذ الفعال لهذه السياسة، يتم تحديد الأدوار والمسؤوليات التالية:

*   **مدير الأمن السيبراني (CISO) / رئيس أمن المعلومات:**
    *   المسؤولية النهائية عن تطوير هذه السياسة ومراجعتها والموافقة عليها.
    *   ضمان الامتثال لضوابط الهيئة الوطنية للأمن السيبراني ومعيار ISO 27001.
    *   الإشراف على تنفيذ السياسة وتطبيقها.
*   **إدارة تكنولوجيا المعلومات / المسؤولون عن الأنظمة:**
    *   تنفيذ هذه السياسة وتطبيقها تقنياً عبر أنظمة المؤسسة (مثل خدمات الدليل النشط، أنظمة إدارة الهوية، أنظمة VPN).
    *   تكوين الأنظمة لفرض متطلبات تعقيد كلمات المرور وانتهاء صلاحيتها وسجلها وسياسات قفل الحساب.
    *   توفير الدعم الفني للمستخدمين في إعادة تعيين كلمات المرور وحل مشكلات المصادقة.
    *   ضمان توفر حلول المصادقة متعددة العوامل ودعمها.
*   **فريق أمن المعلومات:**
    *   مراقبة تطبيق السياسة والكشف عن أي انتهاكات محتملة.
    *   التحقيق في الحوادث الأمنية المتعلقة بكلمات المرور والمصادقة.
    *   تقديم التوعية والتدريب للموظفين حول أفضل ممارسات أمن كلمات المرور.
    *   المشاركة في المراجعة الدورية للسياسة.
*   **إدارة الموارد البشرية (HR):**
    *   ضمان دمج متطلبات سياسة كلمات المرور في عملية انضمام الموظفين الجدد (Onboarding) وفصل الموظفين (Offboarding).
    *   تضمين السياسة في وثائق الموظفين والتدريب الأولي.
*   **جميع الموظفين والمتعاقدين والجهات الخارجية:**
    *   فهم هذه السياسة والالتزام بها بشكل كامل.
    *   الإبلاغ عن أي حوادث أمنية أو اشتباه في اختراق كلمات المرور على الفور.
    *   المشاركة في التدريبات التوعوية الدورية.
*   **الإدارة العليا:**
    *   توفير الموارد اللازمة لتنفيذ السياسة.
    *   دعم ثقافة الأمن السيبراني في جميع أنحاء المؤسسة.

### 12. عواقب عدم الامتثال

يُعد الالتزام بسياسة كلمات المرور والمصادقة هذه أمراً بالغ الأهمية لأمن [اسم المؤسسة المالية] وسمعتها، خاصة بصفتها مؤسسة مالية إقليمية تتعامل مع بيانات حساسة للغاية. يمكن أن يؤدي عدم الامتثال إلى عواقب وخيمة:

*   **إجراءات تأديبية:**
    *   بالنسبة للموظفين: قد يؤدي عدم الامتثال إلى إجراءات تأديبية تتراوح من التوبيخ الشفوي أو الكتابي، إلى تعليق العمل، وصولاً إلى إنهاء الخدمة، وفقاً لسياسات الموارد البشرية الداخلية وقوانين العمل المعمول بها.
    *   بالنسبة للمتعاقدين/الجهات الخارجية: قد يؤدي عدم الامتثال إلى إنهاء العقود.
*   **العواقب القانونية والتنظيمية:**
    *   بصفتها مؤسسة مالية، فإن [اسم المؤسسة المالية] تخضع لمتطلبات تنظيمية صارمة. قد يؤدي عدم الامتثال لهذه السياسة إلى انتهاكات تنظيمية، مما قد يترتب عليه غرامات مالية كبيرة وعقوبات تفرضها الهيئات التنظيمية المحلية والدولية.
    *   قد يؤدي انتهاك هذه السياسة إلى مسائل قانونية، خاصة في حالة اختراق البيانات الناتج عن ضعف كلمات المرور أو عدم الالتزام بمتطلبات المصادقة.
*   **التعرض الأمني وفقدان البيانات:**
    *   يزيد عدم الامتثال بشكل كبير من مخاطر الوصول غير المصرح به إلى أنظمة وبيانات المؤسسة، مما قد يؤدي إلى اختراق البيانات، وسرقة المعلومات المالية للعملاء، والاحتيال.
*   **الأضرار المالية والسمعة:**
    *   يمكن أن تؤدي خروقات الأمن الناتجة عن عدم الامتثال إلى خسائر مالية فادحة للمؤسسة، بما في ذلك تكاليف الاستجابة للحوادث، والتعويضات، وتكاليف استعادة الثقة.
    *   يمكن أن يؤثر فقدان الثقة لدى العملاء والشركاء بشكل كارثي على سمعة المؤسسة ومكانتها في السوق الإقليمي.
    *   تعطيل العمليات التشغيلية وتوقف الخدمات، مما يؤثر على قدرة المؤسسة على تقديم الخدمات المالية الأساسية.

تلتزم [اسم المؤسسة المالية] بتوفير بيئة عمل آمنة وموثوقة لجميع أصحاب المصلحة، ويجب على الجميع الاضطلاع بدورهم في تحقيق هذا الهدف.

---
**نهاية الوثيقة**",Fully Compliant,1.0,,0,تُظهر سياسة كلمات المرور والمصادقة هذه توافقاً ممتازاً مع ضوابط الهيئة الوطنية للأمن السيبراني (ECC 2-2) ومعيار ISO 27001 الملحق A.9. تغطي السياسة جميع الجوانب الرئيسية لمتطلبات كلمات المرور والمصادقة بشكل شامل ومفصل، بما في ذلك متطلبات التعقيد القوية، وسياسة انتهاء الصلاحية وسجل كلمات المرور، وسياسة قفل الحساب، ومتطلبات المصادقة متعددة العوامل (MFA) الإلزامية للسيناريوهات الحرجة، وإجراءات إدارة الوصول المميز (PAM) المفصلة، ومتطلبات تخزين ونقل كلمات المرور الآمنة (التجزئة مع الملح والتشفير)، وجدول مراجعة دوري واضح، وتحديد دقيق للأدوار والمسؤوليات. لم يتم العثور على أي من الثغرات المحددة في قائمة التقييم.,2-2 Identity and Access Management,2026-02-02T01:51:34.001129
password_policy_ar_excellent_2_20260202015221,password_policy,ar,excellent,"بالتأكيد، إليك سياسة كلمات مرور ومصادقة ممتازة وشاملة مصممة خصيصًا لمؤسسة تعليمية متوسطة الحجم (500-1000 موظف) تتعامل مع معلومات العملاء الحساسة، وتتوافق تمامًا مع ضوابط الهيئة الوطنية للأمن السيبراني ECC 2-2 ومعيار ISO 27001 الملحق A.9.

---

**[اسم المؤسسة التعليمية]**

**سياسة كلمات المرور والمصادقة**

**الوثيقة رقم:** [أدخل رقم الوثيقة]
**الإصدار:** 1.0
**تاريخ الإصدار:** 2023-10-27
**المؤلف:** [اسم قسم أمن المعلومات]
**المراجع:** [اسم قسم أمن المعلومات / رئيس قسم تقنية المعلومات]
**الموافق عليها من قبل:** [اسم رئيس المؤسسة / المدير التنفيذي]
**تاريخ المراجعة المخطط لها:** 2024-01-27 (ربع سنوية)

---

**1. الغرض والنطاق**

**1.1 الغرض:**
تحدد هذه السياسة المتطلبات والمعايير لإنشاء وإدارة وحماية كلمات المرور وآليات المصادقة الأخرى داخل [اسم المؤسسة التعليمية]. يهدف الغرض الأساسي من هذه السياسة إلى حماية أصول المؤسسة الرقمية، بما في ذلك البيانات الحساسة للمستخدمين (مثل سجلات الطلاب والمعلومات المالية والشخصية)، والبنية التحتية لتكنولوجيا المعلومات، والأنظمة، والتطبيقات من الوصول غير المصرح به. تضمن هذه السياسة الامتثال لضوابط الهيئة الوطنية للأمن السيبراني ECC 2-2 (إدارة الهوية والوصول) ومعيار ISO 27001 الملحق A.9 (التحكم في الوصول)، بالإضافة إلى أفضل ممارسات الأمن السيبراني.

**1.2 النطاق:**
تنطبق هذه السياسة على جميع الأفراد الذين يستخدمون أو يديرون أنظمة ومعلومات [اسم المؤسسة التعليمية]، بما في ذلك على سبيل المثال لا الحصر:
*   جميع الموظفين (أعضاء هيئة التدريس، والموظفون الإداريون، والموظفون الفنيون، وغيرهم).
*   المتعاقدون والمقاولون والاستشاريون والزوار والموظفون المؤقتون والمتطوعون.
*   أي أطراف ثالثة لديها إمكانية الوصول إلى أنظمة أو بيانات المؤسسة.
*   جميع الأنظمة والتطبيقات والخدمات والأجهزة التي تتطلب مصادقة للوصول، سواء كانت مملوكة للمؤسسة أو مدارة من قبلها، أو مستضافة خارجيًا ولكنها تعالج بيانات المؤسسة.
*   على وجه الخصوص، تغطي هذه السياسة الوصول إلى أنظمة معلومات الطلاب (SIS)، أنظمة إدارة التعلم (LMS)، أنظمة الموارد البشرية (HR)، الأنظمة المالية، وأنظمة إدارة الشبكة والخوادم.

**2. المبادئ العامة**

تلتزم [اسم المؤسسة التعليمية] بالمبادئ التالية فيما يتعلق بإدارة كلمات المرور والمصادقة:
*   **أمن البيانات:** حماية سرية وسلامة وتوافر معلومات المؤسسة، وخاصة بيانات الطلاب الحساسة.
*   **الحد الأدنى من الامتيازات:** منح الحد الأدنى من حقوق الوصول المطلوبة لأداء المهام الوظيفية.
*   **المساءلة:** ضمان إمكانية تتبع جميع الإجراءات المتخذة على الأنظمة للمستخدمين الفرديين.
*   **الوعي الأمني:** تثقيف المستخدمين حول أهمية ممارسات كلمات المرور الآمنة.

**3. متطلبات تعقيد كلمة المرور**

يجب أن تفي كلمات المرور الخاصة بجميع حسابات المستخدمين بالحد الأدنى من متطلبات التعقيد التالية:
*   **الحد الأدنى للطول:** يجب ألا تقل عن 12 حرفًا.
*   **تنوع الأحرف:** يجب أن تحتوي على مزيج من أربعة أنواع من الأحرف على الأقل:
    *   أحرف كبيرة (A-Z).
    *   أحرف صغيرة (a-z).
    *   أرقام (0-9).
    *   رموز خاصة (مثل !@#$%^&*()_+-=[]{}|;':"",.<>?/`~).
*   **عدم استخدام معلومات شخصية:** يجب ألا تحتوي كلمات المرور على معلومات شخصية يمكن تخمينها بسهولة مثل أسماء المستخدمين أو أجزاء منها، أسماء العائلة، أرقام الهواتف، تواريخ الميلاد، عناوين البريد الإلكتروني، أسماء الحيوانات الأليفة، أو الكلمات الشائعة والقواميس.
*   **تجنب الأنماط المتسلسلة أو المتكررة:** يجب عدم استخدام تسلسلات (مثل ""123456"" أو ""abcde"") أو أحرف متكررة (مثل ""aaaaaa"").
*   **العبارات المرورية:** يوصى بشدة باستخدام ""العبارات المرورية"" (Passphrases) التي تتكون من عدة كلمات غير مرتبطة لزيادة قوة كلمة المرور وسهولة تذكرها، شريطة أن تفي بمتطلبات الطول والتعقيد.

**4. سياسة انتهاء صلاحية كلمة المرور**

لضمان التحديث المستمر لكلمات المرور وتقليل مخاطر التسوية:
*   **الحد الأقصى للصلاحية:** يجب على جميع المستخدمين تغيير كلمات المرور الخاصة بهم بحد أقصى كل 90 يومًا. سيقوم النظام بفرض هذا التغيير تلقائيًا.
*   **تغيير كلمة المرور الأولية:** يجب على المستخدمين تغيير كلمة المرور الأولية أو المؤقتة التي يتم توفيرها لهم عند أول تسجيل دخول. لن يتم منحهم إمكانية الوصول الكامل إلى النظام قبل تغييرها.
*   **التغيير الفوري:** في حالة الاشتباه في تعرض كلمة مرور للخطر أو تسريبها، يجب على المستخدم تغييرها فورًا وإبلاغ مكتب المساعدة الفني.

**5. سجل كلمات المرور**

لمنع إعادة استخدام كلمات المرور القديمة والمعرضة للخطر:
*   **عدم إعادة الاستخدام:** يجب على المستخدمين عدم إعادة استخدام أي من آخر 12 كلمة مرور سابقة استخدموها لحساباتهم. سيقوم النظام بفرض هذا القيد تلقائيًا.

**6. سياسة قفل الحساب**

لحماية الحسابات من هجمات التخمين والقوة الغاشمة:
*   **عدد المحاولات الفاشلة:** سيتم قفل حساب المستخدم تلقائيًا بعد 5 محاولات فاشلة متتالية لتسجيل الدخول.
*   **مدة القفل:** سيبقى الحساب مقفلاً لمدة 30 دقيقة. بعد انقضاء هذه المدة، سيتم إلغاء قفل الحساب تلقائيًا ويمكن للمستخدم المحاولة مرة أخرى.
*   **إلغاء القفل اليدوي:** يمكن لموظفي قسم تقنية المعلومات المخولين إلغاء قفل الحسابات يدويًا إذا تم التحقق من هوية المستخدم بشكل صحيح، ويتم تسجيل جميع عمليات إلغاء القفل اليدوية للمراجعة.

**7. متطلبات المصادقة متعددة العوامل (MFA)**

لتعزيز أمان الوصول إلى الأنظمة الحساسة:
*   **الوصول عن بُعد:** تتطلب جميع عمليات الوصول عن بُعد إلى شبكة وأنظمة [اسم المؤسسة التعليمية] (مثل VPN، الوصول عن بُعد لسطح المكتب، والخدمات السحابية) المصادقة متعددة العوامل (MFA).
*   **الحسابات ذات الصلاحيات العالية:** يجب تمكين المصادقة متعددة العوامل (MFA) لجميع الحسابات التي لديها صلاحيات عالية أو مميزة (مثل حسابات المسؤولين، حسابات مديري الأنظمة، حسابات إدارة قواعد البيانات، حسابات إدارة الموارد البشرية التي تتعامل مع بيانات حساسة للغاية، والحسابات المالية).
*   **الأنظمة الإدارية:** تتطلب جميع عمليات الوصول إلى واجهات الإدارة للأنظمة الحيوية والمعلومات الحساسة (مثل لوحات تحكم أنظمة معلومات الطلاب (SIS)، واجهات إدارة أنظمة إدارة التعلم (LMS)، أنظمة تخطيط موارد المؤسسات (ERP)، أنظمة إدارة البنية التحتية، الخوادم، وأجهزة الشبكة) المصادقة متعددة العوامل (MFA).
*   **طرق المصادقة:** سيتم دعم طرق MFA المعتمدة من قبل قسم تقنية المعلومات، والتي قد تشمل تطبيقات المصادقة (Authenticator Apps)، رموز OTP المستندة إلى الوقت (TOTP)، مفاتيح الأمان المادية (Security Keys)، أو المصادقة البيومترية.

**8. إجراءات إدارة الوصول المميز**

يتطلب الوصول المميز (Privileged Access) إلى الأنظمة الحيوية عناية خاصة:
*   **مبدأ الحد الأدنى من الامتيازات:** يتم منح الوصول المميز فقط للأفراد الذين تتطلب مهامهم الوظيفية ذلك بشكل مطلق، ويتم منح أقل مستوى ممكن من الامتيازات لأداء المهمة.
*   **حسابات مخصصة:** يجب على المستخدمين الذين لديهم وصول مميز استخدام حسابات منفصلة ومخصصة للمهام المميزة. يجب عليهم استخدام حساباتهم العادية غير المميزة للمهام اليومية والبريد الإلكتروني وتصفح الإنترنت.
*   **المصادقة متعددة العوامل:** المصادقة متعددة العوامل إلزامية لجميع عمليات تسجيل الدخول إلى الحسابات المميزة.
*   **التسجيل والمراقبة:** يتم تسجيل جميع أنشطة الوصول المميز ومراجعتها بانتظام (يوميًا/أسبوعيًا للأنظمة الحرجة).
*   **المراجعة الدورية:** تتم مراجعة حقوق الوصول المميز بشكل ربع سنوي (كل ثلاثة أشهر) أو عند تغيير دور الموظف أو إنهاء الخدمة لضمان بقائها مناسبة ومطلوبة.
*   **محطات العمل الآمنة:** يوصى بشدة باستخدام محطات عمل مخصصة وآمنة (Hardened Workstations) للمهام المميزة، حيث يتم تقليل مخاطر البرامج الضارة والوصول غير المصرح به.
*   **أنظمة إدارة الوصول المميز (PAM):** سيتم استخدام حلول PAM لإدارة كلمات المرور الخاصة بالحسابات المميزة وتدويرها تلقائيًا، والتحكم في الوصول إلى الأنظمة الحساسة.

**9. تخزين ونقل كلمات المرور**

يجب حماية كلمات المرور في جميع مراحل دورة حياتها:
*   **التخزين:** يجب تخزين كلمات المرور الخاصة بالمستخدمين في قواعد البيانات بطريقة مشفرة (مجزوءة مع استخدام الملح - Hashed with Salt) ولا يجب تخزينها أبدًا كنص عادي.
*   **النقل:** يجب نقل كلمات المرور عبر الشبكات باستخدام بروتوكولات آمنة ومشفرة فقط (مثل HTTPS، SSH، VPN). لا يجوز أبدًا نقل كلمات المرور عبر قنوات غير مشفرة أو غير آمنة (مثل البريد الإلكتروني العادي أو الرسائل الفورية غير المشفرة).
*   **عدم المشاركة:** يحظر منعًا باتًا مشاركة كلمات المرور مع أي شخص آخر، بما في ذلك الزملاء أو المشرفين أو موظفي قسم تقنية المعلومات. لن يطلب موظفو قسم تقنية المعلومات كلمة المرور الخاصة بك أبدًا.
*   **عدم الكتابة:** يجب على المستخدمين عدم تدوين كلمات المرور الخاصة بهم في أماكن غير آمنة أو يمكن الوصول إليها بسهولة. يوصى باستخدام برامج إدارة كلمات المرور المعتمدة من قبل المؤسسة لتخزين كلمات المرور.

**10. إجراءات الوصول الطارئ**

لضمان استمرارية العمليات في حالات الطوارئ:
*   **الغرض:** توفير آلية للوصول إلى الأنظمة والبيانات الحيوية في حالات الطوارئ القصوى (مثل فشل النظام الكلي، عدم توفر الموظفين الرئيسيين، الكوارث الطبيعية) عندما لا يمكن اتباع إجراءات الوصول العادية.
*   **حساب ""كسر الزجاج"":** سيتم إنشاء حسابات وصول طارئة (تُعرف أيضًا باسم حسابات ""كسر الزجاج"" - Break-Glass Accounts) تكون مخصصة لهذا الغرض فقط، محمية بشدة، ونادرًا ما تستخدم.
*   **الإجراءات الموثقة:** يجب أن تكون إجراءات الوصول الطارئ موثقة وموافق عليها مسبقًا، وتحدد بوضوح من يمكنه طلبها، ومن يمكنه الموافقة عليها، وكيفية تنفيذها.
*   **الموافقة المتعددة:** يتطلب تفعيل الوصول الطارئ موافقة متعددة من الإدارة العليا وقسم أمن المعلومات.
*   **المصادقة متعددة العوامل:** يجب أن تكون المصادقة متعددة العوامل إلزامية لجميع حسابات الوصول الطارئ.
*   **التسجيل والمراجعة:** يتم تسجيل جميع استخدامات الوصول الطارئ بدقة ومراقبتها ومراجعتها بشكل فوري وشامل بعد كل استخدام لتقييم الحاجة والامتثال.
*   **إعادة تعيين كلمة المرور:** يجب إعادة تعيين كلمة المرور الخاصة بحسابات الوصول الطارئ فورًا بعد كل استخدام.

**11. جدول المراجعة الدورية**

لضمان فعالية السياسة واستمرار ملاءمتها:
*   **مراجعة السياسة:** تتم مراجعة سياسة كلمات المرور والمصادقة هذه بشكل ربع سنوي (كل ثلاثة أشهر) على الأقل، أو عند حدوث تغييرات كبيرة في التقنيات، أو المتطلبات التنظيمية، أو بيئة التهديدات.
*   **مراجعة حقوق الوصول:**
    *   **الحسابات المميزة:** تتم مراجعة حقوق الوصول للحسابات المميزة بشكل ربع سنوي على الأقل.
    *   **الحسابات العادية:** تتم مراجعة حقوق الوصول للحسابات العادية بشكل نصف سنوي أو سنوي.
*   **مراجعة سجلات التدقيق:** تتم مراجعة سجلات التدقيق المتعلقة بمحاولات تسجيل الدخول الفاشلة، وتفعيل MFA، واستخدام الوصول المميز، والوصول الطارئ بشكل منتظم (يوميًا/أسبوعيًا للأنظمة الحرجة، شهريًا للأنظمة الأخرى).

**12. الأدوار والمسؤوليات**

تتطلب إدارة كلمات المرور والمصادقة الفعالة مشاركة من مختلف الأطراف:
*   **إدارة المؤسسة:** المسؤولية الشاملة عن توفير الموارد اللازمة لتنفيذ هذه السياسة وفرضها.
*   **مدير أمن المعلومات (CISO):**
    *   المسؤولية عن تطوير هذه السياسة ومراجعتها وتحديثها.
    *   ضمان الامتثال للمعايير والضوابط التنظيمية (ECC 2-2، ISO 27001).
    *   مراقبة فعالية ضوابط كلمات المرور والمصادقة.
    *   التعامل مع الحوادث الأمنية المتعلقة بكلمات المرور.
*   **إدارة تقنية المعلومات (IT Department):**
    *   تنفيذ المتطلبات الفنية لهذه السياسة (مثل فرض التعقيد، انتهاء الصلاحية، سجل كلمات المرور، قفل الحساب، MFA).
    *   توفير الدعم للمستخدمين فيما يتعلق بإدارة كلمات المرور واستكشاف الأخطاء وإصلاحها.
    *   إدارة حسابات المستخدمين وحقوق الوصول المميزة.
    *   مراقبة سجلات التدقيق والإبلاغ عن أي أنشطة مشبوهة.
    *   توفير التدريب والتوعية للمستخدمين.
*   **مديرو الأقسام:**
    *   ضمان فهم موظفيهم لهذه السياسة والالتزام بها.
    *   طلب حقوق الوصول المناسبة لموظفيهم بناءً على مبدأ الحد الأدنى من الامتيازات.
    *   الإبلاغ الفوري عن أي تغييرات في أدوار الموظفين أو إنهاء خدماتهم لقسم تقنية المعلومات لتحديث أو إزالة حقوق الوصول.
*   **جميع الموظفين والمستخدمين:**
    *   قراءة هذه السياسة وفهمها والالتزام بجميع متطلباتها.
    *   إنشاء كلمات مرور قوية وصيانتها.
    *   حماية كلمات المرور الخاصة بهم وعدم مشاركتها.
    *   الإبلاغ الفوري عن أي حوادث أمنية أو اشتباه في تعرض كلمة المرور للخطر.

**13. عواقب عدم الامتثال**

يتم التعامل مع أي انتهاك لهذه السياسة بجدية وقد يؤدي إلى عواقب وخيمة:
*   **الإجراءات التأديبية:** قد يواجه الموظفون الذين ينتهكون هذه السياسة إجراءات تأديبية تتراوح من الإنذار الشفهي أو الخطي إلى الفصل من الخدمة، وذلك حسب خطورة الانتهاك وتأثيره.
*   **العواقب القانونية:** في حالات انتهاك البيانات أو الإهمال الجسيم الذي يؤدي إلى أضرار للمؤسسة أو أطراف ثالثة (مثل الطلاب)، قد يتعرض الأفراد للمساءلة القانونية.
*   **الأضرار التشغيلية:** قد يؤدي عدم الامتثال إلى تعريض أنظمة المؤسسة ومعلوماتها للخطر، مما يؤثر على سير العمليات التعليمية والإدارية.
*   **الأضرار المالية والسمعة:** قد ينتج عن انتهاكات البيانات غرامات تنظيمية باهظة (بسبب التعامل مع بيانات حساسة) وتدهور في سمعة [اسم المؤسسة التعليمية] ككل.

---

**المراجع:**
*   ضوابط الهيئة الوطنية للأمن السيبراني (ECC-1:2018) - الضابط 2-2: إدارة الهوية والوصول
*   ISO/IEC 27001:2013 - Annex A.9: Access Control

**المصطلحات والمختصرات:**
*   **MFA:** المصادقة متعددة العوامل (Multi-Factor Authentication)
*   **PAM:** إدارة الوصول المميز (Privileged Access Management)
*   **VPN:** الشبكة الافتراضية الخاصة (Virtual Private Network)
*   **SIS:** نظام معلومات الطلاب (Student Information System)
*   **LMS:** نظام إدارة التعلم (Learning Management System)
*   **ERP:** تخطيط موارد المؤسسة (Enterprise Resource Planning)
*   **OTP:** كلمة المرور لمرة واحدة (One-Time Password)

---",Fully Compliant,1.0,,0,تعتبر وثيقة سياسة كلمات المرور والمصادقة شاملة وممتازة، وتتوافق بشكل كامل مع ضوابط الهيئة الوطنية للأمن السيبراني ECC 2-2 ومعيار ISO 27001 الملحق A.9. لقد تم تناول جميع الفئات الثمانية للثغرات المحتملة (GAP_PP_001 إلى GAP_PP_008) بشكل فعال ومفصل ضمن السياسة، مما يشير إلى عدم وجود أي ثغرات رئيسية في هذا الجانب. تغطي السياسة متطلبات تعقيد كلمات المرور، وانتهاء الصلاحية، وسجل كلمات المرور، وسياسة قفل الحساب، ومتطلبات المصادقة متعددة العوامل، وإدارة الوصول المميز، وتخزين ونقل كلمات المرور، وإجراءات الوصول الطارئ، وجدول المراجعة الدورية، والأدوار والمسؤوليات، وعواقب عدم الامتثال بشكل وافٍ.,2-2 Identity and Access Management,2026-02-02T01:52:21.227620
password_policy_ar_excellent_3_20260202015311,password_policy,ar,excellent,"بالتأكيد، إليك مسودة سياسة كلمات مرور ممتازة وشاملة، مصممة خصيصًا لمنظمة مقاول دفاعي متوسطة الحجم (500-1000 موظف) مع تركيز قوي على أمن القوى العاملة عن بُعد، ومتوافقة مع ضوابط الهيئة الوطنية للأمن السيبراني (ECC 2-2) ومعيار ISO 27001 الملحق A.9.

---

**[اسم المنظمة]**

**سياسة إدارة كلمات المرور والمصادقة**

| **معرف الوثيقة:** | SEC-POL-003 | **الإصدار:** | 1.0 |
| :---------------- | :---------- | :---------- | :-- |
| **تاريخ الإصدار:** | 2023-10-27  | **تاريخ المراجعة التالي:** | 2024-01-27 |
| **الموافقة بواسطة:** | المدير التنفيذي (CEO) | **قسم المسؤولية:** | الأمن السيبراني وتقنية المعلومات |

---

**1. الغرض والنطاق**

**1.1. الغرض:**
تحدد هذه السياسة المتطلبات الدنيا والممارسات المعيارية لإدارة كلمات المرور والمصادقة داخل [اسم المنظمة]. نظرًا لطبيعة عملنا كمقاول دفاعي وتوفير حلول حساسة، فإن حماية الوصول إلى أنظمتنا وبياناتنا أمر بالغ الأهمية لأمننا التشغيلي وحماية معلومات الأمن القومي التي نعهد بها. تهدف هذه السياسة إلى تقليل مخاطر الوصول غير المصرح به، وتعزيز الوضع الأمني العام، وضمان الامتثال للضوابط التنظيمية مثل ضوابط الهيئة الوطنية للأمن السيبراني (ECC 2-2) ومعيار ISO 27001 الملحق A.9 (التحكم في الوصول). إن التنفيذ الصارم لهذه السياسة ضروري للحفاظ على سرية وسلامة وتوافر معلوماتنا وأنظمتنا.

**1.2. النطاق:**
تنطبق هذه السياسة على جميع الموظفين (بدوام كامل، بدوام جزئي، مؤقتين)، المتعاقدين، المستشارين، والبائعين، وأي أطراف خارجية لديهم وصول إلى أنظمة معلومات [اسم المنظمة]، وشبكاتها، وبياناتها، وتطبيقاتها، سواء كانت داخلية أو مستضافة خارجيًا. يشمل النطاق جميع أنواع الوصول (المحلي، عن بُعد، عبر الإنترنت) وجميع الأجهزة المملوكة للمنظمة أو الشخصية المستخدمة للوصول إلى موارد المنظمة. ينطبق هذا بشكل خاص على القوى العاملة عن بُعد، حيث تشكل نقاط النهاية خارج الشبكة التقليدية تحديات أمنية فريدة تتطلب مصادقة قوية.

---

**2. متطلبات تعقيد كلمة المرور**

يجب أن تلتزم جميع كلمات المرور الخاصة بالمستخدمين النهائيين وحسابات الخدمة ومسؤولي النظام بالمتطلبات التالية لضمان قوة كافية ضد هجمات التخمين والقوة الغاشمة:

*   **الحد الأدنى للطول:** يجب ألا يقل طول كلمة المرور عن اثني عشر (12) حرفًا.
*   **التعقيد:** يجب أن تتضمن كلمات المرور مزيجًا من أربعة أنواع من الأحرف:
    *   حرف كبير واحد على الأقل (A-Z).
    *   حرف صغير واحد على الأقل (a-z).
    *   رقم واحد على الأقل (0-9).
    *   رمز خاص واحد على الأقل (على سبيل المثال: !@#$%^&*()_+{}|:""<>?`~[]\;',./-).
*   **التفرد والتمييز:**
    *   يجب ألا تحتوي كلمات المرور على معرف المستخدم أو اسم حساب [اسم المنظمة] أو اسم المستخدم الحقيقي أو اسم المنظمة.
    *   يجب ألا تكون كلمات المرور كلمات قاموسية معروفة أو أنماطًا بسيطة (مثل ""password123"" أو ""qwerty"").
    *   يجب تشجيع استخدام ""عبارات المرور"" (Passphrases) التي تتكون من عدة كلمات عشوائية لتوفير طول وتعقيد إضافيين مع سهولة التذكر.
*   **كلمات المرور الأولية:** يجب على المستخدمين تغيير كلمات المرور الأولية أو المؤقتة التي تم إنشاؤها بواسطة النظام فور تسجيل الدخول الأول.

---

**3. سياسة انتهاء صلاحية كلمة المرور**

لتقليل مخاطر تعرض كلمات المرور، يجب تحديثها بانتظام:

*   **الحد الأقصى لعمر كلمة المرور:** يجب على جميع المستخدمين تغيير كلمات مرورهم بحد أقصى كل تسعين (90) يومًا. ستطالب الأنظمة المستخدمين تلقائيًا بتغيير كلمات المرور عند اقتراب انتهاء صلاحيتها.
*   **التغيير الفوري:**
    *   يجب على المستخدمين تغيير كلمة مرورهم فورًا إذا كان هناك أي اشتباه في تعرضها للخطر أو تسربها.
    *   يجب على المستخدمين تغيير كلمات المرور الأولية أو التي تم إعادة تعيينها بواسطة المسؤولين فور تسجيل الدخول الأول.

---

**4. سجل كلمات المرور**

لمنع إعادة تدوير كلمات المرور الضعيفة أو التي تم استخدامها مؤخرًا:

*   **عدم إعادة الاستخدام:** يجب على الأنظمة فرض منع إعادة استخدام أي من كلمات المرور الاثني عشر (12) الأخيرة التي استخدمها المستخدم.

---

**5. سياسة قفل الحساب**

لحماية الحسابات من هجمات القوة الغاشمة والتخمين:

*   **محاولات تسجيل الدخول الفاشلة:** سيتم قفل حساب المستخدم تلقائيًا بعد خمس (5) محاولات فاشلة لتسجيل الدخول.
*   **مدة القفل:** سيبقى الحساب المقفل كذلك لمدة ثلاثين (30) دقيقة قبل أن يتم فتحه تلقائيًا.
*   **إلغاء القفل اليدوي:** في حالات استثنائية، يمكن للموظفين المصرح لهم في قسم تقنية المعلومات/الأمن السيبراني إلغاء قفل الحساب يدويًا بعد التحقق الصارم من هوية المستخدم.
*   **إشعارات المسؤول:** سيتم إرسال إشعارات إلى فريق الأمن السيبراني عند حدوث عمليات قفل حساب متكررة أو بكميات كبيرة، مما يشير إلى هجوم محتمل.

---

**6. متطلبات المصادقة متعددة العوامل (MFA)**

لتعزيز أمان الوصول، وخاصة للقوى العاملة عن بُعد والوصول إلى الموارد الحساسة:

*   **الوصول عن بُعد:** تتطلب جميع محاولات الوصول عن بُعد إلى شبكة [اسم المنظمة] وأنظمتها (مثل الشبكات الافتراضية الخاصة - VPN، والوصول إلى تطبيقات الويب المستضافة) المصادقة متعددة العوامل (MFA).
*   **الحسابات ذات الصلاحيات العالية:** يجب أن تستخدم جميع الحسابات المعينة بصلاحيات عالية (مثل مسؤولي النظام، مسؤولي الشبكة، مسؤولي قواعد البيانات، المستخدمين الذين لديهم وصول إلى البيانات المصنفة أو الحساسة) المصادقة متعددة العوامل (MFA) بغض النظر عن موقع الوصول.
*   **الأنظمة الإدارية:** يجب تأمين الوصول إلى جميع الأنظمة التي تدير البنية التحتية لتكنولوجيا المعلومات (مثل وحدات التحكم بالمجال، خوادم التكوين، أنظمة إدارة الأمن، أنظمة النسخ الاحتياطي) باستخدام المصادقة متعددة العوامل (MFA).
*   **أنواع المصادقة المدعومة:** ستحدد [اسم المنظمة] أنواع المصادقة متعددة العوامل المدعومة (مثل تطبيقات المصادقة على الهاتف المحمول، رموز الأجهزة، المصادقة البيومترية).

---

**7. إجراءات إدارة الوصول المميز**

يتطلب الوصول المميز إلى أنظمة [اسم المنظمة] مراقبة وحماية خاصة:

*   **مبدأ الامتياز الأقل (Principle of Least Privilege):** يجب منح الوصول المميز فقط عند الضرورة القصوى لأداء وظيفة محددة ويجب أن يكون محددًا بالوقت (إذا كان ممكنًا) أو بالمهام.
*   **فصل الواجبات (Separation of Duties):** يجب فصل المهام الإدارية الحرجة لضمان عدم تمكن فرد واحد من التحكم في عملية كاملة دون إشراف أو مراجعة.
*   **حسابات مخصصة:** يجب استخدام حسابات منفصلة ومخصصة للمهام الإدارية والمميزة. يجب ألا يتم استخدام هذه الحسابات للأنشطة اليومية غير الإدارية (مثل تصفح الويب أو البريد الإلكتروني).
*   **مراجعة منتظمة:** يجب مراجعة حقوق الوصول المميز بشكل ربع سنوي (انظر القسم 10) للتأكد من أنها لا تزال ضرورية ومناسبة للأدوار الوظيفية الحالية.
*   **التوثيق والتوثيق:** يجب توثيق جميع منح وتغييرات وإلغاء صلاحيات الوصول المميز بدقة.
*   **المراقبة:** يجب مراقبة جلسات الوصول المميز وسجلاتها بفعالية للكشف عن أي نشاط مشبوه.

---

**8. تخزين ونقل كلمات المرور**

يجب حماية كلمات المرور في جميع مراحل دورة حياتها:

*   **التخزين الآمن:**
    *   يجب تخزين كلمات المرور داخل أنظمة [اسم المنظمة] بشكل مشفر وغير قابل للعكس (باستخدام وظائف التجزئة أحادية الاتجاه مع التمليح - hashing with salting).
    *   لا يجوز تخزين أي كلمات مرور في نص عادي أو في شكل قابل للاسترداد بسهولة في أي نظام أو قاعدة بيانات.
    *   يجب تخزين مفاتيح التشفير بشكل آمن، منفصلة عن البيانات المشفرة.
*   **النقل الآمن:**
    *   يجب دائمًا نقل كلمات المرور وبيانات المصادقة عبر قنوات اتصال مشفرة (مثل SSL/TLS آمن، VPN).
    *   لا يجوز أبدًا إرسال كلمات المرور عبر البريد الإلكتروني غير المشفر، أو الرسائل الفورية، أو أي وسيلة اتصال أخرى غير آمنة.
*   **الاستخدام الشخصي:**
    *   يُمنع منعًا باتًا على الموظفين كتابة كلمات المرور على الملاحظات اللاصقة أو الاحتفاظ بها في ملفات غير مشفرة أو مشاركتها مع أي شخص آخر، بما في ذلك الزملاء أو المشرفون أو دعم تقنية المعلومات.
    *   تشجع [اسم المنظمة] على استخدام مدير كلمات مرور معتمد من قبل المنظمة لتخزين كلمات المرور المعقدة والوصول إليها بشكل آمن.

---

**9. إجراءات الوصول الطارئ**

لضمان استمرارية العمليات في حالة الطوارئ مع الحفاظ على الأمان:

*   **تحديد الحسابات:** يجب تحديد مجموعة محدودة من حسابات ""الوصول الطارئ"" أو ""حسابات كسر الزجاج"" مسبقًا.
*   **التوثيق:** يجب توثيق إجراءات الوصول الطارئ بالكامل وتدريب الموظفين المصرح لهم عليها بانتظام.
*   **التخزين الآمن:** يجب تخزين بيانات اعتماد الوصول الطارئ (مثل كلمات المرور، المفاتيح المادية، رموز المصادقة) في خزنة آمنة ومقاومة للعبث، مع إمكانية الوصول المحدود إلى عدد قليل من كبار الموظفين الأمنيين والموظفين الإداريين، في مظاريف مختومة وموقعة.
*   **التسجيل والمراجعة:** يجب تسجيل جميع حالات الوصول الطارئ بدقة (من وصل، متى، لأي غرض) ومراجعتها بالكامل من قبل فريق الأمن السيبراني والإدارة العليا فور انتهاء حالة الطوارئ لضمان عدم إساءة الاستخدام.
*   **إعادة تعيين فوري:** يجب إعادة تعيين جميع كلمات المرور وبيانات الاعتماد الخاصة بالوصول الطارئ المستخدمة فورًا بعد كل استخدام.

---

**10. جدول المراجعة الدورية**

لضمان فعالية هذه السياسة وتحديثها باستمرار لمواجهة التهديدات المتطورة:

*   **مراجعة السياسة:** ستتم مراجعة هذه السياسة ربع سنويًا (كل ثلاثة أشهر) من قبل فريق الأمن السيبراني وتقنية المعلومات، بالتشاور مع الإدارة العليا.
*   **المراجعة الشاملة:** سيتضمن ذلك تقييمًا لمدى فعاليتها، ومدى الامتثال لها، والتغيرات في التهديدات الأمنية، والمتطلبات التنظيمية الجديدة، وأي دروس مستفادة من الحوادث الأمنية.
*   **مراجعة الامتثال:** سيتم إجراء تدقيقات داخلية وخارجية ربع سنوية لتقييم الامتثال لسياسة كلمات المرور والمصادقة هذه.

---

**11. الأدوار والمسؤوليات**

تتطلب هذه السياسة جهودًا تعاونية من جميع المستويات داخل المنظمة:

*   **المدير التنفيذي (CEO) والإدارة العليا:**
    *   الموافقة على سياسة إدارة كلمات المرور والمصادقة وتوفير الموارد اللازمة لتنفيذها.
    *   ضمان أن الثقافة التنظيمية تدعم الامتثال الأمني.
*   **الرئيس التنفيذي للأمن السيبراني (CISO) وفريق الأمن السيبراني:**
    *   تطوير وصيانة وتحديث هذه السياسة.
    *   الإشراف على تنفيذ السياسة وتطبيقها.
    *   مراقبة الامتثال وتحديد نقاط الضعف.
    *   الاستجابة للحوادث الأمنية المتعلقة بكلمات المرور وبيانات الاعتماد.
    *   إجراء مراجعات دورية وتدقيقات امتثال.
*   **قسم تقنية المعلومات (IT):**
    *   تكوين وصيانة الأنظمة لفرض هذه السياسة (مثل إعدادات تعقيد كلمة المرور، ومدة الصلاحية، وقفل الحساب).
    *   توفير الدعم للمستخدمين فيما يتعلق بإدارة كلمات المرور (مثل إعادة تعيين كلمات المرور بعد التحقق الصارم من الهوية).
    *   نشر وتكوين حلول المصادقة متعددة العوامل (MFA).
    *   إدارة الوصول المميز وتوثيق العمليات.
*   **جميع الموظفين والمتعاقدين والمستخدمين:**
    *   الالتزام الصارم بجميع المتطلبات المنصوص عليها في هذه السياسة.
    *   حماية كلمات المرور وبيانات المصادقة الخاصة بهم وعدم مشاركتها أبدًا.
    *   الإبلاغ الفوري عن أي اشتباه في تعرض كلمات المرور للخطر أو أي حادث أمني لفريق الأمن السيبراني.
    *   المشاركة في التدريب الأمني الإلزامي.
*   **المدراء والمشرفون:**
    *   ضمان وعي موظفيهم بالسياسة وامتثالهم لها.
    *   دمج متطلبات السياسة في إجراءات التشغيل القياسية (SOPs) الخاصة بأقسامهم.

---

**12. عواقب عدم الامتثال**

يتم أخذ الامتثال لسياسة إدارة كلمات المرور والمصادقة هذه على محمل الجد، نظرًا للطبيعة الحساسة لعمل [اسم المنظمة] والبيانات التي نتعامل معها.

*   **الإجراءات التأديبية:** قد يؤدي عدم الامتثال لهذه السياسة إلى إجراءات تأديبية تصل إلى الإنهاء الفوري للتوظيف أو العقد، وفقًا لسياسات الموارد البشرية المعمول بها والعقود الفردية.
*   **المسؤولية القانونية:** في الحالات التي يؤدي فيها عدم الامتثال إلى اختراق أمني أو تسريب بيانات، قد يواجه الأفراد المعنيون عواقب قانونية بموجب القوانين واللوائح المعمول بها، بالإضافة إلى المسؤولية المدنية.
*   **الأضرار التنظيمية:** يمكن أن يؤدي عدم الامتثال إلى خسائر مالية، والإضرار بسمعة [اسم المنظمة]، وفقدان ثقة العملاء، وفقدان التصاريح الأمنية، والعقوبات من الهيئات التنظيمية.

---

**المراجع:**

*   ضوابط الهيئة الوطنية للأمن السيبراني (ECC 2-2) - إدارة الهوية والوصول
*   معيار ISO 27001 - الملحق A.9 (التحكم في الوصول)
*   سياسات الموارد البشرية لـ [اسم المنظمة]
*   سياسة استخدام الموارد التكنولوجية لـ [اسم المنظمة]

---

**تاريخ المراجعة:**
| الإصدار | التاريخ | التعديلات | الموافقة بواسطة |
| :------ | :------- | :-------- | :-------------- |
| 1.0     | 2023-10-27 | الإصدار الأولي | المدير التنفيذي |

---",Fully Compliant,1.0,,0,تعتبر سياسة كلمات المرور المقدمة شاملة وقوية للغاية، حيث تعالج جميع ضوابط الأمن المحددة بفعالية. لم يتم تحديد أي ثغرات مقابل المعايير المحددة (GAP_PP_001 إلى GAP_PP_008). تُظهر السياسة توافقًا قويًا مع متطلبات الهيئة الوطنية للأمن السيبراني (ECC 2-2) ومعيار ISO 27001 الملحق A.9، وتغطي تعقيد كلمات المرور، وانتهاء الصلاحية، وقفل الحساب، والمصادقة متعددة العوامل (MFA)، وإدارة الوصول المميز، والتخزين/النقل الآمن، وجدول المراجعة الدورية، وتحديد الأدوار والمسؤوليات بوضوح.,2-2 Identity and Access Management,2026-02-02T01:53:11.528127
password_policy_en_partial_1_20260202015702,password_policy,en,partial,"## Agency-Wide Password Security Policy

**Policy Number:** AGS-ITS-003-PW
**Version:** 1.0
**Effective Date:** October 26, 2023
**Review Date:** October 26, 2024

---

### 1. Purpose

The purpose of this Policy is to establish minimum standards for the creation, protection, and management of passwords used to access [Agency Name] information systems and data. This policy aims to ensure a foundational level of security for all employees, contractors, and authorized personnel accessing agency resources, whether from agency facilities or approved remote locations, thereby safeguarding sensitive government information and maintaining operational continuity.

### 2. Scope

This policy applies to all [Agency Name] employees, contractors, interns, and any third-party personnel who are granted access to [Agency Name] information systems, networks, applications, and data. It covers all passwords used for authentication to agency resources, including but not limited to network logins, application access, cloud services, and remote access solutions.

### 3. Policy Statements

#### 3.1. Password Construction Requirements

All passwords for [Agency Name] accounts must adhere to the following minimum requirements:

*   **Minimum Length:** Passwords must be at least eight (8) characters in length.
*   **Complexity:** Passwords must contain characters from at least three (3) of the following four (4) categories:
    *   Uppercase letters (A-Z)
    *   Lowercase letters (a-z)
    *   Numbers (0-9)
    *   Special characters (e.g., !, @, #, $, %, ^, &, *)
*   **Uniqueness:** Passwords must not be a previously used password within the last five (5) password changes.
*   **Content Restrictions:** Passwords must not contain the user's username, full name, or common dictionary words.

#### 3.2. Password Expiration

To ensure ongoing security, all user passwords for [Agency Name] systems must be changed at regular intervals:

*   **Regular Expiration:** Passwords must be changed at least once every one hundred eighty (180) days.
*   **Initial Passwords:** System-generated temporary passwords provided for new accounts or password resets must be changed by the user immediately upon the first successful login.

#### 3.3. Account Lockout

To deter unauthorized access attempts, account lockout mechanisms are enforced:

*   **Lockout Threshold:** User accounts will be automatically locked after ten (10) consecutive unsuccessful login attempts.
*   **Lockout Duration:** Locked accounts will be automatically unlocked after a period of thirty (30) minutes. Users may also contact the IT Help Desk for manual account unlocking after identity verification.

#### 3.4. Password Usage and Protection

Users are responsible for the security and confidentiality of their passwords:

*   **Confidentiality:** Passwords must be kept strictly confidential and never shared with anyone, under any circumstances.
*   **Secure Storage:** Passwords must not be written down in an unsecured manner (e.g., on sticky notes, under keyboards, in unencrypted files). If a password must be recorded, it must be stored in a secure, encrypted location.
*   **Personal Responsibility:** Users are held responsible for all actions performed using their credentials. Any suspected compromise of a password must be reported immediately to the IT Help Desk.

#### 3.5. Initial Passwords and Password Resets

*   **Initial Account Setup:** New user accounts will be provisioned with a system-generated, temporary password that requires immediate change upon the user's first login.
*   **Password Resets:** For forgotten passwords, users must contact the IT Help Desk. Identity verification will be required before a password reset can be processed.

### 4. Roles and Responsibilities

*   **All [Agency Name] Personnel:** Are responsible for understanding and adhering to all aspects of this Password Security Policy.
*   **Information Technology (IT) Department:** Is responsible for implementing, maintaining, and managing the technical controls necessary to enforce this policy across all agency systems, and for providing support for password-related issues.
*   **Information Security Officer (ISO):** Is responsible for overseeing the overall adherence to this policy, facilitating its annual review, and recommending necessary updates.

### 5. Enforcement

Any violation of this policy may result in disciplinary action, up to and including termination of employment or contract, and may also result in legal action where applicable.

### 6. Policy Review

This policy will be reviewed annually by the Information Security Officer and relevant stakeholders to ensure its continued relevance, effectiveness, and alignment with agency objectives.

---",Partially Compliant,0.5,GAP_PP_001|GAP_PP_004|GAP_PP_005|GAP_PP_006,4,"The password policy addresses several key areas such as minimum length, complexity, uniqueness, expiration, and account lockout. However, it falls short of modern security best practices and common compliance requirements (NCA ECC, ISO 27001) by having weak minimum length (8 characters), lacking Multi-Factor Authentication (MFA) requirements, not explicitly mentioning privileged access management (PAM) for administrative accounts, and omitting requirements for secure password storage/encryption at rest for the system itself. While a review schedule is present, the policy could benefit from more specific roles and responsibilities for policy enforcement and technical implementation details.",2-2 Identity and Access Management,2026-02-02T01:57:02.347186
password_policy_en_partial_2_20260202015738,password_policy,en,partial,"## SkyConnect Telecoms – Password Policy

**Document Version:** 1.2
**Effective Date:** 2023-10-26
**Approved By:** SkyConnect Telecoms Executive Leadership Team

---

### 1. Policy Statement

SkyConnect Telecoms is committed to protecting the confidentiality, integrity, and availability of its information systems and customer data. As a regional telecommunications provider leveraging cloud-first infrastructure, secure authentication is paramount to safeguarding our network, cloud services, and the sensitive information entrusted to us. This policy establishes minimum standards for password creation, management, and protection across all SkyConnect Telecoms' systems and services.

### 2. Purpose

The purpose of this policy is to:
*   Ensure that all users of SkyConnect Telecoms' information systems create and maintain strong, unique passwords.
*   Minimize the risk of unauthorized access to SkyConnect Telecoms' critical network infrastructure, cloud platforms, and customer data.
*   Outline user responsibilities regarding password security in a cloud-first operational model.

### 3. Scope

This policy applies to all SkyConnect Telecoms employees, contractors, third-party vendors, and any other individuals with access to SkyConnect Telecoms' information systems, including but not limited to:
*   On-premise servers and applications.
*   Cloud-based infrastructure (IaaS, PaaS) and SaaS applications.
*   Network devices and infrastructure components.
*   Workstations, laptops, and mobile devices connecting to SkyConnect Telecoms' resources.

### 4. Password Requirements

All passwords for SkyConnect Telecoms' systems and services must adhere to the following minimum standards:

#### 4.1. Password Complexity
Passwords must:
*   Be a minimum of **10 characters** in length.
*   Contain characters from at least **three (3)** of the following four categories:
    *   Uppercase letters (A-Z)
    *   Lowercase letters (a-z)
    *   Numbers (0-9)
    *   Special characters (e.g., !, @, #, $, %, ^, &, *)
*   Not contain the user's account name or full name.

#### 4.2. Password Expiration
*   All passwords must be changed at least every **180 days**.
*   Users will be prompted to change their password prior to expiration.

#### 4.3. Password History
*   Users may not reuse any of their previous **5 (five)** passwords.

#### 4.4. Prohibited Passwords
Passwords must not:
*   Be easily guessable or commonly used (e.g., ""password123"", ""SkyConnect"").
*   Contain personal information such as birthdates, pet names, or easily discoverable public information.

### 5. Account Lockout Policy

To prevent brute-force attacks, SkyConnect Telecoms' systems are configured with an automatic account lockout mechanism:
*   An account will be locked after **10 (ten)** consecutive failed login attempts.
*   Locked accounts will typically remain locked for **30 minutes** or until manually reset by the IT Service Desk.

### 6. Password Management and Protection

All users are responsible for safeguarding their passwords and ensuring their confidentiality. Users must:
*   Never share passwords with anyone, including colleagues, managers, or IT personnel.
*   Not write down passwords in an unsecured manner (e.g., on sticky notes attached to monitors).
*   Avoid storing passwords in unsecured digital files.
*   Immediately report any suspected password compromise or unauthorized account activity to the IT Service Desk.
*   Utilize unique passwords for SkyConnect Telecoms' systems that are not used for any personal or external accounts.

### 7. Roles and Responsibilities

#### 7.1. All Employees and Contractors
*   Comply with all aspects of this Password Policy.
*   Protect their account credentials and report any security incidents promptly.

#### 7.2. IT Department
*   Implement and maintain technical controls to enforce this policy (e.g., password complexity rules, expiration, account lockout).
*   Provide support for password resets and account unlock requests.
*   Monitor system logs for suspicious login activities.

#### 7.3. System Administrators / Privileged Users
*   Adhere strictly to all policy requirements.
*   Exercise due diligence when managing access to critical systems and data.
*   Ensure that administrative passwords meet or exceed the standard complexity requirements.

#### 7.4. Management
*   Ensure their teams are aware of and comply with this policy.
*   Support the enforcement of this policy within their respective departments.

### 8. Policy Review and Enforcement

#### 8.1. Policy Review
This policy will be reviewed and updated **annually** by the IT Department and the Executive Leadership Team to ensure its continued relevance and effectiveness against evolving threats to our regional telecommunications and cloud infrastructure.

#### 8.2. Enforcement
Any violation of this policy may result in disciplinary action, up to and including termination of employment or contract, and potential legal action.

---

**Approval Signatures:**

_______________________________
[Name, Title]
Chief Executive Officer
SkyConnect Telecoms
Date:

_______________________________
[Name, Title]
Chief Technology Officer
SkyConnect Telecoms
Date:",Partially Compliant,0.625,GAP_PP_004|GAP_PP_005|GAP_PP_006,3,"The SkyConnect Telecoms Password Policy establishes reasonable minimum standards for password complexity, expiration, history, and account lockout. It also clearly defines roles and responsibilities and includes an annual review schedule. However, the policy has significant gaps regarding modern security best practices and compliance requirements, specifically the complete absence of Multi-Factor Authentication (MFA) requirements, a lack of comprehensive Privileged Access Management (PAM) controls beyond basic password strength, and no mention of secure password storage mechanisms (e.g., hashing and salting) for systems.",2-2 Identity and Access Management,2026-02-02T01:57:38.000444
password_policy_en_partial_3_20260202015812,password_policy,en,partial,"# NexGen Telecoms Password Security Policy

**Document Version:** 1.3
**Effective Date:** October 26, 2023
**Policy Owner:** Head of IT Operations
**Review Cycle:** Annually

---

## 1. Introduction & Purpose

The security of NexGen Telecoms' information systems and customer data is paramount. This Password Security Policy establishes the minimum requirements for creating, managing, and protecting passwords used to access NexGen Telecoms' networks, applications, and systems. Adherence to this policy is essential for safeguarding sensitive customer information, maintaining the integrity of our telecommunications infrastructure, and protecting internal business operations from unauthorized access and cyber threats.

## 2. Scope

This policy applies to all NexGen Telecoms employees, contractors, temporary staff, and any third-party individuals or entities granted access to NexGen Telecoms' information resources, regardless of their location or the device used for access. It covers all user accounts, administrative accounts, and service accounts across all NexGen Telecoms' systems and applications.

## 3. Policy Statements

### 3.1 Password Creation & Complexity

All passwords for NexGen Telecoms' systems must meet the following minimum complexity requirements:

*   **Minimum Length:** At least 8 characters.
*   **Character Types:** Must include characters from at least three (3) of the following four (4) categories:
    *   Uppercase letters (A-Z)
    *   Lowercase letters (a-z)
    *   Numbers (0-9)
    *   Special characters (e.g., !, @, #, $, %, ^, &, *)
*   **Uniqueness:** Passwords must not contain the user's username, full name, or common dictionary words.
*   **Re-use:** Passwords must not be re-used from previous NexGen Telecoms' accounts or systems.

### 3.2 Password Expiration

To reduce the risk of compromised passwords, all user passwords for NexGen Telecoms' systems must be changed every **180 days**. Users will be prompted to change their password upon expiration.

### 3.3 Password History

Users are prohibited from re-using any of their last five (5) passwords.

### 3.4 Account Lockout

To prevent brute-force attacks, accounts will be temporarily locked after **ten (10)** consecutive unsuccessful login attempts. Locked accounts will automatically unlock after 30 minutes, or can be unlocked by IT Support.

### 3.5 Password Storage & Handling

Users must:

*   Never share their password with anyone, including colleagues or IT support staff.
*   Not write down passwords in an insecure manner (e.g., on sticky notes, in unencrypted files).
*   Avoid using the same password for NexGen Telecoms' systems as for non-work-related personal accounts.
*   Report any suspected password compromise immediately to the IT Service Desk.

### 3.6 Administrator Accounts

Accounts with administrative privileges are subject to the same password complexity, expiration, and lockout policies as standard user accounts. Administrators are responsible for maintaining the confidentiality of their credentials and only using them when necessary for administrative tasks.

### 3.7 Service Accounts

Passwords for service accounts (non-human accounts used by applications or services) must also comply with the password complexity requirements. These passwords should be managed by the system owner or IT Operations and changed annually or upon the expiry of a relevant project or service.

### 3.8 User Responsibilities

All users are responsible for protecting their login credentials and ensuring compliance with this policy. Failure to adhere to these guidelines may result in disciplinary action.

## 4. Roles & Responsibilities

*   **All Employees/Contractors:** Adhere to all aspects of this password security policy.
*   **IT Department:** Implement and manage the technical controls to enforce this policy, provide support for password-related issues, and conduct awareness training.
*   **Management:** Promote policy compliance within their teams and ensure staff are aware of their responsibilities.

## 5. Policy Review & Enforcement

This policy will be reviewed **annually** by the Head of IT Operations to ensure its continued relevance and effectiveness. Any updates will be communicated to all affected parties. Non-compliance with this policy may result in disciplinary action, up to and including termination of employment or contract, and potential legal action where applicable.

---",Partially Compliant,0.5,GAP_PP_001|GAP_PP_004|GAP_PP_005|GAP_PP_006,4,"The NexGen Telecoms Password Security Policy addresses basic password complexity, expiration, and account lockout. However, it exhibits significant gaps in critical areas. The minimum password length of 8 characters is considered weak by current security standards, especially for a telecommunications company. There is a complete absence of Multi-Factor Authentication (MFA) requirements, which is a fundamental control for enhancing security. The policy also lacks comprehensive Privileged Access Management (PAM) controls, merely applying standard password rules to administrative accounts without additional safeguards. Crucially, the policy fails to specify requirements for secure system-side password storage (e.g., hashing with strong, salted algorithms), which is a major technical security oversight. Roles and responsibilities and the policy review cycle are adequately defined.",2-2 Identity and Access Management,2026-02-02T01:58:12.542475
password_policy_ar_partial_1_20260202015851,password_policy,ar,partial,"بالتأكيد، إليك مسودة سياسة كلمات مرور احترافية لمزود اتصالات متوسط الحجم، مع الأخذ في الاعتبار عمل القوى العاملة عن بُعد، والتي تحتوي على بعض العناصر الجيدة ولكنها تفتقر إلى متطلبات أمنية حرجة.

---

**سياسة كلمات المرور**

**لمجموعة الاتصالات المبتكرة (اسم وهمي)**

*   **معرف السياسة:** POL-SEC-PW-001
*   **الإصدار:** 1.0
*   **تاريخ السريان:** 27 أكتوبر 2023
*   **تاريخ المراجعة القادمة:** أكتوبر 2024

---

**1. الغرض**
تهدف هذه السياسة إلى تحديد المتطلبات الدنيا لإنشاء كلمات مرور قوية وإدارتها وحمايتها لجميع أنظمة ومعلومات ""مجموعة الاتصالات المبتكرة"". يضمن ذلك مستوى أساسياً من الأمان ضد الوصول غير المصرح به، وهو أمر بالغ الأهمية بشكل خاص نظرًا لطبيعة عملنا التي تتضمن عددًا كبيرًا من الموظفين عن بُعد والوصول إلى الأنظمة الحساسة عبر الشبكة.

**2. النطاق**
تنطبق هذه السياسة على جميع موظفي ""مجموعة الاتصالات المبتكرة"" (بما في ذلك الموظفين الدائمين، والمتعاقدين، والمستشارين، والبائعين)، وجميع الأنظمة والتطبيقات والأجهزة التي تعالج معلومات الشركة أو تتصل بشبكتها.

**3. متطلبات كلمات المرور**

3.1. **الحد الأدنى لتعقيد كلمة المرور:**
يجب أن تفي جميع كلمات المرور بالمعايير التالية:
*   الحد الأدنى للطول: 8 أحرف.
*   يجب أن تتضمن أحرفًا من ثلاث (3) من الفئات الأربع التالية على الأقل:
    *   أحرف كبيرة (A-Z)
    *   أحرف صغيرة (a-z)
    *   أرقام (0-9)
    *   رموز خاصة (!@#$%^&*()_+-=[]{}|;':"",.<>/?)
*   يجب ألا تتضمن كلمة المرور اسم المستخدم أو جزءًا منه، أو اسم الشركة، أو كلمات قاموس شائعة، أو معلومات شخصية يمكن تخمينها بسهولة.

3.2. **انتهاء صلاحية كلمة المرور:**
*   يجب على المستخدمين تغيير كلمات المرور الخاصة بهم كل مائة وثمانين (180) يومًا.
*   لا يجوز إعادة استخدام كلمات المرور الخمس (5) الأخيرة.

3.3. **قفل الحساب:**
*   سيتم قفل حساب المستخدم تلقائيًا بعد عشر (10) محاولات فاشلة متتالية لتسجيل الدخول.
*   يظل الحساب مقفلاً لمدة 30 دقيقة أو حتى يتم إلغاء قفله بواسطة مسؤول النظام المختص.

3.4. **إدارة كلمات المرور:**
*   يجب على المستخدمين عدم مشاركة كلمات المرور الخاصة بهم مع أي شخص تحت أي ظرف من الظروف.
*   يجب ألا يقوم المستخدمون بكتابة كلمات المرور الخاصة بهم أو تخزينها في مكان غير آمن.
*   يجب على المستخدمين تغيير كلمات المرور المؤقتة الموفرة لهم عند أول تسجيل دخول.

3.5. **تخزين كلمات المرور على مستوى النظام:**
*   يجب على جميع الأنظمة تخزين كلمات المرور بتنسيق مشفر أو باستخدام وظائف تجزئة أحادية الاتجاه (hashing) مع ملح (salt) مناسب.

**4. الأدوار والمسؤوليات**

4.1. **قسم أمن المعلومات:**
*   وضع ومراجعة سياسات وإجراءات كلمات المرور.
*   الإشراف العام على الامتثال لهذه السياسة.

4.2. **إدارة تقنية المعلومات (IT):**
*   تطبيق متطلبات كلمات المرور في جميع أنظمة وتطبيقات الشركة.
*   توفير الدعم للمستخدمين في مسائل كلمات المرور (مثل إعادة تعيين كلمات المرور).
*   مراقبة ومراجعة سجلات محاولات تسجيل الدخول الفاشلة والتحقيق في الحوادث الأمنية.

4.3. **جميع الموظفين:**
*   فهم هذه السياسة والامتثال لها.
*   حماية كلمات المرور الخاصة بهم وتجنب مشاركتها.
*   الإبلاغ عن أي نشاط مشبوه أو اختراق محتمل لكلمات المرور على الفور إلى قسم أمن المعلومات أو إدارة تقنية المعلومات.

**5. المراجعة الدورية**
تتم مراجعة هذه السياسة سنوياً أو عند حدوث تغييرات كبيرة في بيئة التهديد أو متطلبات العمل.

**6. الانتهاكات**
قد يؤدي عدم الامتثال لهذه السياسة إلى إجراءات تأديبية، بما في ذلك إنهاء التوظيف، وفقًا لسياسات الموارد البشرية الخاصة بالشركة.

**7. الاستثناءات**
يجب طلب أي استثناءات من هذه السياسة كتابيًا وتقديمها إلى قسم أمن المعلومات للمراجعة والموافقة، مع تبرير واضح ومقترح لضوابط تعويضية.

---

**ملاحظات على الثغرات (غير مرئية في السياسة، ولكن تبرز للمحلل):**

*   **غياب المصادقة متعددة العوامل (MFA):** لا يوجد ذكر لمتطلب المصادقة متعددة العوامل (MFA) للوصول إلى أي نظام، وخاصة للوصول عن بُعد، وهو أمر بالغ الأهمية لمزود اتصالات وبيئة عمل عن بُعد.
*   **غياب إدارة الوصول المميز (PIM):** لا توجد أي متطلبات أو إرشادات محددة لإدارة كلمات مرور الحسابات ذات الامتيازات العالية (المسؤولين، حسابات الخدمة)، والتي تتطلب عادةً ضوابط أكثر صرامة بكثير من كلمات مرور المستخدم العادي.
*   **فترة انتهاء صلاحية طويلة جدًا:** 180 يومًا (6 أشهر) طويلة جدًا، ومن الأفضل أن تكون 90 يومًا أو أقل، خاصة مع تعقيد كلمة المرور الأدنى.
*   **عدد كبير جدًا لمحاولات قفل الحساب:** 10 محاولات فاشلة كثير جدًا، مما يمنح المهاجمين مساحة كبيرة لتخمين كلمات المرور. 3 إلى 5 محاولات هي معيار أفضل.
*   **مراجعة سنوية غامضة:** المراجعة السنوية جيدة، ولكنها يمكن أن تكون غير كافية في بيئة تهديد متطورة بسرعة. المراجعات ربع السنوية أو عند حدوث تغييرات كبيرة في التكنولوجيا/التهديدات تكون أفضل.
*   **مسؤوليات الأدوار المحددة مفقودة:** الأدوار الأساسية مذكورة، لكن المسؤوليات المحددة التي تتجاوز ""وضع السياسات"" أو ""التطبيق"" مفقودة. على سبيل المثال، لا يوجد ذكر لمراقبة عمليات إعادة تعيين كلمة المرور المشبوهة، أو تدريب المستخدمين، أو إجراء عمليات تدقيق لكلمات المرور.",Partially Compliant,0.125,GAP_PP_001|GAP_PP_002|GAP_PP_003|GAP_PP_004|GAP_PP_005|GAP_PP_007|GAP_PP_008,7,تُظهر سياسة كلمات المرور هذه العديد من الثغرات الهامة عند مقارنتها بضوابط ECC و ISO 27001. على الرغم من وجود بعض المتطلبات الأساسية مثل تعقيد كلمة المرور (وإن كان ضعيفًا عند 8 أحرف) وتخزين كلمات المرور المشفر، إلا أنها تفتقر بشكل كبير إلى ضوابط أمنية حاسمة. أبرز الثغرات تشمل الغياب التام لمتطلبات المصادقة متعددة العوامل (MFA) وإدارة الوصول المميز (PIM)، وكلاهما ضروريان للغاية لبيئة عمل عن بُعد ولمزود اتصالات. كما أن فترة انتهاء صلاحية كلمة المرور (180 يومًا) وعدد محاولات قفل الحساب (10) تعتبر ضعيفة جدًا. بالإضافة إلى ذلك، فإن جدول المراجعة الدورية ومسؤوليات الأدوار المحددة غامضة وغير كافية. بشكل عام، تتطلب السياسة مراجعة وتحديثًا شاملين للامتثال للمعايير الأمنية الحديثة.,2-2 Identity and Access Management,2026-02-02T01:58:51.317792
password_policy_ar_partial_2_20260202020242,password_policy,ar,partial,"## سياسة إدارة كلمات المرور

**شركة الدرع الإقليمي للدفاع**

| الإصدار: 1.0 | التاريخ: 2023-10-26 | حالة: معتمدة |

---

### 1.0 الغرض

تحدد هذه السياسة المتطلبات والإرشادات لإنشاء كلمات مرور آمنة، وإدارتها، وحمايتها لجميع الأنظمة والشبكات الخاصة بشركة الدرع الإقليمي للدفاع. الهدف هو حماية المعلومات السرية الدفاعية والأنظمة الحيوية من الوصول غير المصرح به، مع الحفاظ على مستوى أساسي من الامتثال لمعايير الأمن السيبراني.

### 2.0 النطاق

تنطبق هذه السياسة على جميع الموظفين، والمقاولين، والموردين الخارجيين، وأي كيان آخر لديه إمكانية الوصول إلى أنظمة، أو تطبيقات، أو شبكات، أو بيانات شركة الدرع الإقليمي للدفاع. يشمل ذلك جميع الأنظمة والشبكات التي تستضيف أو تعالج بيانات دفاعية حساسة، بغض النظر عن موقعها الجغرافي.

### 3.0 سياسة كلمات المرور

#### 3.1 متطلبات إنشاء كلمة المرور

يجب على جميع المستخدمين إنشاء كلمات مرور تلتزم بالمتطلبات التالية:

*   **الحد الأدنى للطول:** يجب ألا يقل طول كلمة المرور عن ثمانية (8) أحرف.
*   **التعقيد:** يجب أن تحتوي كلمات المرور على ثلاثة على الأقل من الفئات الأربع التالية:
    *   أحرف كبيرة (A-Z)
    *   أحرف صغيرة (a-z)
    *   أرقام (0-9)
    *   رموز خاصة (!@#$%^&*()_+-=[]{}|;':"",./<>?)
*   **تاريخ كلمة المرور:** يجب ألا تتطابق كلمة المرور الجديدة مع أي من آخر خمس (5) كلمات مرور تم استخدامها بواسطة المستخدم.
*   **الكلمات المحظورة:** يجب ألا تتضمن كلمات المرور:
    *   أسماء المستخدمين أو أجزاء منها.
    *   أسماء الشركة أو منتجاتها.
    *   الكلمات سهلة التخمين (مثل ""password""، ""123456"").
    *   معلومات شخصية (مثل أسماء أفراد العائلة، تواريخ الميلاد).

#### 3.2 انتهاء صلاحية كلمة المرور

يجب على جميع المستخدمين تغيير كلمات المرور الخاصة بهم كل مائة وثمانين (180) يومًا على الأقل. سيتم إخطار المستخدمين قبل تاريخ انتهاء الصلاحية بفترة كافية.

#### 3.3 قفل الحساب

*   سيتم قفل حساب المستخدم تلقائيًا بعد عشر (10) محاولات فاشلة لتسجيل الدخول.
*   ستظل الحسابات المقفلة غير قابلة للوصول لمدة ثلاثين (30) دقيقة، وبعد ذلك سيتم إلغاء قفلها تلقائيًا.
*   يمكن لموظفي دعم تكنولوجيا المعلومات إلغاء قفل الحسابات يدويًا بناءً على طلب المستخدم بعد التحقق المناسب من الهوية.

#### 3.4 كلمات المرور المؤقتة

*   يجب أن تكون كلمات المرور المؤقتة الممنوحة للمستخدمين الجدد أو لإعادة تعيين كلمة المرور لمرة واحدة.
*   يجب على المستخدمين تغيير كلمة المرور المؤقتة على الفور عند تسجيل الدخول الأول.

#### 3.5 حماية كلمات المرور

*   يجب على المستخدمين عدم مشاركة كلمات المرور الخاصة بهم مع أي شخص، بما في ذلك موظفو دعم تكنولوجيا المعلومات.
*   يجب عدم كتابة كلمات المرور أو تخزينها في مكان غير آمن.
*   يجب على المستخدمين الإبلاغ عن أي اشتباه في تسرب كلمة المرور أو استخدامها غير المصرح به لإدارة تكنولوجيا المعلومات/الأمن السيبراني على الفور.

### 4.0 الأدوار والمسؤوليات

*   **جميع الموظفين والمقاولين:** مسؤولون عن الامتثال الصارم لمتطلبات هذه السياسة.
*   **إدارة تكنولوجيا المعلومات/الأمن السيبراني:** مسؤولون عن تنفيذ، ومراقبة، وفرض هذه السياسة عبر جميع أنظمة الشركة، بالإضافة إلى تقديم الدعم الفني للمستخدمين.
*   **إدارة الشركة:** مسؤولة عن الموافقة على هذه السياسة وتوفير الموارد اللازمة لتنفيذها.

### 5.0 الإنفاذ

سيؤدي عدم الامتثال لهذه السياسة إلى اتخاذ إجراءات تأديبية، والتي قد تتراوح من التدريب الإلزامي إلى فصل الموظف وإنهاء العقود للمقاولين، وفقًا لسياسات الشركة.

### 6.0 مراجعة السياسة

تتم مراجعة هذه السياسة سنويًا على الأقل، أو عند حدوث تغييرات كبيرة في بيئة التهديدات أو المتطلبات التنظيمية، لضمان استمرار فعاليتها وملاءمتها.

---

**تاريخ الموافقة:** 2023-10-26

**الموافقون:**

---
**المدير التنفيذي للأمن السيبراني**
(توقيع)
(الاسم والتاريخ)

**مدير تكنولوجيا المعلومات**
(توقيع)
(الاسم والتاريخ)",Partially Compliant,0.625,GAP_PP_004|GAP_PP_005|GAP_PP_006,3,تتوافق سياسة كلمات المرور الحالية مع معظم المتطلبات الأساسية لتعقيد كلمات المرور، وانتهاء صلاحيتها، وسياسات قفل الحساب، وحماية كلمات المرور. ومع ذلك، توجد ثغرات كبيرة تتعلق بالتحقق متعدد العوامل (MFA)، وإدارة الوصول المتميز (PAM)، ومتطلبات تشفير كلمات المرور، والتي تعتبر ضرورية للامتثال لمعايير ECC و ISO 27001، خاصة لحماية المعلومات الدفاعية الحساسة. يجب معالجة هذه الثغرات لتعزيز الوضع الأمني العام.,2-2 Identity and Access Management,2026-02-02T02:02:42.489873
password_policy_ar_partial_3_20260202020322,password_policy,ar,partial,"بالتأكيد، إليك سياسة كلمات مرور مصممة لشركة تقنية عالمية ذات قوة عاملة عن بُعد، تبدو احترافية ولكنها تفتقر إلى بعض الضوابط الأمنية الحاسمة:

---

**سياسة كلمات المرور والأصالة لشركة [اسم الشركة] العالمية للتقنية**

**الإصدار:** 1.0
**تاريخ السريان:** 2023-10-27
**المراجعة التالية المقررة:** 2024-10-27

---

**1. المقدمة والغرض**

تدرك شركة [اسم الشركة] للتقنية، بصفتها شركة عالمية رائدة تعتمد بشكل كبير على القوى العاملة عن بُعد والوصول إلى أنظمتها الحيوية عبر الإنترنت، الأهمية القصوى لتأمين الوصول إلى بياناتها وأنظمتها. تهدف هذه السياسة إلى تحديد المتطلبات الدنيا لكلمات المرور لجميع المستخدمين، بما في ذلك الموظفين والمتعاقدين والأطراف الثالثة التي لديها إمكانية الوصول إلى أنظمة ومعلومات الشركة. يضمن الالتزام بهذه السياسة حماية قوية ضد الوصول غير المصرح به ويحافظ على سرية وتكامل وتوافر أصولنا الرقمية في بيئة العمل الموزعة.

**2. النطاق**

تنطبق هذه السياسة على جميع أنظمة وتطبيقات الشبكات التي تتطلب مصادقة المستخدم داخل شركة [اسم الشركة]، بما في ذلك، على سبيل المثال لا الحصر، شبكة الشركة، الخوادم، قواعد البيانات، تطبيقات SaaS، والوصول عن بُعد. تنطبق هذه السياسة على جميع الموظفين (بدوام كامل أو جزئي)، والمتعاقدين، والمستشارين، والبائعين، وأي طرف ثالث لديه إمكانية الوصول إلى أنظمة أو معلومات [اسم الشركة].

**3. مبادئ كلمات المرور العامة**

*   يجب أن تكون كلمات المرور سرية ويجب ألا يتم الكشف عنها لأي شخص آخر، حتى لموظفي قسم تكنولوجيا المعلومات.
*   يجب ألا يتم كتابة كلمات المرور أو تخزينها بشكل غير آمن.
*   يجب على المستخدمين حماية كلمات مرورهم من الكشف غير المصرح به والتأكد من عدم تركها مكشوفة للآخرين.
*   تُمنع مشاركة كلمات المرور منعاً باتاً. كل مستخدم مسؤول عن الحفاظ على سرية كلمة المرور الخاصة به.

**4. متطلبات تعقيد كلمة المرور**

لضمان قوة كافية لكلمات المرور، يجب أن تستوفي كلمات المرور المستخدمة في أنظمة [اسم الشركة] المتطلبات التالية كحد أدنى:

*   **الحد الأدنى للطول:** يجب ألا يقل طول كلمة المرور عن ثمانية (8) أحرف.
*   **تعقيد المحتوى:** يجب أن تحتوي كلمة المرور على أحرف من ثلاثة (3) على الأقل من الفئات الأربع التالية:
    *   أحرف كبيرة (A-Z)
    *   أحرف صغيرة (a-z)
    *   أرقام (0-9)
    *   أحرف خاصة (!@#$%^&*()_+{}|:""<>?[];',./\`~)
*   **تاريخ كلمة المرور:** يجب ألا تكون كلمة المرور هي نفسها واحدة من آخر خمس (5) كلمات مرور تم استخدامها.
*   **محتوى كلمة المرور:** يجب ألا تتضمن كلمات المرور معلومات شخصية يمكن التنبؤ بها بسهولة (مثل أسماء المستخدمين، أسماء أفراد العائلة، تواريخ الميلاد، أو كلمات القاموس الشائعة).

**5. انتهاء صلاحية كلمة المرور**

*   يجب على جميع المستخدمين تغيير كلمات المرور الخاصة بهم مرة واحدة على الأقل كل مائة وثمانين (180) يوماً. سيقوم النظام بفرض هذا المتطلب.
*   سيتم تذكير المستخدمين بقرب انتهاء صلاحية كلمات المرور الخاصة بهم قبل فترة وجيزة من تاريخ الانتهاء.

**6. سياسة قفل الحساب**

*   لحماية الحسابات من هجمات التخمين والاختراق، سيتم قفل حساب المستخدم تلقائياً بعد عشر (10) محاولات فاشلة متتالية لتسجيل الدخول.
*   ستظل الحسابات المقفلة مقفلة لمدة ثلاثين (30) دقيقة قبل أن تتمكن من محاولة تسجيل الدخول مرة أخرى، أو يمكن للمستخدم الاتصال بقسم تكنولوجيا المعلومات لإلغاء قفل الحساب يدوياً.

**7. مسؤوليات المستخدم**

يجب على جميع المستخدمين:

*   الالتزام الصارم بجميع متطلبات هذه السياسة.
*   الإبلاغ عن أي أنشطة مشبوهة تتعلق بكلمة المرور أو الحساب إلى قسم تكنولوجيا المعلومات على الفور.
*   تغيير كلمة المرور الخاصة بهم على الفور إذا اشتبهوا في تعرضها للخطر.

**8. الحسابات المميزة**

يجب أن تكون كلمات المرور للحسابات المميزة (مثل حسابات المسؤولين، حسابات الخدمات، وما إلى ذلك) أكثر تعقيداً ويتم التعامل معها بحذر شديد نظراً لقدرتها على الوصول إلى أنظمة حرجة.

**9. المخالفات والتنفيذ**

يعتبر أي انتهاك لهذه السياسة مسألة أمنية خطيرة. قد يؤدي عدم الالتزام بهذه السياسة إلى اتخاذ إجراءات تأديبية، تصل إلى إنهاء التوظيف، وفقاً لسياسات الموارد البشرية المعمول بها في [اسم الشركة].

**10. الأدوار والمسؤوليات**

*   **الموظفون والمقاولون:** مسؤولون عن فهم هذه السياسة والامتثال لها في جميع الأوقات.
*   **قسم تكنولوجيا المعلومات (IT):** مسؤول عن تنفيذ وتطبيق هذه السياسة فنياً عبر أنظمة الشركة، وتوفير الدعم للمستخدمين، وإدارة أنظمة المصادقة.
*   **الإدارة العليا:** مسؤولة عن دعم هذه السياسة، وتوفير الموارد اللازمة لتطبيقها، وضمان الوعي العام بالسياسة.

**11. مراجعة السياسة**

سيتم مراجعة هذه السياسة سنوياً من قبل قسم أمن المعلومات بالتعاون مع الإدارة العليا لضمان استمرار ملاءمتها وفعاليتها في مواجهة التهديدات المتطورة واحتياجات العمل.

---
**ملاحظات على الثغرات الأمنية الملحوظة (غير مذكورة في الوثيقة الرسمية، ولكنها تمثل نقاط الضعف):**

*   **غياب المصادقة متعددة العوامل (MFA):** هذه هي الثغرة الأكثر خطورة، خاصة لشركة تقنية عالمية ذات قوة عاملة عن بُعد. MFA أمر بالغ الأهمية للحماية من سرقة بيانات الاعتماد.
*   **عدم وجود تفاصيل إدارة الوصول المميز (PAM):** على الرغم من ذكر ""الحسابات المميزة""، إلا أن السياسة تفتقر إلى أي تفاصيل حول كيفية إدارة هذه الحسابات، مثل دورة حياة كلمات المرور المميزة، وتدوير كلمات المرور الآلي، أو أنظمة إدارة الوصول المميزة.
*   **انتهاء صلاحية كلمة المرور الطويل (180 يوماً):** بالنسبة لشركة تقنية تتعامل مع بيانات حساسة وتواجه تهديدات سيبرانية مستمرة، فإن 180 يوماً فترة طويلة جداً. 90 يوماً أو أقل هو المعيار الأفضل.
*   **عدد محاولات قفل الحساب المرتفع (10 محاولات):** 10 محاولات كثيرة جداً، مما يمنح المهاجمين فرصاً أكبر لتجربة كلمات مرور مختلفة قبل قفل الحساب. المعيار الصناعي غالباً ما يكون 3-5 محاولات.
*   **مراجعة السياسة السنوية:** في بيئة التهديدات المتغيرة بسرعة لشركة تقنية، تعد المراجعة السنوية غير كافية. المراجعة ربع السنوية أو نصف السنوية ستكون أكثر ملاءمة.
*   **مسؤوليات الأدوار الغامضة:** على الرغم من ذكر ""قسم تكنولوجيا المعلومات""، إلا أنه لا توجد مسؤوليات محددة أو تفويض واضح ضمن القسم (مثل فريق أمن المعلومات، مدير النظام، إلخ)، مما قد يؤدي إلى فجوات في المساءلة.
*   **الحد الأدنى لطول كلمة المرور (8 أحرف):** على الرغم من أنه أفضل من 6 أحرف، إلا أن 8 أحرف لا يزال يعتبر قصيراً نسبياً في يومنا هذا. يوصى بـ 12-16 حرفاً كحد أدنى.",Partially Compliant,0.25,GAP_PP_001|GAP_PP_002|GAP_PP_003|GAP_PP_004|GAP_PP_005|GAP_PP_006,6,تُظهر سياسة كلمات المرور هذه ثغرات أمنية كبيرة، خاصةً الغياب التام لمتطلبات المصادقة متعددة العوامل (MFA) وإدارة الوصول المميز (PAM) التفصيلية، وهما أمران حاسمان لشركة تقنية عالمية ذات قوة عاملة عن بُعد. كما أن متطلبات تعقيد كلمة المرور (الحد الأدنى 8 أحرف)، وانتهاء الصلاحية (180 يومًا)، وعتبات قفل الحساب (10 محاولات) تعتبر ضعيفة وغير كافية وفقًا لمعايير الأمن الحديثة. تفتقر السياسة أيضًا إلى متطلبات تشفير كلمات المرور على مستوى النظام. ومع ذلك، تتضمن السياسة جدولًا للمراجعة الدورية وتحدد الأدوار والمسؤوليات على مستوى عالٍ.,2-2 Identity and Access Management,2026-02-02T02:03:22.231743
password_policy_en_weak_1_20260202020351,password_policy,en,weak,"## CampusNet User Account Password Policy - V1.0

**Effective Date:** September 1, 2023

---

### 1.0 Purpose

The purpose of this policy is to establish guidelines for user passwords across all University systems, primarily focusing on convenience and accessibility for our diverse community of faculty, staff, and students. This policy aims to facilitate easy access to essential resources such as the Student Information System, Faculty Portal, and general CampusNet services.

### 2.0 Scope

This policy applies to all individuals (faculty, staff, students, and approved contractors) who are granted access to any University-managed information systems, applications, or network resources requiring authentication via a password. This includes, but is not limited to, the primary CampusNet identity management system.

### 3.0 Policy Statements

#### 3.1 Password Length

All user passwords must be a minimum of **5 characters** in length.

#### 3.2 Password Complexity

Passwords may consist of any combination of alphabetic characters (a-z, A-Z). The inclusion of numbers, symbols, or mixed case is entirely optional and not required for a valid password.

#### 3.3 Password Expiration and History

User passwords for all University systems **do not expire**. Users are encouraged to change their password if they forget it or at their own discretion. There are no restrictions on reusing previous passwords.

#### 3.4 Account Lockout

The University's authentication systems do not implement an automatic account lockout mechanism based on repeated failed login attempts. This ensures continuous access for users who might make typographical errors.

#### 3.5 Multi-Factor Authentication (MFA)

This policy does not address Multi-Factor Authentication.

#### 3.6 Privileged Account Management

This policy applies uniformly to all user accounts, including those designated for administrative or privileged access within University systems. No additional password requirements or security measures are mandated for these accounts.

#### 3.7 Password Sharing and Documentation

For the sake of collaborative work and to ensure continuity of operations, users are permitted to share their passwords with trusted colleagues, supervisors, or the IT Services Department when circumstances necessitate it. Users may also write down their passwords and keep them in an easily accessible location (e.g., a sticky note on a monitor, in a desk drawer) to prevent forgetting them, especially for infrequently used systems.

#### 3.8 Password Storage

User passwords are stored within the CampusNet authentication database. Specific details regarding the storage methodology are internal operational matters.

### 4.0 Roles and Responsibilities

*   **IT Services Department:** Responsible for the technical administration and maintenance of the CampusNet authentication system.
*   **Users:** Responsible for creating and remembering their passwords in accordance with this policy.

### 5.0 Compliance

Adherence to this policy is expected from all users. Non-compliance, while not specifically detailed for enforcement, may result in difficulties accessing University resources. This policy is effective immediately and supersedes any previous password guidelines.",Non-Compliant,0.0,GAP_PP_001|GAP_PP_002|GAP_PP_003|GAP_PP_004|GAP_PP_005|GAP_PP_006|GAP_PP_007|GAP_PP_008,8,"The CampusNet User Account Password Policy V1.0 is critically non-compliant with NCA ECC and ISO 27001 standards. It exhibits severe deficiencies across all assessed categories. Password complexity is extremely weak (5 characters, optional mixed case/numbers/symbols), passwords do not expire, and there is no history to prevent reuse. The policy explicitly states no account lockout mechanism and does not address Multi-Factor Authentication (MFA). Privileged accounts are treated identically to standard user accounts, lacking any enhanced security. Password storage details are vague, failing to specify secure hashing/salting. Furthermore, the policy lacks a periodic review schedule and provides only vague roles and responsibilities. The allowance of password sharing and writing down passwords in accessible locations represents a fundamental security flaw that undermines any potential security measures.",2-2 Identity and Access Management,2026-02-02T02:03:51.274244
password_policy_en_weak_2_20260202020746,password_policy,en,weak,"## Campus Digital Access Credential Guidelines (Variation #2)

**Effective Date:** September 1, 2023

**Purpose:**
This policy establishes fundamental guidelines for the creation and management of digital access credentials (passwords) within the [Institution Name] environment. Its primary aim is to facilitate convenient and consistent access to campus resources for faculty, staff, and students, ensuring smooth operations and collaboration across our large academic community.

**Scope:**
This policy applies to all individuals (faculty, staff, student employees, and registered students) who are granted digital accounts to access [Institution Name] computing systems, networks, and applications. This includes, but is not limited to, administrative systems (e.g., student records, payroll), learning management platforms, research computing resources, and departmental shared drives.

**Policy Statements:**

1.  **Password Length:**
    *   All user passwords must be a minimum of **five (5)** characters in length.
    *   A maximum password length of sixteen (16) characters is generally recommended to ensure ease of memorization and quick entry.

2.  **Password Complexity:**
    *   Passwords can consist of any combination of alphabetic characters (a-z).
    *   The inclusion of numbers, symbols, or mixed-case letters (e.g., upper and lower case) is permitted for personal preference but is not a mandatory requirement.

3.  **Password Expiration:**
    *   User passwords are not subject to mandatory periodic expiration. Users are not required to change their passwords at regular intervals.
    *   Users are encouraged to consider changing their password at their discretion, perhaps annually, if they feel it improves their personal security comfort.

4.  **Account Lockout:**
    *   The [Institution Name] systems are configured to allow unlimited login attempts to prevent user inconvenience and ensure continuous access. No automatic account lockout mechanism is in place for repeated failed login attempts.

5.  **Multi-Factor Authentication (MFA):**
    *   This policy does not include provisions or requirements regarding Multi-Factor Authentication for any type of user account or system access.

6.  **Privileged Access Management:**
    *   All user accounts, regardless of their assigned access level or permissions to critical institutional data (e.g., student information, research grants), are governed by the same password guidelines outlined in this document. No specific enhanced requirements are mandated for accounts with elevated system privileges or access to sensitive information.

7.  **Password Sharing and Documentation:**
    *   To foster a highly collaborative academic environment, passwords may be shared among trusted colleagues or within project teams when necessary for joint access to shared resources, departmental accounts, or collaborative projects.
    *   While not universally recommended, writing down passwords in a secure, accessible location (e.g., a locked desk drawer, personal notebook, or a document on a personal computer) is permissible for convenience, especially for users managing multiple accounts or complex access needs.

8.  **Password Storage:**
    *   The method of storing user passwords on [Institution Name] systems is managed by the IT Department. Users should assume their passwords are kept in a standard and appropriate manner for institutional systems. Specific technical details of password storage are internal to the IT Department.

9.  **Policy Review:**
    *   This policy will be reviewed periodically ""as needed"" by the IT Department to ensure it remains relevant to the evolving operational needs of the institution and its user community. There is no fixed schedule for review.

10. **Roles and Responsibilities:**
    *   **IT Department:** Responsible for implementing the technical aspects of password management systems and assisting users with password resets.
    *   **All Users (Faculty, Staff, Students):** Responsible for selecting and managing their passwords in accordance with these guidelines and for maintaining access to their accounts.

**Compliance and Enforcement:**
Adherence to these guidelines is expected from all members of the [Institution Name] community. Instances of non-compliance will be addressed informally, typically through user education and gentle reminders, to maintain a supportive and understanding campus environment.",Non-Compliant,0.0,,0,,2-2 Identity and Access Management,2026-02-02T02:07:46.018418
password_policy_en_weak_3_20260202020819,password_policy,en,weak,"## GlobalCom Global User Access Credential Standard

**Policy ID:** GC-GA-CS-003
**Version:** 1.0
**Effective Date:** October 1, 2023
**Approved By:** GlobalCom IT Operations Committee

---

### 1. Purpose

The purpose of this standard is to establish a unified and practical approach for user password management across GlobalCom's global operations. This ensures straightforward and consistent user access to essential internal systems, including customer relationship management (CRM) portals, billing platforms, network management consoles, and internal communication tools, facilitating daily operations across all regions.

### 2. Scope

This standard applies to all GlobalCom employees, contractors, temporary staff, and third-party vendors who require access to GlobalCom's information systems and networks. This includes all user accounts for accessing company data and resources, irrespective of their geographical location, department, or operational function.

### 3. Definitions

*   **User:** Any individual, employee, contractor, or third-party vendor authorized to access GlobalCom's information systems.
*   **System:** Any GlobalCom hardware, software, network, or data resource requiring authentication for access.
*   **Password:** A confidential string of characters used to authenticate a user's identity when accessing a system.

### 4. Policy Statements

#### 4.1 Password Composition and Length

*   **4.1.1 Minimum Length:** All user passwords for GlobalCom systems must be a minimum of **five (5)** characters in length.
*   **4.1.2 Character Set:** Passwords should primarily consist of standard alphabetic letters (A-Z, a-z). The inclusion of numbers or special characters is permissible but not mandatory. Passwords are case-sensitive.
*   **4.1.3 Content:** Users are encouraged to choose memorable passwords that are easy to recall.

#### 4.2 Password Lifespan and Changes

*   **4.2.1 Expiration:** User passwords for all systems are configured to expire **annually (every 365 days)**. Users will receive a prompt to change their password upon login when it is due for an update.
*   **4.2.2 Change Frequency:** Users are not required to change their passwords more frequently than the annual expiration cycle, unless specifically instructed by IT support due to system issues.

#### 4.3 Account Access and Security Practices

*   **4.3.1 Account Lockout:** GlobalCom systems do not currently feature an automatic account lockout mechanism after multiple failed login attempts. Users are advised to exercise care when entering their credentials to avoid repeated incorrect entries.
*   **4.3.2 Access Levels:** There are no differentiated password requirements based on the level of system access or the sensitivity of data involved. All user accounts, including those for administrators, customer service representatives handling sensitive customer data, and network operations engineers, adhere to the same password standard.
*   **4.3.3 Enhanced Authentication:** Multi-Factor Authentication (MFA) is not currently implemented as part of the standard password access protocol for GlobalCom systems.

#### 4.4 Password Handling and Storage

*   **4.4.1 Recording Passwords:** For operational convenience and ease of recall, users may record their passwords in a reasonably accessible location, such as a personal notebook in their desk drawer, provided reasonable care is exercised to prevent unauthorized individuals from directly observing it.
*   **4.4.2 Password Sharing:** In situations requiring shared access for team efficiency, such as during shift changes in global customer service centers or urgent network operations, passwords may be shared verbally or in writing among authorized team members to ensure continuous service delivery.
*   **4.4.3 Password Storage:** GlobalCom stores user passwords on its central authentication servers. These servers are protected by standard network security measures, including firewalls and access controls, to maintain their integrity.

#### 4.5 User Responsibilities

*   All GlobalCom users are responsible for remembering their assigned passwords.
*   In the event of a forgotten password, users should contact their local IT Helpdesk for a manual password reset.
*   Users are responsible for understanding and adhering to the guidelines outlined in this standard.

### 5. Compliance

Adherence to this Global User Access Credential Standard is expected from all users within its scope. Failure to comply with the provisions outlined herein may result in appropriate disciplinary action as per GlobalCom's Human Resources policies.

### 6. Policy Review

This policy will remain in effect from its effective date until further notice or revision. No periodic review schedule is currently established.",Non-Compliant,0.0,GAP_PP_001|GAP_PP_002|GAP_PP_003|GAP_PP_004|GAP_PP_005|GAP_PP_006|GAP_PP_007|GAP_PP_008,8,"This password policy is severely deficient and non-compliant with NCA ECC and ISO 27001 standards. It exhibits critical weaknesses across all assessed categories, including extremely weak password complexity (5 characters, primarily alphabetic, optional special characters), inadequate expiration given the weak complexity, explicit absence of account lockout, no Multi-Factor Authentication (MFA), and a complete lack of differentiated requirements for privileged access. Furthermore, it explicitly permits insecure password handling practices such as recording passwords in notebooks and sharing them among team members. The policy also lacks a periodic review schedule and clear roles and responsibilities for its enforcement and management beyond basic user adherence. These deficiencies pose significant security risks to GlobalCom's systems and data.",2-2 Identity and Access Management,2026-02-02T02:08:19.819835
password_policy_ar_weak_1_20260202020854,password_policy,ar,weak,"## سياسة إدارة كلمات المرور لشركة الصناعات المتطورة

**الإصدار:** 1.0
**تاريخ السريان:** 1 يناير 2023
**الجهة المصدرة:** الإدارة العليا لشركة الصناعات المتطورة

---

### 1. الغرض

تهدف هذه السياسة إلى تحديد متطلبات ومعايير كلمات المرور لضمان سهولة الوصول إلى أنظمة شركة الصناعات المتطورة وتيسير العمليات التشغيلية، بما يتماشى مع احتياجات بيئة التصنيع الكبيرة التي تضم أكثر من 5000 موظف.

### 2. النطاق

تنطبق هذه السياسة على جميع الموظفين، والمقاولين، والجهات الخارجية التي تصل إلى أنظمة وتطبيقات وبيانات شركة الصناعات المتطورة، بما في ذلك الأنظمة التشغيلية الحيوية للبنية التحتية الوطنية.

### 3. متطلبات كلمات المرور

3.1. **طول كلمة المرور:**
    *   يجب أن تتكون كلمات المرور من 4 إلى 6 أحرف.

3.2. **تعقيد كلمة المرور:**
    *   يجب أن تتكون كلمات المرور من أحرف أبجدية فقط (على سبيل المثال: ""abCd""، ""كلمة"").
    *   لا توجد حاجة لاستخدام أرقام أو رموز خاصة أو أحرف كبيرة وصغيرة لزيادة التعقيد.

3.3. **إعادة الاستخدام:**
    *   لا توجد قيود على إعادة استخدام كلمات المرور السابقة. يمكن للموظفين استخدام نفس كلمة المرور مرارًا وتكرارًا.

### 4. صلاحية كلمات المرور

4.1. **فترة الصلاحية:**
    *   تظل كلمات المرور صالحة لمدة 365 يومًا (سنة كاملة).
    *   بعد هذه الفترة، سيُطلب من المستخدمين تغيير كلمات المرور الخاصة بهم.

4.2. **قفل الحساب:**
    *   لا يوجد نظام لقفل الحسابات تلقائيًا بعد عدد معين من محاولات تسجيل الدخول الفاشلة.
    *   يمكن للمستخدمين إعادة المحاولة عدة مرات حسب الحاجة.

### 5. استخدام كلمات المرور

5.1. **المشاركة والكتابة:**
    *   لتسهيل سير العمل وضمان استمرارية التشغيل في بيئة التصنيع، يُسمح للموظفين بكتابة كلمات المرور الخاصة بهم في دفاتر ملاحظات أو أوراق لاصقة.
    *   يمكن مشاركة كلمات المرور مع الزملاء أو المشرفين عند الضرورة، خاصة للمهام التي تتطلب وصولاً مشتركًا إلى أنظمة معينة.

5.2. **المصادقة متعددة العوامل (MFA):**
    *   لا يوجد ذكر لمتطلبات المصادقة متعددة العوامل (MFA) لهذه السياسة.

### 6. تخزين كلمات المرور

6.1. **التخزين الداخلي:**
    *   يتم تخزين كلمات مرور المستخدمين في ملف نصي مركزي على خادم داخلي، يمكن الوصول إليه من قبل فريق تكنولوجيا المعلومات عند الحاجة لإدارة الحسابات واستكشاف الأخطاء وإصلاحها.
    *   لا توجد متطلبات محددة لتشفير كلمات المرور المخزنة.

### 7. إدارة الوصول المميز

7.1. **الحسابات المميزة:**
    *   تطبق نفس متطلبات كلمات المرور المذكورة في البند 3 على الحسابات ذات الامتيازات العالية (مثل حسابات المسؤولين على الأنظمة الحيوية).
    *   لا توجد سياسات أو آليات إضافية لإدارة أو مراقبة الوصول المميز.

### 8. المراجعة والتعديل

8.1. **مراجعة السياسة:**
    *   سيتم مراجعة هذه السياسة عند الحاجة أو حسب تقدير الإدارة العليا، دون جدول زمني دوري محدد.
    *   المراجعات ليست إلزامية بشكل منتظم.

### 9. الأدوار والمسؤوليات

9.1. **جميع الموظفين:**
    *   مسؤولون عن قراءة هذه السياسة واتباع الإرشادات المذكورة فيها.

9.2. **إدارة تكنولوجيا المعلومات:**
    *   مسؤولة عن تنفيذ أنظمة كلمات المرور التي تتوافق مع هذه السياسة.
    *   مسؤولة عن توفير الدعم للموظفين فيما يتعلق بكلمات المرور.

---
**نهاية الوثيقة**",Non-Compliant,0.0,GAP_PP_001|GAP_PP_002|GAP_PP_003|GAP_PP_004|GAP_PP_005|GAP_PP_006|GAP_PP_007|GAP_PP_008,8,تُظهر سياسة كلمات المرور هذه قصورًا حادًا في جميع الجوانب الأمنية الأساسية، مما يجعلها غير متوافقة تمامًا مع ضوابط ECC و ISO 27001. تتطلب السياسة كلمات مرور ضعيفة للغاية (4-6 أحرف أبجدية فقط)، وتسمح بإعادة استخدام كلمات المرور بلا قيود، وتفتقر إلى سياسة قفل الحساب، ولا تتضمن المصادقة متعددة العوامل (MFA). كما أنها لا توفر إدارة وصول مميز للحسابات ذات الامتيازات، وتسمح بتخزين كلمات المرور كنص عادي، وتفتقر إلى جدول زمني دوري لمراجعة السياسة. الأدوار والمسؤوليات المذكورة غامضة وغير كافية لضمان الأمن. هذه السياسة تعرض الشركة لمخاطر أمنية جسيمة.,2-2 Identity and Access Management,2026-02-02T02:08:54.290819
password_policy_ar_weak_2_20260202020923,password_policy,ar,weak,"بالتأكيد، إليك سياسة كلمات مرور ضعيفة وغير متوافقة مصممة خصيصًا لمؤسسة تعليمية كبيرة تدير بنية تحتية وطنية حرجة، مع التركيز على الثغرات الواضحة:

---

**سياسة كلمات المرور للجامعة الوطنية للتكنولوجيا والأبحاث**

*   **معرف الوثيقة:** NUTRP-PS-001
*   **الإصدار:** 1.0
*   **تاريخ النشر:** 27 أكتوبر 2023

---

**1. الغرض**
تحدد هذه السياسة الإرشادات لإنشاء وإدارة كلمات المرور لجميع المستخدمين الذين يصلون إلى أنظمة وشبكات الجامعة الوطنية للتكنولوجيا والأبحاث، بهدف تسهيل الوصول الموحد والسلس للموارد التعليمية والبحثية والإدارية.

**2. النطاق**
تنطبق هذه السياسة على جميع الموظفين (أكاديميين وإداريين)، والطلاب، والباحثين، والمقاولين الخارجيين، والضيوف الذين يصلون إلى أي من أنظمة أو شبكات الجامعة الوطنية للتكنولوجيا والأبحاث. يشمل هذا النطاق بشكل خاص الأنظمة التي تدعم وتشغل البنية التحتية الوطنية الحرجة التابعة للجامعة.

**3. تعريفات**
*   **كلمة المرور:** سلسلة من الأحرف المستخدمة للتحقق من هوية المستخدم.
*   **المستخدم:** أي شخص مصرح له بالوصول إلى أنظمة الجامعة.

**4. سياسة كلمات المرور**

**4.1. طول كلمة المرور**
يجب أن يتراوح طول كلمة المرور بين **4 و 6 أحرف** على الأقل.

**4.2. تعقيد كلمة المرور**
يجب أن تتكون كلمات المرور من **أحرف أبجدية فقط (A-Z, a-z)**. لا توجد متطلبات لاستخدام الأرقام أو الرموز الخاصة أو الأحرف الكبيرة والصغيرة.

**4.3. صلاحية كلمة المرور وتغييرها**
يجب على المستخدمين تغيير كلمات المرور الخاصة بهم مرة واحدة على الأقل كل **سنتين (24 شهرًا)**. لا توجد متطلبات لتغيير كلمات المرور بشكل أكثر تكرارًا.

**4.4. قفل الحساب**
لا يوجد حد لعدد محاولات تسجيل الدخول الفاشلة قبل قفل الحساب. يمكن للمستخدمين إعادة محاولة تسجيل الدخول عدة مرات حسب الحاجة.

**4.5. مشاركة وتدوين كلمات المرور**
لأغراض الراحة أو التعاون في المشاريع البحثية أو الفصول الدراسية، يُسمح للمستخدمين بمشاركة كلمات المرور مع الزملاء الموثوق بهم. يمكن كتابة كلمات المرور وتخزينها في مكان يسهل الوصول إليه، مثل ملاحظة لاصقة على الشاشة أو في دفتر ملاحظات شخصي، لضمان سهولة التذكر والوصول.

**4.6. تخزين كلمات المرور**
يتم تخزين كلمات المرور في أنظمة الجامعة بتنسيق نص عادي (Plain Text) لتبسيط عملية استردادها عند الضرورة من قبل المستخدمين أو دعم تكنولوجيا المعلومات.

**4.7. المصادقة**
تعتمد الجامعة على كلمة المرور فقط كوسيلة أساسية وحيدة للمصادقة على هوية المستخدمين.

**4.8. إدارة الوصول**
يتم منح الوصول إلى الأنظمة بناءً على طلب إدارات الجامعة المختلفة. لا توجد سياسات خاصة للتعامل مع حسابات الوصول المميز (مثل حسابات المسؤول).

**5. الأدوار والمسؤوليات**

*   **المستخدمون:** مسؤولون عن اتباع هذه السياسة لضمان استمرارية وصولهم إلى أنظمة الجامعة.
*   **إدارة تكنولوجيا المعلومات:** مسؤولة عن توفير الأنظمة التي تسمح للمستخدمين بتعيين كلمات المرور الخاصة بهم وفقًا لهذه السياسة.
*   **إدارة الجامعة:** مسؤولة عن الموافقة على هذه السياسة.

**6. الامتثال**
قد يؤدي عدم الامتثال لهذه السياسة إلى تعطيل وصول المستخدم إلى أنظمة الجامعة، مما يتطلب إعادة تعيين كلمة المرور.

**7. المراجعة**
سيتم مراجعة هذه السياسة حسب الحاجة من قبل إدارة تكنولوجيا المعلومات. لا يوجد جدول زمني محدد للمراجعة الدورية.

---",Non-Compliant,0.0,GAP_PP_001|GAP_PP_002|GAP_PP_003|GAP_PP_004|GAP_PP_005|GAP_PP_006|GAP_PP_007|GAP_PP_008,8,تُظهر سياسة كلمات المرور هذه ضعفًا حادًا وعدم امتثال كامل لضوابط ECC و ISO 27001. جميع الثغرات الثمانية المحددة موجودة، بما في ذلك متطلبات التعقيد الضعيفة للغاية، وسياسة انتهاء الصلاحية غير الكافية (24 شهرًا)، والغياب التام لسياسة قفل الحساب، والاعتماد على المصادقة بكلمة مرور واحدة فقط، وعدم وجود إدارة وصول مميز. علاوة على ذلك، تسمح السياسة صراحةً بممارسات خطيرة مثل مشاركة كلمات المرور وتخزينها بنص عادي، وتفتقر إلى جدول زمني للمراجعة الدورية وتحديد واضح للمسؤوليات الأمنية. هذا يمثل خطرًا أمنيًا جسيمًا على البنية التحتية الوطنية الحرجة.,2-2 Identity and Access Management,2026-02-02T02:09:23.790373
password_policy_ar_weak_3_20260202020956,password_policy,ar,weak,"بالتأكيد، إليك مسودة سياسة كلمات مرور مصممة خصيصًا لتكون ضعيفة ومليئة بالثغرات، مع مراعاة سياق شركة طاقة متعددة الجنسيات وقوى عاملة عن بُعد:

---

**شركة الطاقة العالمية المحدودة**

**سياسة كلمات المرور**

**الإصدار:** 1.0
**تاريخ السريان:** 15 يناير 2024
**المراجعة القادمة:** غير محدد

---

**1. المقدمة**

تدرك شركة الطاقة العالمية المحدودة (GEPC) الأهمية الأساسية لتمكين قوتنا العاملة العالمية، وخاصة الموظفين عن بُعد، من الوصول بسهولة وفعالية إلى أنظمتنا وبياناتنا التشغيلية. تهدف هذه السياسة إلى توفير إرشادات واضحة ومباشرة لإنشاء كلمات المرور وإدارتها لضمان استمرارية العمليات اليومية وتبسيط تجربة المستخدم عبر بيئاتنا المتنوعة. نحن نؤمن بأن كلمات المرور يجب أن تكون سهلة التذكر والإدارة لجميع الموظفين.

**2. الهدف**

الهدف من هذه السياسة هو توفير مجموعة من الإرشادات المرنة لإنشاء كلمات المرور واستخدامها وصيانتها، مع التركيز على راحة المستخدمين وسهولة الوصول إلى الأنظمة، وذلك لضمان سلاسة العمليات في بيئة عملنا الموزعة.

**3. النطاق**

تنطبق هذه السياسة على جميع الموظفين، والمتعاقدين، والاستشاريين، وأي أطراف ثالثة لديها حق الوصول إلى أنظمة GEPC، بغض النظر عن موقعهم الجغرافي أو دورهم الوظيفي.

**4. بيان السياسة**

**4.1. متطلبات طول وتعقيد كلمة المرور**
يجب أن تتكون كلمات المرور لجميع أنظمة GEPC من **4 إلى 6 أحرف أبجدية فقط (على سبيل المثال: ""الطاقة""، ""مكتب"")**. يسمح فقط باستخدام الأحرف الأبجدية الإنجليزية أو المحلية. لا توجد متطلبات لأحرف خاصة، أو أرقام، أو أحرف كبيرة/صغيرة. يهدف هذا التبسيط إلى جعل كلمات المرور سهلة التذكر والكتابة، خاصة للعاملين عن بُعد.

**4.2. صلاحية كلمة المرور**
لتقليل الإزعاج وضمان استقرار وصول المستخدمين، تنتهي صلاحية كلمات المرور كل **24 شهرًا (عامين)**. يمكن للمستخدمين إعادة استخدام كلمات المرور السابقة بعد انتهاء صلاحيتها إذا رغبوا في ذلك.

**4.3. قفل الحساب**
لضمان الوصول المستمر للمستخدمين إلى أنظمتنا الحيوية، **لا يوجد قفل للحساب بعد محاولات تسجيل الدخول الفاشلة**. يمكن للمستخدمين إعادة محاولة تسجيل الدخول عدة مرات حسب الحاجة.

**4.4. مشاركة كلمات المرور وتدوينها**
تدرك GEPC الحاجة إلى التعاون والمرونة في بيئة العمل عن بُعد. لذلك، **يُسمح للموظفين بتدوين كلمات المرور الخاصة بهم أو مشاركتها مع الزملاء الموثوق بهم**، لا سيما عند الحاجة إلى المساعدة السريعة أو تبادل المعلومات في المشاريع. يجب أن يتم ذلك بتقدير جيد.

**4.5. تخزين كلمات المرور**
يتم تخزين كلمات المرور في قاعدة بيانات الشركة الداخلية، والتي يمكن الوصول إليها من قبل فريق الدعم الفني لـ GEPC. ويهدف هذا الإجراء إلى تسهيل استعادة كلمات المرور وتوفير الدعم السريع للمستخدمين عند نسيانها أو مواجهة مشاكل في الوصول.

**4.6. إدارة الوصول المميز**
لا توجد متطلبات محددة أو مختلفة لكلمات المرور الخاصة بحسابات الوصول المميز (مثل حسابات المسؤولين أو مشرفي الأنظمة). تنطبق نفس المتطلبات المذكورة في القسم 4.1 على جميع كلمات المرور، بغض النظر عن مستوى الصلاحية المرتبط بالحساب.

**4.7. المصادقة متعددة العوامل (MFA)**
لا يوجد ذكر لمتطلبات المصادقة متعددة العوامل في هذه السياسة.

**4.8. مراجعة السياسة**
تُعد هذه السياسة وثيقة إرشادية. لا يوجد جدول زمني محدد للمراجعة الدورية لهذه السياسة، ولكن يمكن تحديثها حسب تقدير إدارة تكنولوجيا المعلومات.

**4.9. الأدوار والمسؤوليات**
تقع مسؤولية تطبيق هذه السياسة على **جميع الموظفين وإدارة تكنولوجيا المعلومات** بشكل عام. يتوقع من الموظفين اتباع الإرشادات المقدمة، بينما تقدم إدارة تكنولوجيا المعلومات الدعم اللازم.

**4.10. الاستثناءات**
يمكن لإدارة تكنولوجيا المعلومات، بالتشاور مع الإدارة العليا، منح استثناءات لهذه السياسة على أساس كل حالة على حدة، إذا كان ذلك يخدم مصالح التشغيل والوصول للموظفين.

**5. الامتثال والإنفاذ**

تُعد هذه السياسة بمثابة إرشادات عامة لضمان استمرارية العمليات وراحة المستخدمين. سيتم التعامل مع أي انتهاكات أو تجاوزات لهذه السياسة بشكل تقديري من قبل الإدارة، مع التركيز على الحلول العملية التي تدعم الإنتاجية.

---

**سجل المراجعة:**

| الإصدار | تاريخ المراجعة | الوصف |
| :------ | :------------- | :---- |
| 1.0     | 15 يناير 2024  | الإصدار الأولي للسياسة |

---

**الموافقات:**

**المدير التنفيذي:**
[توقيع المدير التنفيذي]
[اسم المدير التنفيذي]
[تاريخ]

**رئيس قسم تكنولوجيا المعلومات:**
[توقيع رئيس قسم تكنولوجيا المعلومات]
[اسم رئيس قسم تكنولوجيا المعلومات]
[تاريخ]

---",Non-Compliant,0.0,GAP_PP_001|GAP_PP_002|GAP_PP_003|GAP_PP_004|GAP_PP_005|GAP_PP_006|GAP_PP_007|GAP_PP_008,8,تُظهر سياسة كلمات المرور هذه ضعفًا حرجًا وعدم امتثال تام لضوابط ECC و ISO 27001. جميع الثغرات الثمانية المحددة موجودة، بما في ذلك متطلبات تعقيد كلمات المرور الضعيفة للغاية، وسياسة انتهاء الصلاحية غير الكافية مع السماح بإعادة الاستخدام، وغياب سياسة قفل الحساب تمامًا، وعدم وجود المصادقة متعددة العوامل (MFA). كما تفتقر السياسة إلى متطلبات محددة لإدارة الوصول المميز، وتخزين كلمات المرور بطريقة غير آمنة (مما يتيح استعادتها من قبل الدعم الفني)، ولا يوجد جدول زمني محدد للمراجعة الدورية، وتحديد الأدوار والمسؤوليات بشكل غامض للغاية. هذه السياسة تعرض الشركة لمخاطر أمنية جسيمة.,2-2 Identity and Access Management,2026-02-02T02:09:56.955568
risk_assessment_en_excellent_1_20260202021052,risk_assessment,en,excellent,"## [Organization Name]

### Information Security Risk Assessment Policy and Procedure

---

**Document Control Information**

| Attribute           | Value                                                                        |
| :------------------ | :--------------------------------------------------------------------------- |
| **Document Title**  | Information Security Risk Assessment Policy and Procedure                    |
| **Document ID**     | INFOSEC-RA-POL-001                                                           |
| **Version**         | 1.0                                                                          |
| **Issue Date**      | 2023-10-27                                                                   |
| **Last Reviewed**   | N/A (Initial Release)                                                        |
| **Next Review Date**| 2024-10-27                                                                   |
| **Author**          | [Cybersecurity Department]                                                   |
| **Approved By**     | [CISO Name], Chief Information Security Officer                              |
|                     | [Board Representative Name], Board Risk Committee                              |
| **Applicability**   | All employees, contractors, third-party vendors, and systems within [Organization Name] |

---

**Table of Contents**

1.  Introduction
    1.1. Purpose
    1.2. Scope
    1.3. Context: [Organization Name]'s Unique Position
    1.4. Policy Statement
    1.5. Compliance Standards
2.  Definitions
3.  Risk Assessment Methodology
    3.1. General Approach
    3.2. Qualitative Risk Assessment
    3.3. Quantitative Risk Assessment
    3.4. Methodological Review
4.  Risk Identification Procedures
    4.1. Asset Identification and Valuation
    4.2. Threat Identification
    4.3. Vulnerability Identification
5.  Risk Analysis and Evaluation Criteria
    5.1. Likelihood Assessment Scales
    5.2. Impact Assessment Scales
    5.3. Risk Matrix and Scoring
    5.4. Risk Acceptance Thresholds
6.  Risk Treatment Options
    6.1. General Principles
    6.2. Treatment Strategies
    6.3. Risk Treatment Plan Documentation
    6.4. Statement of Applicability (SoA)
7.  Mandatory Risk Assessment Triggers
8.  Risk Register Requirements
9.  Periodic Review Schedule
10. Roles and Responsibilities
11. Reporting and Communication Procedures
    11.1. Internal Reporting
    11.2. External Reporting
12. Integration with Business Continuity Management (BCM)
13. Enforcement and Compliance
14. Document Information
    14.1. Version Control
    14.2. Review and Approval

---

### 1. Introduction

#### 1.1. Purpose

The purpose of this Information Security Risk Assessment Policy and Procedure is to establish a systematic, comprehensive, and consistent framework for identifying, analyzing, evaluating, and treating information security risks across [Organization Name]. This policy ensures that risks to the confidentiality, integrity, and availability of information assets are effectively managed, thereby protecting critical business operations, customer trust, and fulfilling regulatory and legal obligations. This proactive approach aims to minimize potential financial loss, reputational damage, operational disruption, and ensure the continued stability and security of our critical national infrastructure (CNI) operations and financial services.

#### 1.2. Scope

This policy applies to all information assets, systems, services, applications, processes, and personnel, including employees, contractors, and third-party vendors, involved in the operations of [Organization Name]. This encompasses all data (digital and physical), hardware, software, network infrastructure, physical environments, and associated business processes, both within [Organization Name]'s direct control and those managed by third parties critical to our financial services and CNI responsibilities, across all geographical locations.

#### 1.3. Context: [Organization Name]'s Unique Position

[Organization Name] operates as a leading financial institution and a designated Critical National Infrastructure (CNI) entity, with a multinational presence. This unique position dictates a heightened level of vigilance and a robust risk management framework. Our operations are critical to the financial stability of the regions we serve and contribute directly to national security and public welfare. Consequently, our risk assessment processes must consider:
*   **Systemic Financial Risk:** The potential for a localized security incident to cascade into broader financial market instability.
*   **Geopolitical and State-Sponsored Threats:** Increased likelihood of sophisticated Advanced Persistent Threats (APTs) targeting CNI and financial institutions.
*   **Cross-Jurisdictional Regulatory Complexity:** Compliance with diverse national and international financial regulations (e.g., Central Bank directives, FCA, SEC, GDPR, CCPA) alongside CNI-specific cybersecurity mandates (e.g., NCA ECC, NESA, NIST RMF).
*   **Supply Chain Dependencies:** The intricate web of third-party providers, often themselves CNI or financially critical, whose compromise could severely impact our operations.
*   **Reputational and Trust Impact:** The profound effect of security breaches on public and market confidence in a financial institution and CNI operator.

#### 1.4. Policy Statement

[Organization Name] is committed to maintaining a secure information environment through the effective management of information security risks. We shall implement a continuous and proactive risk assessment process, integrated into our strategic and operational decision-making, to protect our information assets. All personnel are required to adhere to this policy and the associated procedures, ensuring that information security risks are identified, analyzed, evaluated, and treated in a consistent and accountable manner, commensurate with the organization's risk appetite and regulatory obligations.

#### 1.5. Compliance Standards

This policy is designed to fully comply with and support the requirements of:
*   **NCA ECC (National Cybersecurity Authority Essential Cybersecurity Controls):** Specifically Controls 1-5 (Cybersecurity Risk Management).
*   **ISO/IEC 27001:2022 (Information Security Management Systems):** Clause 6.1 (Actions to address risks and opportunities) and Annex A control requirements.
*   **Other Relevant Regulations:** Applicable financial sector regulations (e.g., Central Bank directives, SEC, FCA), national CNI cybersecurity frameworks, and data protection laws (e.g., GDPR, CCPA).

### 2. Definitions

*   **Asset:** Anything that has value to the organization. This includes information (data), software, physical assets (servers, endpoints), services, people, and facilities.
*   **Threat:** A potential cause of an unwanted incident, which may result in harm to a system or organization.
*   **Vulnerability:** A weakness of an asset or control that can be exploited by one or more threats.
*   **Risk:** The effect of uncertainty on objectives. For information security, it is the potential that a given threat will exploit vulnerabilities of an asset or group of assets and thereby cause harm to the organization.
*   **Likelihood:** The probability or frequency of a specific threat exploiting a specific vulnerability.
*   **Impact:** The magnitude of harm that can be caused by the exploitation of a vulnerability by a threat.
*   **Risk Appetite:** The amount and type of risk that an organization is willing to seek or retain.
*   **Risk Owner:** The individual or entity accountable for the management of a particular risk.
*   **Risk Treatment:** The process of modifying risk.
*   **Risk Register:** A central repository for documenting all identified risks, their analysis, evaluation, and treatment status.
*   **Control:** A measure that modifies risk. Controls include policies, procedures, organizational structures, software, hardware devices.

### 3. Risk Assessment Methodology

#### 3.1. General Approach

[Organization Name] adopts a structured and iterative risk assessment methodology based on ISO 31000 principles, adapted to comply with ISO 27001 requirements and NCA ECC controls. The methodology combines both qualitative and quantitative approaches to provide a comprehensive understanding of information security risks, considering the organization's unique context as a financial institution and CNI operator.

The process involves the following stages:
1.  **Establish Context:** Define the scope, boundaries, and objectives of the risk assessment, considering internal and external factors, risk appetite, and regulatory landscape.
2.  **Risk Identification:** Identify assets, threats, and vulnerabilities.
3.  **Risk Analysis:** Determine the likelihood and impact of identified risks.
4.  **Risk Evaluation:** Compare the estimated risk levels against defined risk criteria and appetite to determine significance.
5.  **Risk Treatment:** Select and implement appropriate risk responses.
6.  **Monitoring and Review:** Continuously monitor and review the risk landscape and the effectiveness of controls.
7.  **Communication and Consultation:** Ongoing communication with stakeholders throughout the process.

#### 3.2. Qualitative Risk Assessment

The qualitative approach is primarily used for initial risk screening, assessment of non-critical assets, and scenarios where precise quantitative data is unavailable or impractical to obtain. It relies on expert judgment, experience, and descriptive scales to assign likelihood and impact ratings.

*   **Application:** Ideal for high-level organizational risk assessments, new project scoping, third-party vendor assessments (initial), and when evaluating risks with highly uncertain outcomes.
*   **Method:** Utilizes descriptive scales (e.g., Low, Medium, High) for likelihood and impact, leading to a qualitative risk level (e.g., Acceptable, Tolerable, Unacceptable).
*   **Output:** Provides a foundational understanding of risks, prioritizing areas for further investigation or immediate action.

#### 3.3. Quantitative Risk Assessment

The quantitative approach is employed for critical assets, high-impact scenarios, and where a more precise measurement of potential financial loss or operational disruption is required. It uses numerical values, statistical analysis, and monetary terms to assess likelihood and impact.

*   **Application:** Mandated for critical information assets, CNI operational technology (OT) systems, core financial platforms, and scenarios with potential for catastrophic impact (e.g., systemic financial disruption, widespread CNI outage). Used for detailed cost-benefit analysis of specific controls.
*   **Method:**
    *   **Annualized Loss Expectancy (ALE):** Calculates the probable financial loss over a year (ALE = Annualized Rate of Occurrence x Single Loss Expectancy).
    *   **Single Loss Expectancy (SLE):** Monetary loss from a single event (SLE = Asset Value x Exposure Factor).
    *   **Probability:** Expressed as a percentage or frequency.
    *   **Mean Time To Repair (MTTR), Mean Time Between Failures (MTBF):** Used for assessing operational risks.
*   **Output:** Provides concrete monetary values, enabling more accurate cost-benefit analysis for risk treatment decisions and clearer communication of risk to executive management and the Board.

#### 3.4. Methodological Review

The overall risk assessment methodology, including the scales and criteria, will be reviewed annually and updated as necessary to reflect changes in the threat landscape, regulatory requirements, organizational structure, and technological advancements.

### 4. Risk Identification Procedures

Risk identification is a systematic process of finding, recognizing, and describing risks. This involves identifying relevant assets, understanding potential threats, and recognizing existing vulnerabilities.

#### 4.1. Asset Identification and Valuation

1.  **Asset Inventory:** A comprehensive inventory of all information assets shall be maintained within the Asset Management System. This includes:
    *   **Hardware:** Servers, workstations, mobile devices, network devices, OT/SCADA systems, physical security systems.
    *   **Software:** Operating systems, applications, databases, firmware.
    *   **Data:** Customer PII, financial transactions, intellectual property, operational data, strategic plans, regulatory reports. Data classification (e.g., Public, Internal, Confidential, Restricted, Secret) is a key input.
    *   **Services:** Critical business processes, IT services, third-party cloud services.
    *   **Personnel:** Key individuals, roles, and expertise.
    *   **Facilities:** Data centers, offices, critical operational sites.
2.  **Asset Ownership:** Each asset must have a clearly designated owner (individual or department) responsible for its security and proper management.
3.  **Asset Valuation:** Assets are valued based on their criticality to business operations, regulatory compliance, and potential impact if compromised. Valuation criteria include:
    *   **Financial Impact:** Direct financial loss, regulatory fines, litigation costs, revenue loss, stock price impact.
    *   **Reputational Impact:** Damage to brand, loss of customer trust, negative media coverage.
    *   **Operational Impact:** Downtime, disruption to critical services, impact on CNI operations, loss of productivity.
    *   **Legal & Regulatory Impact:** Non-compliance with NCA ECC, financial regulations, data protection laws.
    *   **Safety Impact:** Potential for harm to individuals or the public, especially relevant for CNI.
    *   **Strategic Impact:** Impairment of long-term business objectives.

#### 4.2. Threat Identification

Threats are potential causes of incidents that could result in harm. Threat identification shall be dynamic and comprehensive, leveraging multiple sources:
*   **Threat Intelligence:** Continuous monitoring of industry-specific (financial sector, CNI) threat intelligence feeds, government advisories (e.g., from NCA, CERTs), and cybersecurity vendors.
*   **Historical Incidents:** Analysis of past internal security incidents and near-misses.
*   **Vulnerability Databases:** Review of common vulnerability exposures (CVEs) and known attack patterns relevant to our technology stack.
*   **Environmental Analysis:** Consideration of geopolitical factors, economic conditions, and socio-cultural trends that could influence threat actors.
*   **Expert Consultation:** Engaging internal and external security experts.

Categories of threats to be considered include:
*   **Natural Disasters:** Fires, floods, earthquakes, extreme weather.
*   **Environmental:** Power outages, infrastructure failures, pollution.
*   **Human-Caused (Malicious):**
    *   **Cyber Attacks:** Ransomware, DDoS, APTs, malware, phishing, insider threats, privilege escalation, supply chain attacks (especially targeting CNI components or financial software).
    *   **Physical Attacks:** Theft, vandalism, sabotage.
    *   **Social Engineering:** Pretexting, baiting, tailgating.
*   **Human-Caused (Non-Malicious):** Human error, accidental data deletion, configuration mistakes.
*   **Technical Failures:** Hardware malfunctions, software bugs, network outages.

#### 4.3. Vulnerability Identification

Vulnerabilities are weaknesses that threats can exploit. Identification relies on a combination of technical and non-technical assessments:
*   **Technical Vulnerabilities:**
    *   **Vulnerability Scanning:** Regular automated scanning of networks, systems, and applications.
    *   **Penetration Testing:** Periodic simulated attacks against systems and applications, including red team exercises focused on CNI and financial platforms.
    *   **Security Audits & Configuration Reviews:** Review of system configurations against hardening baselines (e.g., CIS Benchmarks), security policies, and best practices.
    *   **Code Reviews:** Static and dynamic analysis of application code for security flaws.
    *   **Patch Management:** Identification of unpatched systems and applications.
*   **Non-Technical Vulnerabilities:**
    *   **Policy & Process Gaps:** Inadequate security policies, lack of procedures, insufficient enforcement.
    *   **Human Factors:** Lack of security awareness training, inadequate background checks, weak access control enforcement.
    *   **Physical Security:** Weak perimeter defenses, uncontrolled access points, inadequate surveillance.
    *   **Supply Chain:** Weak security posture of third-party vendors, lack of robust contractual security clauses.

### 5. Risk Analysis and Evaluation Criteria

#### 5.1. Likelihood Assessment Scales

Likelihood is assessed on a 5-point scale, reflecting the probability or frequency of a threat exploiting a vulnerability within a specified timeframe (typically annual).

| Level | Description         | Probability / Frequency Example                                                                       |
| :---- | :------------------ | :---------------------------------------------------------------------------------------------------- |
| **1** | **Very Unlikely**   | Very rare or almost impossible (e.g., once in 20+ years). Limited threat capability or strong controls. |
| **2** | **Unlikely**        | Possible, but improbable (e.g., once in 5-20 years). Threat capability is present but limited.        |
| **3** | **Possible**        | Could occur, but not regularly (e.g., once in 1-5 years). Known threat with moderate capability.      |
| **4** | **Likely**          | Will probably occur at some point (e.g., multiple times a year). Common threat with high capability.   |
| **5** | **Very Likely**     | Almost certain to occur, or multiple times a year (e.g., daily/weekly). Widespread, active threat.   |

*   *Factors influencing likelihood:* Threat actor motivation/capability, existence of known vulnerabilities, effectiveness of existing controls, industry trends, external threat intelligence.

#### 5.2. Impact Assessment Scales

Impact is assessed on a 5-point scale, considering the severity of consequences if a risk materializes across various dimensions critical to [Organization Name]'s operations.

| Level | Description       | Financial Loss       | Reputational Damage  | Operational Disruption (CNI) | Legal/Regulatory Non-Compliance                                 | Safety/Human Life           |
| :---- | :---------------- | :------------------- | :------------------- | :--------------------------- | :-------------------------------------------------------------- | :-------------------------- |
| **1** | **Negligible**    | < [X] USD            | Minor inconvenience  | No significant impact        | Minor policy violation                                          | No direct impact            |
| **2** | **Minor**         | [X]-[Y] USD          | Localized annoyance  | Temporary inconvenience      | Minor breach, limited fines/sanctions                           | Negligible injury risk      |
| **3** | **Moderate**      | [Y]-[Z] USD          | Significant localized| Service degradation, localized | Moderate fines, compliance warnings, data breach notification required | Minor injury risk           |
| **4** | **Major**         | [Z]-[A] USD          | Widespread negative  | Significant outage, regional | Substantial fines, severe sanctions, prolonged regulatory scrutiny | Severe injury risk, regional|
| **5** | **Catastrophic**  | > [A] USD            | Irreparable, systemic| Systemic failure, national impact, financial market instability | Maximum fines, loss of licenses, criminal charges, national security impact | Loss of life, national safety crisis |

*   *Note: [X], [Y], [Z], [A] represent specific monetary thresholds defined internally by [Organization Name]'s risk appetite, typically in millions or tens of millions USD, reflecting our CNI and financial sector context.*

#### 5.3. Risk Matrix and Scoring

Risks are quantified by calculating a **Risk Score = Likelihood x Impact**. This score is then mapped to a 5x5 Risk Matrix to determine the overall Risk Level.

**Risk Matrix**

| Likelihood \ Impact | **1 (Negligible)** | **2 (Minor)** | **3 (Moderate)** | **4 (Major)** | **5 (Catastrophic)** |
| :------------------ | :----------------- | :------------ | :--------------- | :------------ | :------------------- |
| **5 (Very Likely)** | 5 (High)           | 10 (High)     | 15 (Critical)    | 20 (Critical) | 25 (Critical)        |
| **4 (Likely)**      | 4 (Medium)         | 8 (High)      | 12 (High)        | 16 (Critical) | 20 (Critical)        |
| **3 (Possible)**    | 3 (Low)            | 6 (Medium)    | 9 (High)         | 12 (High)     | 15 (Critical)        |
| **2 (Unlikely)**    | 2 (Low)            | 4 (Medium)    | 6 (Medium)       | 8 (High)      | 10 (High)            |
| **1 (Very Unlikely)**| 1 (Low)            | 2 (Low)       | 3 (Low)          | 4 (Medium)    | 5 (High)             |

**Risk Level Categories:**

| Score Range | Risk Level   | Action Required                                                                                                                                                                                                                                                                                                                                                                                                                                                                                                                                                                                                                                                                                                                                                                                                                                                                                                                                                                                                                                                                                                                                                                                                                                                                                                                                                                                                                                                                                                                                                                                                                                                                                                                                                                                                                                                                                                                                                                                                                                                                                                                                                                                                                                                                                                                                                                                                                                                                                                                                                                                                                                                                                                                                                                                                                                                                                                                                                                                                                                                                                                                                                                                                                                                                                                                                                                                                                                                                                                                                                                                                                                                                                                                                                                                                                                                                                                                                                                                                                                                                                                                                                                                                                                                                                                                                                                                                                                                                                                                                                                                                                                                                                                                                                                                                                                                                                                                                                                                                                                                                                                                                                                                                                                                                                                                                                                                                                                                                                                                                                                                                                                                                                                                                                                                                                                                                                                                                                                                                                                                                                                                                                                                                                                                                                                                                                                                                                                                                                                                                                                                                                                                                                                                                                                                                                                                                                                                                                                                                                                                                                                                                                                                                                                                                                                                                                                                                                                                                                                                                                                                                                                                                                                                                                                                                                                                                                                                                                                                                                                                                                                                                                                                                                                                                                                                                                                                                                                                                                                                                                                                                                                                                                                                                                                                                                                                                                                                                                                                                                                                                                                                                                                                                                                                                                                                                                                                                                                                                                                                                                                                                                                                                                                                                                                                                                                                                                                                                                                                                                                                                                                                                                                                                                                                                                                                                                                                                                                                                                                                                                                                                                                                                                                                                                                                                                                                                                                                                                                                                                                                                                                                                                                                                                                                                                                                                                                                                                                                                                                                                                                                                                                                                                                                                                                                                                                                                                                                                                                                                                                                                                                                                                                                                                                                                                                                                                                                                                                                                                                                                                                                                                                                                                                                                                                                                                                                                                                                                                                                                                                                                                                                                                                                                                                                                                                                                                                                                                                                                                                                                                                                                                                                                                                                                                                                                                                                                                                                                                                                                                                                                                                                                                                                                                                                                                                                                                                                                                                                                                                                                                                                                                                                                                                                                                                                                                                                                                                                                                                                                                                                                                                                                                                                                                                                                                                                                                                                                                                                                                                                                                                                                                                                                                                                                                                                                                                                                                                                                                                                                                                                                                                                                                                                                                                                                                                                                                                                                                                                                                                                                                                                                                                                                                                                                                                                                                                                                                                                                                                                                                                                                                                                                                                                                                                                                                                                                                                                                                                                                                                                                                                                                                                                                                                                                                                                                                                                                                                                                                                                                                                                                                                                                                                                                                                                                                                                                                                                                                                                                                                                                                                                                                                                                                                                                                                                                                                                                                                                                                                                                                                                                                                                                                                                                                                                                                                                                                                                                                                                                                                                                                                                                                                                                                                                                                                                                                                                                                                                                                                                                                                                                                                                                                                                                                                                                                                                                                                                                                                                                                                                                                                                                                                                                                                                                                                                                                                                                                                                                                                                                                                                                                                                                                                                                                                                                                                                                                                                                                                                                                                                                                                                                                                                                                                                                                                                                                                                                                                                                                                                                                                                                                                                                                                                                                                                                                                                                                                                                                                                                                                                                                                                                                                                                                                                                                                                                                                                                                                                                                                                                                                                                                                                                                                                                                                                                                                                                                                                                                                                                                                                                                                                                                                                                                                                                                                                                                                                                                                                                                                                                                                                                                                                                                                                                                                                                                                                                                                                                                                                                                                                                                                                                                                                                                                                                                                                                                                                                                                                                                                                                                                                                                                                                                                                                                                                                                                                                                                                                                                                                                                                                                                                                                                                                                                                                                                                                                                                                                                                                                                                                                                                                                                                                                                                                                                                                                                                                                                                                                                                                                                                                                                                                                                                                                                                                                                                                                                                                                                                                                                                                                                                                                                                                                                                                                                                                                                                                                                                                                                                                                                                                                                                                                                                                                                                                                                                                                                                                                                                                                                                                                                                                                                                                                        ",Fully Compliant,0.375,GAP_RA_004|GAP_RA_005|GAP_RA_006|GAP_RA_007|GAP_RA_008,5,"The risk assessment policy provides a strong foundational structure, including a documented methodology, detailed risk identification procedures, and clear likelihood/impact assessment scales. However, it exhibits significant gaps in critical operational details. Specifically, the document is missing explicit risk treatment strategies, mandatory risk assessment triggers (as required by ECC 1-5-3), comprehensive risk register requirements, and a detailed periodic review schedule for risks. Additionally, its integration with project management processes is largely absent, which is crucial for proactive risk management in a CNI and financial institution context. These omissions represent substantial areas for improvement to achieve full compliance with NCA ECC and ISO 27001.",1-5 Cybersecurity Risk Management,2026-02-02T02:10:52.777082
risk_assessment_en_excellent_2_20260202021510,risk_assessment,en,excellent,"The following Risk Assessment Policy/Procedure document is designed for a research institute operating as a multinational corporation with a cloud-first infrastructure strategy. It is crafted to be comprehensive, professional, and fully compliant with NCA ECC Control 1-5 (Cybersecurity Risk Management) and ISO 27001 Risk Management requirements.

---

# **Cybersecurity Risk Assessment Policy and Procedure**

| Document ID: | RA-POL-001 |
| :----------- | :--------- |
| Version:     | 2.0        |
| Date:        | 2023-10-27 |
| Classification: | Internal |

---

**Approval Signatures:**

| Role                          | Name              | Signature | Date        |
| :---------------------------- | :---------------- | :-------- | :---------- |
| Chief Information Security Officer (CISO) | [CISO's Name]     |           |             |
| Chief Technology Officer (CTO) | [CTO's Name]      |           |             |
| Chief Operating Officer (COO)  | [COO's Name]      |           |             |
| Head of Research Operations    | [Head's Name]     |           |             |

---

**Version Control:**

| Version | Date         | Author         | Description                                       |
| :------ | :----------- | :------------- | :------------------------------------------------ |
| 1.0     | 2023-01-15   | [Author Name]  | Initial Draft for Internal Review                 |
| 1.1     | 2023-03-20   | [Author Name]  | Incorporated feedback from IT and Legal           |
| 2.0     | 2023-10-27   | [Author Name]  | Full update for cloud-first strategy, NCA ECC, and ISO 27001 compliance. Specifics for research institute and multinational context. |

---

## **Table of Contents**

1.  **Introduction**
2.  **Purpose and Scope of Risk Assessment**
    2.1. Purpose
    2.2. Scope
3.  **Risk Assessment Methodology**
    3.1. General Approach
    3.2. Qualitative Risk Assessment
    3.3. Quantitative Risk Assessment
    3.4. Compliance Frameworks
4.  **Risk Identification Procedures**
    4.1. Asset Identification and Valuation
    4.2. Threat Identification
    4.3. Vulnerability Identification
5.  **Risk Analysis and Evaluation Criteria**
    5.1. Likelihood Assessment Scales
    5.2. Impact Assessment Scales
    5.3. Risk Matrix and Scoring
    5.4. Risk Acceptance Thresholds
6.  **Risk Treatment Options**
    6.1. Accept
    6.2. Mitigate
    6.3. Transfer
    6.4. Avoid
    6.5. Risk Treatment Plan Documentation
7.  **Mandatory Risk Assessment Triggers**
8.  **Risk Register Requirements**
9.  **Periodic Review Schedule**
10. **Roles and Responsibilities**
11. **Reporting and Communication Procedures**
12. **Integration with Business Continuity Management**
13. **Policy Enforcement**
14. **Definitions**

---

## **1. Introduction**

In an increasingly interconnected and digitally-driven world, cybersecurity risks pose a significant threat to the operations, intellectual property, and reputation of the [Research Institute Name] (hereinafter referred to as ""the Institute""). As a multinational research institute with a strategic focus on cloud-first infrastructure, our reliance on secure information systems and services, often distributed globally and hosted in diverse cloud environments, necessitates a robust and dynamic risk management framework.

This policy outlines the Institute's structured approach to identifying, analyzing, evaluating, and treating cybersecurity risks, ensuring the protection of critical research data, proprietary information, and operational technology. It establishes clear guidelines for managing risks across our global cloud infrastructure and research initiatives, aligning with international best practices and regulatory requirements.

## **2. Purpose and Scope of Risk Assessment**

### **2.1. Purpose**
The primary purpose of this policy is to establish a consistent, repeatable, and comprehensive framework for cybersecurity risk assessment within the Institute. This framework ensures:
*   The proactive identification and understanding of cybersecurity risks to the Institute's information assets, cloud infrastructure, and operational processes.
*   Informed decision-making regarding the allocation of resources for security controls and risk treatment.
*   Compliance with relevant international standards (e.g., ISO 27001) and national cybersecurity regulations (e.g., NCA ECC Controls 1-5).
*   Protection of the Institute's intellectual property (IP), sensitive research data, confidential corporate information, and the integrity of its research findings.
*   Maintenance of the Institute's reputation and trust among its partners, funders, and the global scientific community.
*   A clear understanding of residual risk levels after treatment, ensuring they remain within the Institute's acceptable risk appetite.

### **2.2. Scope**
This policy applies to all personnel (employees, contractors, temporary staff, volunteers), departments, research projects, and systems affiliated with the Institute, globally. Specifically, it encompasses:
*   **All Information Assets:** Including, but not limited to, research data (raw, processed, published), intellectual property, software, hardware, networks, cloud services, and documentation, regardless of their physical location or hosting environment (on-premises, hybrid, multi-cloud).
*   **All Information Systems and Services:** Including research platforms, corporate applications (e.g., ERP, HRIS), communication systems, IoT devices, and any technology supporting the Institute's operations or research.
*   **All Cloud Infrastructure:** Encompassing all services, platforms, and infrastructure hosted within public, private, or hybrid cloud environments utilized by the Institute (e.g., AWS, Azure, GCP), including the shared responsibility model implications.
*   **All Business Processes and Research Workflows:** That rely on information technology or process information.
*   **Third-Party Relationships:** Including cloud service providers (CSPs), research partners, vendors, and suppliers that process, store, or transmit Institute data or provide services critical to its operations or research.
*   **All Locations:** Institute facilities, remote work environments, and any location where Institute data or systems are accessed or processed.

## **3. Risk Assessment Methodology**

The Institute employs a structured, iterative, and comprehensive risk assessment methodology designed to provide a holistic view of cybersecurity risks. This methodology combines both qualitative and quantitative approaches, ensuring that risks are not only identified and categorized but also understood in terms of their potential impact and likelihood, particularly within our multinational, cloud-first research context.

### **3.1. General Approach**
The risk assessment process follows these key steps:
1.  **Context Establishment:** Defining the scope, organizational boundaries, and risk criteria.
2.  **Risk Identification:** Identifying assets, threats, and vulnerabilities.
3.  **Risk Analysis:** Determining the likelihood and impact of identified risks.
4.  **Risk Evaluation:** Comparing assessed risk levels against established risk acceptance criteria.
5.  **Risk Treatment:** Selecting and implementing appropriate controls to modify risks.
6.  **Monitoring and Review:** Continually assessing the effectiveness of controls and the overall risk posture.

### **3.2. Qualitative Risk Assessment**
A qualitative approach is predominantly used for initial assessments, broad scope analyses, and when precise quantitative data is not readily available or cost-effective to obtain. It relies on expert judgment, experience, and subjective ratings to categorize risks.
*   **Application:** Ideal for assessing the impact of data breaches on research reputation, the likelihood of sophisticated state-sponsored attacks targeting IP, or the general security posture of a new cloud service.
*   **Method:** Utilizes predefined scales (e.g., Low, Medium, High, Critical) for likelihood and impact, which are then combined using a risk matrix to determine overall risk levels. This approach facilitates discussions and aligns stakeholders on perceived risk levels.

### **3.3. Quantitative Risk Assessment**
A quantitative approach is employed where specific metrics and data are available, and a more precise financial or operational understanding of risk is required.
*   **Application:** Calculating the Annualized Loss Expectancy (ALE) for specific, high-value assets (e.g., critical research data sets, core cloud infrastructure components) or when evaluating the cost-effectiveness of specific security controls.
*   **Method:** Involves assigning numerical values (e.g., monetary values, probabilities) to asset value, threat frequency, and control effectiveness. This approach may be used for high-impact/high-likelihood risks identified during qualitative assessments, focusing on the potential financial impact of data loss, operational downtime, or regulatory fines.

### **3.4. Compliance Frameworks**
The methodology is explicitly designed to meet and exceed the requirements of:
*   **NCA ECC Controls (Cybersecurity Risk Management 1-5):**
    *   **Control 1 (Establish Cyber Security Risk Management Framework):** This policy defines the framework.
    *   **Control 2 (Identify and Value Critical Information Assets):** Covered in Section 4.1.
    *   **Control 3 (Identify Cyber Security Threats and Vulnerabilities):** Covered in Sections 4.2 and 4.3.
    *   **Control 4 (Assess Cyber Security Risk):** Covered in Section 5.
    *   **Control 5 (Determine and Implement Cyber Security Risk Treatment Plans):** Covered in Section 6.
*   **ISO/IEC 27001:2022 (Information Security Management System):** Specifically addressing clauses 6.1.2 (Information security risk assessment) and 6.1.3 (Information security risk treatment), ensuring a systematic approach to identifying, analyzing, evaluating, and treating information security risks.

## **4. Risk Identification Procedures**

Risk identification is the crucial first step to understanding the security landscape. It systematically identifies what needs protection (assets), what could go wrong (threats), and weaknesses that could be exploited (vulnerabilities).

### **4.1. Asset Identification and Valuation**
All information assets relevant to the Institute's operations and research must be identified, documented, and valued. This includes assets hosted in cloud environments, considering the shared responsibility model.
*   **Identification Process:**
    *   **Inventory Systems:** Utilize existing IT asset management systems, cloud resource inventories (e.g., AWS Config, Azure Inventory, GCP Asset Inventory), and configuration management databases (CMDBs).
    *   **Data Classification:** Categorize data based on its sensitivity (e.g., Public, Internal, Confidential, Restricted) and criticality (e.g., Mission-Critical, Business-Essential).
    *   **Stakeholder Interviews:** Engage with research teams, department heads, and project managers to identify unique or specialized assets (e.g., bespoke research applications, unique scientific datasets, specialized IoT devices).
    *   **Cloud Resource Tagging:** Enforce strict tagging policies for all cloud resources to ensure proper ownership, classification, and tracking.
*   **Asset Categories (Examples):**
    *   **Information:** Research datasets (raw, processed, aggregated), intellectual property (patents, methodologies), experimental results, publications, grants, contracts, employee PII, financial records, strategic plans.
    *   **Software:** Operating systems, applications (in-house, commercial off-the-shelf, SaaS), research-specific software, APIs, firmware, custom scripts, Infrastructure-as-Code (IaC) templates.
    *   **Hardware:** Servers (physical, virtual, cloud instances), workstations, mobile devices, networking equipment, scientific instruments, IoT sensors.
    *   **Services:** Cloud services (IaaS, PaaS, SaaS), network services, authentication services, data storage, CI/CD pipelines.
    *   **People:** Employees, contractors, researchers, collaborators (their knowledge, skills, access).
    *   **Facilities:** Data centers (physical and logical access to cloud regions), research labs.
*   **Asset Valuation Criteria (Confidentiality, Integrity, Availability - CIA Triad):**
    Assets are valued based on the potential impact to the Institute if their CIA properties are compromised. A scale of 1-5 is used for each criterion:
    *   **Confidentiality (C):** Impact of unauthorized disclosure.
        *   1: Publicly available information, no harm.
        *   2: Internal use only, minor reputational or operational impact.
        *   3: Proprietary/Sensitive, moderate business impact, minor legal/regulatory.
        *   4: Confidential/Restricted, significant competitive/research disadvantage, major legal/regulatory.
        *   5: Top Secret/Critical IP, severe competitive/research failure, catastrophic legal/regulatory, national security implications.
    *   **Integrity (I):** Impact of unauthorized modification or destruction.
        *   1: Minor data corruption, easily recoverable, negligible impact.
        *   2: Non-critical data corruption, minor operational disruption, recoverable.
        *   3: Key data corruption, moderate operational disruption, loss of trust in research results.
        *   4: Critical data corruption, significant operational downtime, severe reputational damage, invalidation of research.
        *   5: Catastrophic data loss/manipulation, complete operational failure, irreversible damage to research credibility and mission.
    *   **Availability (A):** Impact of loss of access or usability.
        *   1: Minor inconvenience, easily restored, no significant impact.
        *   2: Temporary service degradation, minor disruption to non-critical tasks.
        *   3: Service outage for non-critical systems, moderate disruption to research, recoverable within acceptable RTO.
        *   4: Critical system outage, significant operational downtime, severe impact on research progress, exceeding RTO.
        *   5: Prolonged catastrophic system outage, complete halt of critical research/operations, severe financial/reputational/legal impact.
    *   The highest value across C, I, or A determines the overall sensitivity/criticality of the asset.

### **4.2. Threat Identification**
Threats are potential causes of an unwanted incident, which may result in harm to a system or organization.
*   **Sources of Threats:**
    *   **Human:** Malicious (insider, external attacker, state-sponsored actor), Accidental (error, negligence).
    *   **Natural:** Earthquakes, floods, fires, severe weather, pandemics.
    *   **Technical:** Hardware failure, software bugs, network outages, power failures, cloud service provider outages.
    *   **Environmental:** Pollution, infrastructure decay, supply chain disruption.
*   **Specific Threats relevant to a Research Institute & Cloud-First Multinational Context:**
    *   **Targeted Intellectual Property (IP) Theft:** From state-sponsored actors, industrial espionage, or competitors, specifically targeting research data, methodologies, and findings.
    *   **Sophisticated Malware/Ransomware:** Designed to penetrate advanced defenses and disrupt research continuity or exfiltrate sensitive data, potentially exploiting cloud vulnerabilities.
    *   **Cloud Misconfiguration:** Improperly configured cloud services (S3 buckets, security groups, IAM policies) leading to data breaches or unauthorized access.
    *   **Supply Chain Attacks:** Compromise of third-party cloud vendors, software suppliers, or research partners impacting the Institute.
    *   **Data Residency and Cross-Border Data Transfer Violations:** Non-compliance with data protection regulations across different jurisdictions (e.g., GDPR, local privacy laws) impacting research collaborations.
    *   **Insider Threats:** Malicious or unintentional actions by employees, researchers, or contractors leading to data loss, modification, or exposure.
    *   **Advanced Persistent Threats (APTs):** Long-term, stealthy attacks aimed at specific research projects or strategic data.
    *   **API Insecurity:** Exploitation of vulnerable APIs used for inter-service communication in cloud-native applications.
    *   **DDoS Attacks:** Targeting critical research portals, public-facing applications, or cloud infrastructure.
    *   **Social Engineering/Phishing:** Targeting researchers or administrative staff to gain access credentials or deploy malware.
*   **Identification Methods:**
    *   **Threat Intelligence Feeds:** Subscribing to industry-specific threat intelligence services, government alerts, and academic security research.
    *   **Incident Data Analysis:** Reviewing past security incidents (internal and industry-wide).
    *   **Vulnerability Databases:** Consulting CVEs (Common Vulnerabilities and Exposures) and other vulnerability disclosures.
    *   **Industry Best Practices:** Utilizing frameworks like MITRE ATT&CK for common adversary tactics and techniques.
    *   **Regular Consultations:** With IT security, research leads, cloud architects, and legal teams to discuss emerging threats.

### **4.3. Vulnerability Identification**
Vulnerabilities are weaknesses in assets, controls, or processes that could be exploited by one or more threats.
*   **Categories of Vulnerabilities:**
    *   **Technical:** Software bugs, misconfigurations, unpatched systems, weak encryption, insecure APIs, default credentials, insecure cloud configurations (e.g., overly permissive IAM roles, publicly exposed storage).
    *   **Process/Procedural:** Lack of security policies, poor incident response plans, inadequate change management, insufficient data backup procedures.
    *   **Human:** Lack of security awareness training, human error, weak password practices.
    *   **Physical:** Inadequate physical access controls, environmental controls.
*   **Identification Methods:**
    *   **Vulnerability Scanning:** Regular automated scanning of networks, servers, applications, and cloud environments (e.g., using CSPM tools, web application scanners, network scanners).
    *   **Penetration Testing:** Ethical hacking exercises conducted by internal or external experts to identify exploitable weaknesses in systems, applications, and cloud configurations.
    *   **Security Audits and Reviews:** Regular reviews of configurations, access controls (especially for cloud IAM), security policies, and compliance adherence.
    *   **Code Reviews:** For in-house developed applications and Infrastructure-as-Code (IaC) templates to identify security flaws.
    *   **Cloud Security Posture Management (CSPM) Tools:** Continuous monitoring of cloud environments for misconfigurations, compliance deviations, and insecure settings.
    *   **Supplier Security Assessments:** Evaluating the security posture and controls of third-party vendors and cloud service providers.
    *   **Employee Feedback and Incident Reports:** Analysis of reported issues and security incidents.

## **5. Risk Analysis and Evaluation Criteria**

Risk analysis involves determining the likelihood of a threat exploiting a vulnerability and the potential impact of such an event. Risk evaluation compares the calculated risk level against the Institute's predefined acceptance criteria.

### **5.1. Likelihood Assessment Scales (1-5)**
Likelihood is the probability of a specific threat exploiting a specific vulnerability to cause an incident within a given timeframe (typically annually).
*   **Scale Definitions:**
    *   **1 - Very Low (Rare):** Unlikely to occur; has not occurred historically and no strong indications of future occurrence. (Probability < 1% annually)
    *   **2 - Low (Unlikely):** Could occur but not expected; has occurred in other similar organizations, but specific conditions make it less probable here. (Probability 1-10% annually)
    *   **3 - Medium (Moderate):** Might occur; has occurred occasionally in the Institute or similar organizations. (Probability 11-50% annually)
    *   **4 - High (Likely):** Very likely to occur; has occurred frequently in the Institute or similar organizations, or strong indicators suggest imminent occurrence. (Probability 51-90% annually)
    *   **5 - Very High (Almost Certain):** Expected to occur; has occurred regularly, or imminent threats/vulnerabilities make it highly probable. (Probability > 90% annually)

### **5.2. Impact Assessment Scales (1-5)**
Impact is the magnitude of harm resulting from a security incident, considering its effect on the Institute's objectives, reputation, finances, operations, and compliance obligations. This combines the CIA asset valuation with broader organizational consequences.
*   **Scale Definitions:**
    *   **1 - Negligible:** Minor inconvenience, no significant financial loss, minimal reputational damage, no regulatory/legal implications.
    *   **2 - Minor:** Limited operational disruption, small financial loss (< $10k), minor reputational damage, minor breach of internal policy.
    *   **3 - Moderate:** Significant operational disruption (e.g., one department affected, non-critical research project delay), moderate financial loss ($10k - $100k), noticeable reputational impact, minor regulatory fine/legal action.
    *   **4 - Major:** Critical operational disruption (e.g., major research project halted, widespread system outage), significant financial loss ($100k - $1M), severe reputational damage (loss of funding/partnerships), major regulatory fines/legal action, loss of significant IP.
    *   **5 - Catastrophic:** Institute-wide operational failure, severe financial loss (> $1M), irreparable reputational damage (cessation of operations, loss of public trust), significant regulatory penalties, criminal charges, permanent loss of critical IP, compromise of national security information.

### **5.3. Risk Matrix and Scoring**
The Institute uses a 5x5 risk matrix to calculate an inherent risk score, which is the risk level before applying any new controls. The risk score is determined by multiplying the Likelihood and Impact scores.

| **Impact**         | **1 (Negligible)** | **2 (Minor)**      | **3 (Moderate)**   | **4 (Major)**      | **5 (Catastrophic)** |
| :----------------- | :----------------- | :----------------- | :----------------- | :----------------- | :------------------- |
| **5 (Very High)**  | 5 (Low)            | 10 (Medium)        | 15 (High)          | 20 (Critical)      | 25 (Critical)        |
| **4 (High)**       | 4 (Low)            | 8 (Medium)         | 12 (High)          | 16 (Critical)      | 20 (Critical)        |
| **3 (Medium)**     | 3 (Low)            | 6 (Medium)         | 9 (Medium)         | 12 (High)          | 15 (High)            |
| **2 (Low)**        | 2 (Low)            | 4 (Low)            | 6 (Medium)         | 8 (Medium)         | 10 (Medium)          |
| **1 (Very Low)**   | 1 (Low)            | 2 (Low)            | 3 (Low)            | 4 (Low)            | 5 (Low)              |

*   **Risk Level Definitions:**
    *   **Critical (Score 16-25):** Immediate attention required. Mitigation plans must be developed and implemented urgently. CISO and relevant senior management must be informed.
    *   **High (Score 10-15):** Requires prompt attention. Mitigation plans must be developed and implemented within a defined timeframe. CISO and relevant management must be informed.
    *   **Medium (Score 6-9):** Requires management attention. Mitigation plans should be developed and implemented as part of normal operational planning.
    *   **Low (Score 1-5):** Acceptable risk level. Monitoring is required. May be accepted without further treatment if cost of mitigation outweighs the benefit.

### **5.4. Risk Acceptance Thresholds**
Risks are evaluated against the Institute's established risk appetite.
*   **Critical Risks:** Generally NOT acceptable. Require immediate treatment to reduce the residual risk to an acceptable level. Only in exceptional circumstances, with explicit approval from the CISO and CEO/Board, can a critical risk be accepted, with robust compensatory controls.
*   **High Risks:** Generally NOT acceptable. Require treatment. Acceptance requires CISO approval, with documented justification and monitoring plans.
*   **Medium Risks:** Generally acceptable if cost-effective controls are in place or planned. Acceptance requires approval from the Risk Owner and CISO.
*   **Low Risks:** Generally acceptable and may not require further specific treatment beyond existing general controls. Acceptance requires approval from the Risk Owner.

After applying existing controls, a *residual risk* score is calculated using the same matrix. The goal is to ensure all residual risks fall within the Institute's acceptable risk appetite.

## **6. Risk Treatment Options**

Once risks have been identified, analyzed, and evaluated, appropriate treatment options must be selected and implemented to reduce the risk to an acceptable level (residual risk).

### **6.1. Accept**
The decision to accept a risk means no further action will be taken to reduce its likelihood or impact, acknowledging that the residual risk is within the Institute's risk appetite or that the cost of mitigation outweighs the potential benefit.
*   **Conditions for Acceptance:**
    *   The inherent risk score falls into the ""Low"" category.
    *   The cost of implementing controls is disproportionately high compared to the potential impact of the risk.
    *   The risk owner explicitly accepts the risk, and this acceptance is formally documented and approved by the CISO.
    *   For High or Critical risks, acceptance is only granted in exceptional circumstances, with approval from the CISO and CEO/Board, and requires compensatory controls and continuous monitoring.

### **6.2. Mitigate**
This is the primary strategy for managing risks, involving the implementation of security controls to reduce the likelihood of an incident or its potential impact.
*   **Examples of Mitigation Controls (specific to cloud-first research institute):**
    *   **Technical Controls:**
        *   **Cloud Security Posture Management (CSPM):** Continuous monitoring and remediation of cloud configurations (e.g., S3 bucket policies, security groups, IAM roles) to prevent misconfigurations.
        *   **Identity and Access Management (IAM):** Implementing Least Privilege, Multi-Factor Authentication (MFA), role-based access control (RBAC), and privileged access management (PAM) across all cloud environments.
        *   **Data Encryption:** Encrypting data at rest (cloud storage, databases) and in transit (TLS for all communications, VPNs).
        *   **Network Segmentation:** Logical separation of cloud networks (VPCs/VNets) for different research projects or sensitivity levels.
        *   **Vulnerability Management:** Regular scanning, penetration testing, and timely patching of all systems, including cloud instances and containers.
        *   **Logging and Monitoring:** Centralized security information and event management (SIEM) for all cloud logs, audit trails, and security alerts.
        *   **Secure Development Lifecycle (SDLC):** Integrating security into the development of research applications and Infrastructure-as-Code (IaC) templates (e.g., SAST, DAST, peer reviews).
        *   **Endpoint Detection and Response (EDR):** On all workstations and cloud endpoints.
    *   **Administrative Controls:**
        *   **Security Awareness Training:** Regular training for all personnel, emphasizing phishing, IP protection, cloud security best practices, and data handling for research data.
        *   **Policies and Procedures:** Development and enforcement of data classification, acceptable use, access control, incident response, and cloud security policies.
        *   **Regular Audits:** Internal and external audits of security controls, cloud configurations, and compliance.
    *   **Physical Controls:**
        *   Access controls to Institute premises (if on-premise components exist).
        *   Environmental controls (temperature, humidity, fire suppression) for on-premise equipment.

### **6.3. Transfer**
This option involves shifting the financial burden or responsibility for a risk to a third party.
*   **Examples:**
    *   **Cyber Insurance:** Obtaining policies that cover financial losses from data breaches, ransomware attacks, or business interruption due to cyber incidents.
    *   **Cloud Service Providers (CSPs):** Leveraging the shared responsibility model where the CSP assumes responsibility for the security *of* the cloud (e.g., physical security of data centers, underlying infrastructure). The Institute remains responsible for security *in* the cloud (e.g., data, applications,",Fully Compliant,0.5,GAP_RA_005|GAP_RA_006|GAP_RA_007|GAP_RA_008,4,"The provided risk assessment document is well-structured and covers many essential elements of a robust risk management framework, including a detailed methodology, comprehensive risk identification procedures, and clear likelihood/impact assessment scales with risk treatment options. It explicitly references compliance with NCA ECC and ISO 27001. However, the document is incomplete, with several critical sections listed in the Table of Contents (Mandatory Risk Assessment Triggers, Risk Register Requirements, Periodic Review Schedule) lacking actual content. Additionally, there is no explicit mention or procedure for integrating risk assessment with project management, which is a common requirement in comprehensive ISMS frameworks like ISO 27001. The missing content for key sections significantly impacts its completeness and operational effectiveness.",1-5 Cybersecurity Risk Management,2026-02-02T02:15:10.657231
risk_assessment_en_excellent_3_20260202021607,risk_assessment,en,excellent,"The following Risk Assessment Policy/Procedure document is designed for a medium-sized Research Institute (500-1000 employees) handling sensitive customer information, research data, and intellectual property. It is crafted to be professional, detailed, and fully compliant with NCA ECC Control 1-5 and ISO 27001 Risk Management requirements.

---

**[RESEARCH INSTITUTE NAME]**

**INFORMATION SECURITY RISK ASSESSMENT POLICY AND PROCEDURE**

---

| **Document ID:** | RI-IS-POL-RA-001 | **Version:** | 1.0 |
| :--------------- | :---------------- | :---------- | :-- |
| **Status:**      | Approved          | **Date:**   | 2023-10-27 |
| **Owner:**       | CISO              | **Review Date:** | 2024-10-27 |

---

**TABLE OF CONTENTS**

1.  INTRODUCTION
    1.1. Purpose
    1.2. Scope
    1.3. Policy Statement
2.  DEFINITIONS
3.  RISK ASSESSMENT METHODOLOGY
    3.1. General Approach
    3.2. Risk Identification Procedures
        3.2.1. Asset Identification and Valuation
        3.2.2. Threat Identification
        3.2.3. Vulnerability Identification
    3.3. Risk Analysis and Evaluation Criteria
        3.3.1. Likelihood Assessment Scales
        3.3.2. Impact Assessment Scales
        3.3.3. Risk Matrix and Scoring
4.  RISK TREATMENT OPTIONS
    4.1. Treatment Strategies
    4.2. Risk Treatment Plan Documentation
5.  MANDATORY RISK ASSESSMENT TRIGGERS
6.  RISK REGISTER REQUIREMENTS
7.  PERIODIC REVIEW SCHEDULE
8.  ROLES AND RESPONSIBILITIES
9.  REPORTING AND COMMUNICATION PROCEDURES
10. INTEGRATION WITH BUSINESS CONTINUITY MANAGEMENT (BCM)
11. COMPLIANCE AND ENFORCEMENT
12. DOCUMENT INFORMATION

---

**1. INTRODUCTION**

**1.1. Purpose**
The primary purpose of this Information Security Risk Assessment Policy and Procedure is to establish a systematic, repeatable, and consistent approach for identifying, analyzing, evaluating, and treating information security risks across [Research Institute Name]. This policy aims to:
*   Protect the confidentiality, integrity, and availability of all information assets, including sensitive research data, intellectual property (IP), PII, and administrative information.
*   Identify and mitigate potential threats and vulnerabilities that could impact the Institute's operations, reputation, and ability to conduct cutting-edge research.
*   Ensure full compliance with relevant legal, regulatory, and contractual obligations, including but not limited to NCA ECC Control 1-5 and ISO 27001 requirements.
*   Support informed decision-making regarding resource allocation for security controls.
*   Foster a proactive security culture within the Institute, safeguarding its scientific mission and reputation.

**1.2. Scope**
This policy applies to all information assets owned, used, or processed by [Research Institute Name], regardless of their format or location. This includes, but is not limited to:
*   All information systems, applications, networks, and data (including research data, experimental results, PII of research subjects/staff, financial data, and administrative records).
*   All personnel (employees, contractors, volunteers, researchers, students, and third parties) who access, process, or manage the Institute's information assets.
*   All physical environments and facilities where information assets are stored or processed.
*   All business processes, research projects, and third-party relationships that involve the Institute's information assets.

**1.3. Policy Statement**
[Research Institute Name] is committed to maintaining a robust and effective information security risk management program. Risk assessments shall be conducted regularly and strategically to identify, evaluate, and treat information security risks to an acceptable level. All employees and relevant third parties are required to adhere to the principles and procedures outlined in this policy to protect the Institute's information assets and uphold its reputation as a leader in scientific research.

**2. DEFINITIONS**

*   **Asset:** Anything of value to the organization. For this policy, specifically information assets (data, software, hardware, services, people, intellectual property, facilities).
*   **Threat:** A potential cause of an unwanted incident, which may result in harm to a system or organization.
*   **Vulnerability:** A weakness of an asset or control that can be exploited by one or more threats.
*   **Risk:** The effect of uncertainty on objectives. In information security, risk is the potential that a given threat will exploit vulnerabilities of an asset or group of assets and thereby cause harm to the organization. (ISO 27000:2018)
*   **Risk Assessment:** The overall process of identifying, analyzing, and evaluating risks. (ISO 27000:2018)
*   **Risk Analysis:** The process of comprehending the nature of risk and determining the level of risk. (ISO 27000:2018)
*   **Risk Evaluation:** The process of comparing the results of risk analysis with risk criteria to determine whether the risk and/or its magnitude is acceptable or tolerable. (ISO 27000:2018)
*   **Risk Treatment:** The process of modifying risk. (ISO 27000:2018)
*   **Risk Owner:** The individual or entity accountable for a specific risk and for the implementation of risk treatment plans.
*   **Residual Risk:** The risk remaining after risk treatment.

**3. RISK ASSESSMENT METHODOLOGY**

**3.1. General Approach**
[Research Institute Name] employs a hybrid risk assessment methodology, combining qualitative and, where appropriate, quantitative approaches. This approach is based on the principles outlined in ISO 27005 (Information Security Risk Management) and aligned with NCA ECC controls.
*   **Qualitative Assessment:** Used for initial screening, broad categorization, and when precise quantitative data is not readily available or cost-effective to obtain. It provides a foundational understanding of risks through expert judgment and defined scales.
*   **Quantitative Assessment:** Employed for high-priority risks, critical systems, or when a more precise cost-benefit analysis of controls is required. This involves assigning monetary values to assets, impacts, and control costs where feasible.

The overall risk assessment process follows these stages:
1.  **Risk Identification:** Discover, recognize, and describe risks.
2.  **Risk Analysis:** Develop an understanding of the risk.
3.  **Risk Evaluation:** Compare the level of risk found with risk criteria.
4.  **Risk Treatment:** Select and implement options for addressing the risk.
5.  **Risk Monitoring and Review:** Continuously observe and assess changes in the risk landscape and the effectiveness of treatments.

**3.2. Risk Identification Procedures**

Risk identification is a systematic process to uncover and document potential information security risks.

**3.2.1. Asset Identification and Valuation**
All information assets within the scope are identified, documented, and valued to understand what needs protection and why.

*   **Procedure:**
    1.  **Inventory Creation:** Maintain a comprehensive inventory of all information assets, including:
        *   **Hardware:** Servers, workstations, laptops, mobile devices, networking equipment, scientific instruments, IoT devices, research equipment.
        *   **Software:** Operating systems, applications (commercial off-the-shelf, custom-developed for research), databases, utilities.
        *   **Data:** Research datasets (raw, processed, analyzed), intellectual property (patents, experimental designs, methodologies), PII (staff, research subjects, customers), financial records, administrative documents, grant proposals.
        *   **Services:** Cloud services (IaaS, PaaS, SaaS), managed security services, scientific computing platforms, outsourced research functions.
        *   **Personnel:** Key personnel, researchers, system administrators, security staff, and their specialized knowledge.
        *   **Physical Facilities:** Data centers, research laboratories, offices.
    2.  **Asset Ownership:** Assign a clear owner (e.g., Department Head, Principal Investigator, System Administrator) for each asset who is accountable for its security.
    3.  **Data Classification:** Classify data based on its sensitivity and criticality to the Institute. [Research Institute Name] utilizes a classification scheme such as:
        *   **Confidential:** Highly sensitive research data, PII of research subjects, unpatented IP, financial data, strategic plans. Unauthorized disclosure would have severe, potentially catastrophic, impact.
        *   **Restricted:** Internal sensitive data, some research data, employee PII. Unauthorized disclosure would have significant impact.
        *   **Internal Use:** Non-public information, general administrative data. Unauthorized disclosure would have a moderate impact.
        *   **Public:** Information intended for public release.
    4.  **Criticality Assessment:** Evaluate the criticality of each asset to the Institute's mission and operations. This considers:
        *   **Operational Impact:** How essential is the asset to core research activities and business processes?
        *   **Legal/Regulatory Impact:** What are the compliance implications if the asset is compromised (e.g., data privacy laws, research ethics)?
        *   **Reputational Impact:** How would compromise affect the Institute's standing in the scientific community, funding, or public trust?
        *   **Financial Impact:** Potential financial loss from disruption, recovery costs, fines, or loss of grants/IP.
        *   **Impact on Research Integrity:** Potential for data manipulation, loss of experimental results, or compromised scientific validity.
    5.  **Asset Valuation:** Assign a value (monetary or qualitative) to each asset based on its criticality, replacement cost, intellectual property value, potential regulatory fines, and impact on the Institute's research mission.

**3.2.2. Threat Identification**
Identify potential events or actions that could exploit vulnerabilities and cause harm to the Institute's assets.

*   **Procedure:**
    1.  **Categorization:** Threats are categorized to ensure comprehensive coverage:
        *   **Natural Disasters:** Earthquakes, floods, fires, power outages.
        *   **Environmental Threats:** Temperature fluctuations, humidity issues.
        *   **Human Error/Omission:** Accidental data deletion, misconfiguration, loss of devices, unauthorized access due to negligence.
        *   **Malicious Human Actions (Internal):** Insider threat, sabotage, data theft, intellectual property theft, data manipulation by disgruntled employees/researchers.
        *   **Malicious Human Actions (External):** Cyberattacks (malware, ransomware, phishing, DDoS, APTs, supply chain attacks), espionage (state-sponsored or corporate), unauthorized access, data breaches.
        *   **System Failures:** Hardware failure, software bugs, network outages, database corruption.
        *   **Third-Party Risks:** Compromise of a vendor, supplier, or research collaborator.
        *   **Legal/Regulatory Changes:** New compliance requirements impacting data handling.
    2.  **Sources of Information:**
        *   Internal incident reports, audit findings, vulnerability scans.
        *   Threat intelligence feeds, industry reports (e.g., specific to research, healthcare, government sectors).
        *   Expert opinions from security professionals, researchers, and system owners.
        *   Past experiences and lessons learned from similar organizations or incidents.
        *   Regulatory body guidelines (e.g., NCA).

**3.2.3. Vulnerability Identification**
Identify weaknesses in controls, systems, or processes that could be exploited by identified threats.

*   **Procedure:**
    1.  **Technical Vulnerabilities:**
        *   **Vulnerability Scanning:** Regular scans of networks, applications, and systems.
        *   **Penetration Testing:** Ethical hacking exercises to simulate real-world attacks against critical systems and research environments.
        *   **Code Reviews:** For custom-developed research applications.
        *   **Configuration Reviews:** Assessments of system and network device configurations against security baselines.
        *   **Patch Management Audits:** Verifying timely application of security patches.
    2.  **Process/Organizational Vulnerabilities:**
        *   **Security Audits:** Review of security policies, procedures, and their implementation.
        *   **Gap Analysis:** Comparison against recognized security frameworks (e.g., ISO 27001, NIST CSF).
        *   **Business Process Reviews:** Examining workflows for potential security weaknesses (e.g., data handling, access provisioning).
        *   **Vendor Security Assessments:** Evaluation of third-party security postures.
    3.  **Physical/Environmental Vulnerabilities:**
        *   **Physical Security Audits:** Review of access controls, environmental controls, and surveillance systems in data centers and research labs.
    4.  **Human Vulnerabilities:**
        *   **Security Awareness Training Effectiveness:** Assessment of staff understanding and adherence to security policies.
        *   **Social Engineering Testing:** Simulated phishing campaigns.

**3.3. Risk Analysis and Evaluation Criteria**

Once risks are identified, they are analyzed to determine the likelihood of occurrence and the potential impact if they materialize.

**3.3.1. Likelihood Assessment Scales**
The likelihood of a threat exploiting a vulnerability and causing an incident is assessed on a scale of 1 to 5.

| Scale | Likelihood Description | Frequency/Probability |
| :---- | :--------------------- | :-------------------- |
| **1** | **Very Low**           | Rare: May occur only in exceptional circumstances (e.g., once every 10+ years). |
| **2** | **Low**                | Unlikely: Could occur at some time, but not expected (e.g., once every 5-10 years). |
| **3** | **Medium**             | Likely: Might occur, but not regularly (e.g., once every 1-5 years). |
| **4** | **High**               | Very Likely: Expected to occur in most circumstances (e.g., several times a year). |
| **5** | **Very High**          | Almost Certain: Expected to occur frequently, perhaps multiple times a month/week. |

*Criteria for assessment include historical data, effectiveness of existing controls, threat actor capabilities, and external threat intelligence.*

**3.3.2. Impact Assessment Scales**
The potential consequence of an incident, should it occur, is assessed on a scale of 1 to 5, considering financial, operational, reputational, legal, and research integrity aspects.

| Scale | Impact Description | Financial Loss | Operational Disruption | Reputational Damage | Legal/Compliance | Research Integrity / IP |
| :---- | :----------------- | :------------- | :--------------------- | :------------------ | :--------------- | :---------------------- |
| **1** | **Negligible**     | Insignificant | Minor inconvenience, no service interruption. | None to minimal | No breach, minor policy violation. | No impact on research data or IP. |
| **2** | **Minor**          | < $10,000 | Limited operational disruption, services recoverable quickly. | Minor, easily managed. | Minor regulatory violation, low fine risk. | Minor data loss/corruption, recoverable without major impact. |
| **3** | **Moderate**       | $10,000 - $100,000 | Significant operational disruption, key services impaired for hours/day. | Notable, requires active management. | Moderate regulatory fine risk, public notification possible. | Significant research data loss/corruption, recoverable but with effort/delay; minor IP compromise. |
| **4** | **Major**          | $100,000 - $1,000,000 | Severe operational disruption, critical services unavailable for days. | Extensive, damages public trust, potential loss of grants. | Major regulatory fine risk, legal action, mandated public notification. | Critical research data loss/corruption, significant impact on project timelines, major IP compromise. |
| **5** | **Catastrophic**   | > $1,000,000 | Institute-wide service failure, existential threat to core mission/research. | Severe, irreversible damage to scientific standing and funding. | Severe legal action, maximum regulatory fines, operational ban. | Irrecoverable loss of critical research data, fundamental IP compromise, invalidation of major research programs. |

**3.3.3. Risk Matrix and Scoring**
The risk score is calculated by multiplying the Likelihood (L) and Impact (I) scores (L x I). The resulting score (1-25) categorizes the risk level, guiding treatment priorities.

**Risk Matrix:**

| | **Impact (I)** | | | | |
| :--- | :--- | :--- | :--- | :--- | :--- |
| **Likelihood (L)** | **1 (Negligible)** | **2 (Minor)** | **3 (Moderate)** | **4 (Major)** | **5 (Catastrophic)** |
| **5 (Very High)** | 5 (M) | 10 (H) | 15 (VH) | 20 (VH) | 25 (VH) |
| **4 (High)** | 4 (L) | 8 (M) | 12 (H) | 16 (VH) | 20 (VH) |
| **3 (Medium)** | 3 (L) | 6 (M) | 9 (H) | 12 (H) | 15 (VH) |
| **2 (Low)** | 2 (L) | 4 (L) | 6 (M) | 8 (M) | 10 (H) |
| **1 (Very Low)** | 1 (L) | 2 (L) | 3 (L) | 4 (L) | 5 (M) |

**Risk Level Categories and Action Thresholds:**

*   **Low Risk (1-6):** Tolerable. Monitoring is required. May be accepted without further treatment if formally approved by the Risk Owner.
*   **Medium Risk (7-12):** Requires management review. Treatment plans are generally required, focusing on cost-effective controls. Formal approval for acceptance.
*   **High Risk (13-18):** Requires urgent attention. Detailed treatment plans are mandatory. Requires CISO and senior management review and approval for acceptance of residual risk.
*   **Very High Risk (19-25):** Intolerable. Immediate and decisive action is required to mitigate, avoid, or transfer the risk. Requires CISO and Board of Directors/Executive Management approval for acceptance of any residual risk.

**4. RISK TREATMENT OPTIONS**

After risks are evaluated, appropriate treatment options are selected to bring risks to an acceptable level, considering the Institute's risk appetite.

**4.1. Treatment Strategies**
The following strategies, based on ISO 27001 Annex A.6.1.3, are considered:

1.  **Mitigate (Modify):** Implement controls to reduce the likelihood of the risk occurring, the impact if it does, or both. This is the most common strategy. Examples include implementing encryption, stronger access controls, security awareness training, vulnerability patching, or intrusion detection systems.
2.  **Accept:** Acknowledge the risk and decide to take no further action to reduce it. This is only permissible if the risk score is within the Institute's predefined acceptable limits (e.g., Low Risk) or if the cost of treatment outweighs the potential impact, and formal approval from the Risk Owner and relevant management (CISO, Senior Management, or Board for higher risks) is obtained.
3.  **Transfer (Share):** Shift the financial or operational impact of the risk to a third party. Examples include purchasing cyber insurance, outsourcing services to a provider with strong security guarantees (with appropriate contractual clauses), or establishing clear liability in research collaboration agreements.
4.  **Avoid:** Eliminate the risk entirely by deciding not to proceed with the activity or by finding an alternative approach that removes the risk. This may involve redesigning a process, abandoning a project, or discontinuing the use of a problematic technology.

**4.2. Risk Treatment Plan Documentation**
For all risks requiring treatment (Mitigate, Transfer, Avoid), a formal Risk Treatment Plan (RTP) must be developed and documented. The RTP includes:
*   **Risk ID:** Unique identifier linking to the Risk Register.
*   **Risk Description:** Clear and concise explanation of the risk.
*   **Chosen Treatment Option:** Mitigate, Transfer, or Avoid.
*   **Specific Control(s):** Detailed description of the proposed actions or controls to be implemented. (e.g., ""Implement multi-factor authentication for all remote access,"" ""Encrypt all research data at rest"").
*   **Responsible Party:** Individual or department assigned accountability for implementing the control.
*   **Target Completion Date:** Realistic deadline for implementation.
*   **Estimated Resources:** Required budget, personnel, technology.
*   **Residual Risk Assessment:** Re-evaluation of the risk after proposed controls are implemented (Likelihood, Impact, and Residual Risk Score). This demonstrates the effectiveness of the treatment.
*   **Monitoring Plan:** How the effectiveness of the implemented controls will be continuously monitored.
*   **Approval:** Formal sign-off by the Risk Owner and CISO. For High and Very High risks, senior management or Board approval is also required.

**5. MANDATORY RISK ASSESSMENT TRIGGERS**

Risk assessments are not static and must be conducted or reviewed in response to specific events or changes. Mandatory triggers include:

*   **Early Stage of Technology Projects:** Before the commencement of any new technology project, system development, or acquisition (e.g., new scientific computing clusters, specialized research software, data collection platforms). This ensures security is ""by design.""
*   **Before Major Infrastructure Changes:** Prior to significant changes to the Institute's IT infrastructure, such as network architecture redesigns, cloud migrations, data center consolidations, or major system upgrades.
*   **During Third-Party Service Planning:** Before engaging with any new third-party vendor, cloud provider, or research collaborator that will store, process, or access the Institute's information assets (e.g., data sharing agreements, managed services, SaaS solutions for research administration).
*   **Before New Technology Service Releases:** Prior to the deployment or release of any new internal applications, public-facing research portals, or services.
*   **Upon Detection of New Significant Threats/Vulnerabilities:** When new, critical vulnerabilities (e.g., zero-day exploits) or significant threats are identified that could impact the Institute.
*   **Following a Security Incident or Breach:** After any major information security incident, breach, or near-miss, to understand contributing factors and prevent recurrence.
*   **Upon Changes in Legal, Regulatory, or Contractual Obligations:** When new laws, regulations (e.g., data privacy laws), or contractual requirements are introduced that affect information security.
*   **Upon Changes in Business Processes or Organizational Structure:** When new departments are formed, mergers occur, or existing processes are significantly altered, potentially affecting information asset handling or ownership.

**6. RISK REGISTER REQUIREMENTS**

A centralized, dynamic, and comprehensive Risk Register is maintained by the Information Security team. It serves as the authoritative record of all identified risks and their management status.

The Risk Register must include, as a minimum, the following fields for each identified risk:
*   **Risk ID:** Unique identifier.
*   **Description:** Clear and concise statement of the risk.
*   **Asset(s) Involved:** Specific information assets affected (e.g., ""Research Data - Project X,"" ""HR Database,"" ""PACS System"").
*   **Threat(s):** Identified threat actor or event (e.g., ""Ransomware Attack,"" ""Insider Data Theft"").
*   **Vulnerability(s):** Weakness exploited (e.g., ""Unpatched Software,"" ""Lack of MFA"").
*   **Current Controls:** Existing safeguards in place to mitigate the risk.
*   **Likelihood (Pre-treatment):** Initial likelihood score (1-5).
*   **Impact (Pre-treatment):** Initial impact score (1-5).
*   **Risk Score (Pre-treatment):** Calculated score (L x I).
*   **Risk Owner:** Individual accountable for the risk (e.g., Principal Investigator for",Fully Compliant,0.75,GAP_RA_007|GAP_RA_008,2,"The risk assessment policy and procedure document demonstrates a strong foundation for compliance with NCA ECC and ISO 27001, detailing methodology, identification, analysis, evaluation, and treatment. However, the provided document snippet is incomplete, specifically missing the content for the 'Periodic Review Schedule' (GAP_RA_007). Furthermore, while risk assessments are triggered by project-related events, explicit integration with broader project management processes is not detailed (GAP_RA_008).",1-5 Cybersecurity Risk Management,2026-02-02T02:16:07.219474
risk_assessment_ar_excellent_1_20260202021707,risk_assessment,ar,excellent,"بالتأكيد! إليك سياسة/إجراء تقييم مخاطر ممتاز وشامل، مصمم خصيصاً لمنظمة رعاية صحية متعددة الجنسيات، ومتوافق تماماً مع ضوابط الهيئة الوطنية للأمن السيبراني (NCSC ECC 1-5) ومتطلبات إدارة المخاطر في معيار ISO 27001.

---

**سياسة وإجراءات تقييم مخاطر الأمن السيبراني**

**الرقم المرجعي:** [اسم المنظمة]-CYB-POL-001
**الإصدار:** 1.0
**تاريخ الإصدار:** 2023-10-27
**تاريخ المراجعة التالي:** 2024-10-27
**اعتمده:** [الاسم، المنصب – مثال: الرئيس التنفيذي، أو مجلس الإدارة]

---

**1. الغرض (Purpose)**

تحدد هذه السياسة الإطار المنهجي والمنظم لتحديد، تحليل، تقييم، ومعالجة مخاطر الأمن السيبراني داخل [اسم المنظمة]، بهدف حماية أصول المعلومات الحيوية، وخصوصاً بيانات المرضى الحساسة (PHI/PII)، المعلومات السريرية، بيانات البحوث، والبنية التحتية الحيوية للرعاية الصحية. تضمن هذه السياسة اتباع نهج متسق وقابل للمقارنة في إدارة المخاطر عبر جميع العمليات والأنظمة العالمية للمنظمة، بما يتماشى مع ضوابط الهيئة الوطنية للأمن السيبراني (NCSC ECC 1-5) ومتطلبات إدارة المخاطر في معيار ISO 27001، وجميع اللوائح المحلية والدولية لحماية البيانات (مثل HIPAA، GDPR، قوانين حماية البيانات المحلية).

**2. النطاق (Scope)**

تنطبق هذه السياسة على جميع الأنظمة، الأصول، العمليات، الخدمات، والبيانات التابعة لـ [اسم المنظمة]، بما في ذلك، على سبيل المثال لا الحصر، السجلات الصحية الإلكترونية (EHR)، أنظمة التصوير الطبي، الأجهزة الطبية المتصلة (IoMT)، البنية التحتية للمستشفيات والعيادات، سلاسل التوريد للأدوية والمعدات، ومراكز البحث، بغض النظر عن موقعها الجغرافي (عالمياً) أو طريقة استضافتها (داخلية، سحابية، طرف ثالث). تشمل السياسة جميع الموظفين، المقاولين، الاستشاريين، والأطراف الثالثة الذين لديهم وصول إلى أصول معلومات المنظمة أو يدعمون عملياتها.

**3. منهجية تقييم المخاطر (Risk Assessment Methodology)**

تعتمد [اسم المنظمة] منهجية هجينة لتقييم المخاطر تجمع بين النهجين النوعي والكمي لضمان تقييم شامل وفعال:

*   **النهج النوعي (Qualitative Approach):** يستخدم لتقييم المخاطر التي يصعب قياسها عددياً بدقة، ويركز على الخبرة والحكم المهني. يتم تحديد مستويات الاحتمالية والتأثير باستخدام مقاييس وصفية (مثال: منخفض، متوسط، مرتفع) لتقدير درجة المخاطر. هذا النهج مفيد للمخاطر الناشئة أو تلك التي تفتقر إلى بيانات تاريخية كافية.
*   **النهج الكمي (Quantitative Approach):** يستخدم حيثما أمكن لتقدير الخسائر المالية المحتملة وتكاليف التخفيف بدقة أكبر. يتضمن ذلك تقدير القيمة النقدية للأصول، تكلفة الخسارة السنوية المتوقعة (ALE)، وتكلفة تنفيذ الضوابط. هذا النهج يساهم في تبرير الاستثمارات الأمنية وتحديد الأولويات بوضوح بناءً على العائد على الاستثمار.
*   **المنهجية المتبعة:** ستتبع المنظمة إطار عمل منظم لتقييم المخاطر، مثل منهجية NIST RMF أو ISO 27005، مع تكييفها لتلبية الاحتياجات والمتطلبات التنظيمية الفريدة لقطاع الرعاية الصحية والامتثال لمعايير NCSC ECC. تضمن هذه المنهجية نتائج متسقة وصالحة وقابلة للمقارنة عبر تقييمات المخاطر المختلفة.

**4. إجراءات تحديد المخاطر (Risk Identification Procedures)**

تتضمن عملية تحديد المخاطر الخطوات التالية:

**أ. تحديد الأصول وتقييمها (Asset Identification and Valuation):**
*   **الجرد الشامل:** يتم إجراء جرد شامل لجميع أصول المعلومات والتقنية، بما في ذلك الأجهزة (الخوادم، محطات العمل، الأجهزة المحمولة، الأجهزة الطبية المتصلة IoMT)، البرمجيات (نظم التشغيل، تطبيقات الرعاية الصحية، السجلات الصحية الإلكترونية EHR، أنظمة إدارة الممارسات)، البيانات (بيانات المرضى PHI/PII، السجلات السريرية، بيانات البحوث، البيانات المالية)، الخدمات، البنية التحتية المادية (المرافق، غرف الخوادم، مراكز البيانات)، والأفراد ذوي المعرفة الحرجة.
*   **تقييم القيمة والأهمية:** يتم تقييم كل أصل بناءً على أهميته للمنظمة من حيث سريته (Confidentiality)، وسلامته (Integrity)، وتوافره (Availability) (CIA). يشمل هذا التقييم تأثير فقدان/انتهاك الأصل على:
    *   صحة وسلامة المرضى.
    *   القدرة على تقديم الرعاية الصحية.
    *   الامتثال التنظيمي (HIPAA, GDPR, NCSC، قوانين حماية البيانات المحلية).
    *   السمعة والثقة.
    *   التكاليف المالية المباشرة وغير المباشرة.
    *   التكاليف القانونية المحتملة والغرامات.

**ب. تحديد التهديدات (Threat Identification):**
*   **المراجعة الشاملة:** يتم تحديد جميع التهديدات المحتملة التي يمكن أن تستغل الثغرات وتؤثر سلباً على أصول المنظمة. يشمل ذلك مراجعة المصادر الداخلية والخارجية.
*   **أمثلة على التهديدات (خاصة بالرعاية الصحية):**
    *   **هجمات برامج الفدية (Ransomware):** التي تستهدف بيانات المرضى وأنظمة EHR.
    *   **هجمات التصيد الاحتيالي (Phishing) والبرمجيات الخبيثة (Malware):** لاختراق الشبكات والوصول إلى البيانات الحساسة.
    *   **اختراق البيانات (Data Breaches):** سواء من خلال هجمات خارجية أو أخطاء داخلية.
    *   **التهديدات الداخلية (Insider Threats):** سرقة أو إساءة استخدام معلومات المرضى من قبل الموظفين.
    *   **الفشل في الأجهزة/البرمجيات:** أعطال تؤدي إلى عدم توفر الأنظمة الحيوية.
    *   **الكوارث الطبيعية:** الزلازل، الفيضانات، الحرائق التي تؤثر على البنية التحتية.
    *   **انقطاع التيار الكهربائي:** يؤثر على تشغيل المستشفيات والعيادات.
    *   **هجمات حجب الخدمة (DDoS):** التي تستهدف الخدمات المتاحة للمرضى أو الأنظمة الداخلية.
    *   **تهديدات سلسلة التوريد:** المخاطر المتعلقة بالموردين الخارجيين للأجهزة الطبية، الأدوية، والخدمات التقنية.

**ج. تحديد الثغرات (Vulnerability Identification):**
*   **تقنيات التحديد:** يتم تحديد الثغرات الأمنية من خلال مجموعة متنوعة من الأنشطة، بما في ذلك:
    *   فحص الثغرات (Vulnerability Scanning).
    *   اختبار الاختراق (Penetration Testing).
    *   مراجعة التكوين (Configuration Reviews).
    *   تدقيقات الأمان (Security Audits).
    *   تقييمات المخاطر الخاصة بالموردين.
    *   مراجعات سياسة وإجراءات الأمن.
    *   تحليل الحوادث الأمنية السابقة.
*   **أمثلة على الثغرات (خاصة بالرعاية الصحية):**
    *   برامج قديمة أو غير مصححة (Unpatched Software) في الأجهزة الطبية وأنظمة التشغيل.
    *   تكاوين غير آمنة (Insecure Configurations) في أنظمة EHR أو الخوادم.
    *   ضعف ضوابط الوصول إلى سجلات المرضى.
    *   نقص تدريب الموظفين على الأمن السيبراني (التوعية).
    *   ثغرات في الشبكات اللاسلكية للمستشفيات والعيادات.
    *   ضعف في إدارة تصحيحات أنظمة التشغيل والتطبيقات.
    *   عدم كفاية التشفير لبيانات المرضى أثناء النقل أو التخزين.

**5. معايير تحليل وتقييم المخاطر (Risk Analysis and Evaluation Criteria)**

**أ. مقاييس تقييم الاحتمالية (Likelihood Assessment Scales):**
يتم تقييم احتمالية حدوث الخطر باستخدام مقياس من 1 إلى 5:

*   **1 (منخفض جداً - Very Low):** من غير المحتمل حدوثه (أقل من مرة كل 5 سنوات).
*   **2 (منخفض - Low):** قد يحدث في ظروف استثنائية (مرة كل 3-5 سنوات).
*   **3 (متوسط - Medium):** قد يحدث أحياناً (مرة سنوياً).
*   **4 (مرتفع - High):** من المرجح أن يحدث غالباً (مرة كل 3-6 أشهر).
*   **5 (مرتفع جداً - Very High):** من المؤكد تقريباً حدوثه بشكل متكرر (أسبوعياً/شهرياً).

**ب. مقاييس تقييم التأثير (Impact Assessment Scales):**
يتم تقييم التأثير الناتج عن تحقق الخطر باستخدام مقياس من 1 إلى 5:

*   **1 (ضئيل - Negligible):**
    *   **المرضى:** لا يوجد تأثير مباشر على صحة/سلامة المرضى.
    *   **المالية:** خسارة مالية ضئيلة (أقل من 50 ألف دولار).
    *   **العمليات:** انقطاع طفيف جداً لا يؤثر على العمليات السريرية.
    *   **الامتثال/السمعة:** لا يوجد انتهاك للوائح، لا يوجد تأثير على السمعة.
*   **2 (قليل - Minor):**
    *   **المرضى:** تأثير محدود جداً على الرعاية، لا يوجد ضرر دائم.
    *   **المالية:** خسارة مالية محدودة (50 ألف - 250 ألف دولار).
    *   **العمليات:** انقطاع قصير الأمد، يمكن استعادته بسرعة.
    *   **الامتثال/السمعة:** انتهاك بسيط للوائح، تأثير محلي على السمعة.
*   **3 (متوسط - Moderate):**
    *   **المرضى:** تأخير في الرعاية، تأثير متوسط على صحة المريض، قد يتطلب تدخلاً إضافياً.
    *   **المالية:** خسارة مالية كبيرة (250 ألف - 1 مليون دولار).
    *   **العمليات:** انقطاع ملحوظ يؤثر على بعض العمليات السريرية، استعادة تستغرق وقتاً.
    *   **الامتثال/السمعة:** انتهاك للوائح يتطلب إبلاغاً، تأثير إقليمي على السمعة.
*   **4 (شديد - Severe):**
    *   **المرضى:** ضرر كبير بصحة المريض، قد يتطلب علاجاً طويلاً أو يهدد الحياة.
    *   **المالية:** خسارة مالية جسيمة (1 مليون - 5 مليون دولار).
    *   **العمليات:** تعطل كبير للعمليات السريرية الأساسية، تأثير على قدرة المستشفى.
    *   **الامتثال/السمعة:** انتهاك كبير للوائح (مثال: تسرب PHI واسع النطاق)، غرامات ضخمة، أضرار وطنية/عالمية بالسمعة.
*   **5 (كارثي - Catastrophic):**
    *   **المرضى:** وفاة أو عجز دائم لعدة مرضى، إغلاق مؤقت للمرافق.
    *   **المالية:** خسارة مالية كارثية (أكثر من 5 مليون دولار)، قد تهدد وجود المنظمة.
    *   **العمليات:** توقف كامل للعمليات السريرية، انهيار البنية التحتية.
    *   **الامتثال/السمعة:** غرامات قصوى، سحب تراخيص، فقدان كامل للثقة والسمعة دولياً.

**ج. مصفوفة المخاطر والتسجيل (Risk Matrix and Scoring):**
يتم حساب درجة المخاطر (Risk Score) بضرب قيمة الاحتمالية في قيمة التأثير (الاحتمالية × التأثير). يتم تصنيف المخاطر بناءً على هذه الدرجة وفقاً للمصفوفة التالية:

| درجة المخاطر | الاحتمالية (1-5) x التأثير (1-5) | المستوى | الإجراء المطلوب |
| :---------- | :----------------------------- | :------- | :--------------- |
| **1-5**     | منخفض جداً - منخفض             | **منخفض (Low)** | يمكن قبوله؛ المراقبة الدورية. |
| **6-10**    | متوسط - متوسط                   | **متوسط (Medium)** | يجب اتخاذ إجراءات تخفيف، قد يتطلب موافقة مالك المخاطر. |
| **11-15**   | متوسط - مرتفع                   | **مرتفع (High)** | يجب اتخاذ إجراءات تخفيف عاجلة، يتطلب موافقة CISO. |
| **16-25**   | مرتفع جداً - كارثي              | **حرج (Critical)** | يتطلب إجراءات فورية، يتطلب موافقة الإدارة العليا/مجلس الإدارة، ويبلغ CISO. |

*   المخاطر التي تتجاوز عتبة المخاطر المقبولة للمنظمة (المحددة بشكل دوري من قبل الإدارة العليا) تتطلب خطة معالجة موثقة.

**6. خيارات معالجة المخاطر (Risk Treatment Options)**

بمجرد تقييم المخاطر، يتم تحديد خيار المعالجة الأنسب:

*   **أ. القبول (Accept):** يتم قبول المخاطر عندما تكون تكلفة التخفيف أعلى من الضرر المحتمل، أو عندما تكون درجة المخاطر ضمن عتبة المخاطر المقبولة للمنظمة. يجب أن يتم قبول المخاطر بشكل رسمي وموثق من قبل مالك المخاطر والإدارة العليا (CISO أو أعلى).
*   **ب. التخفيف (Mitigate):** هو الخيار الأكثر شيوعاً ويتضمن تطبيق ضوابط أمنية لتقليل احتمالية أو تأثير الخطر.
    *   **أمثلة في سياق الرعاية الصحية:** تشفير بيانات المرضى، تطبيق مصادقة متعددة العوامل (MFA) للوصول إلى أنظمة EHR، تحديث الأجهزة الطبية وبرامجها، تدريب الموظفين على الأمن السيبراني، تعزيز ضوابط الوصول المادي والمنطقي.
*   **ج. النقل (Transfer):** تحويل المخاطر إلى طرف ثالث، عادةً من خلال التأمين أو الاستعانة بمصادر خارجية للخدمات الأمنية المتخصصة.
    *   **أمثلة:** شراء بوليصات تأمين ضد اختراق البيانات، استخدام موفري خدمة سحابة مع شهادات أمان عالية واتفاقيات مستوى خدمة (SLA) قوية تتضمن مسؤوليات أمنية واضحة.
*   **د. التجنب (Avoid):** عدم الانخراط في النشاط الذي يولد المخاطر. هذا يمكن أن يشمل إلغاء مشروع معين أو تغيير طريقة العمل بشكل جذري لتجنب التعرض للخطر.

**هـ. توثيق خطة المعالجة (Treatment Plan Documentation):**
يجب توثيق خطة معالجة المخاطر لجميع المخاطر التي تتجاوز عتبة المخاطر المقبولة. يجب أن تتضمن هذه الخطة:
*   الخطر المحدد ودرجته الحالية.
*   خيار المعالجة المختار.
*   الضوابط المقترحة لتخفيف المخاطر أو الاستراتيجيات الأخرى.
*   الجدول الزمني لتنفيذ الضوابط.
*   الموارد المطلوبة (المالية، البشرية، التقنية).
*   المسؤوليات المحددة للتنفيذ.
*   مؤشرات الأداء الرئيسية (KPIs) لقياس فعالية الضوابط.
*   يجب أن تكون هذه الخطة متوافقة مع Statement of Applicability (SoA) لـ ISO 27001.

**7. محفزات تقييم المخاطر الإلزامية (Mandatory Risk Assessment Triggers)**

يجب إجراء تقييمات للمخاطر بشكل إلزامي في الحالات التالية:

*   **المرحلة المبكرة من مشاريع التقنية الجديدة:** (مثل، تطبيق EHR جديد، نظام IoMT جديد، مشروع تحول رقمي للمستشفى، تطبيق للرعاية عن بعد).
*   **قبل التغييرات الرئيسية في البنية التحتية:** (ترقية شبكة المستشفى، تغيير مزود خدمة الإنترنت الرئيسي، تحديثات واسعة النطاق لأنظمة التشغيل الأساسية).
*   **أثناء التخطيط لخدمات الطرف الثالث:** (التعاقد مع مقدمي خدمات السحابة الجدد، بائعي الأجهزة الطبية، شركات إدارة السجلات، الشركاء في البحث).
*   **قبل إطلاق خدمات التقنية الجديدة:** (تطبيق رعاية صحية للمرضى، بوابة إلكترونية جديدة، خدمة تشخيص عن بعد).
*   **عند حدوث حادث أمني كبير:** (اختراق بيانات، هجمة برامج فدية ناجحة، عطل نظامي يؤثر على رعاية المرضى).
*   **عند تغيير في اللوائح التنظيمية:** (خاصة قوانين حماية البيانات العالمية أو المحلية، تحديثات لمعايير NCSC).
*   **عند ملاحظات من التدقيقات الداخلية/الخارجية:** التي تشير إلى مخاطر جديدة أو غير معالجة.
*   **عند اكتشاف ثغرات حرجة جديدة:** (من خلال تقارير أمنية أو عمليات فحص).

**8. متطلبات سجل المخاطر (Risk Register Requirements)**

يجب الحفاظ على سجل مخاطر مركزي ومحدث باستمرار (Risk Register) كقاعدة بيانات حية لجميع المخاطر المحددة. يجب أن يتضمن سجل المخاطر المعلومات التالية لكل خطر:

*   معرف الخطر الفريد.
*   وصف مفصل للخطر (الحدث، المصدر، النتيجة المحتملة).
*   الأصول المتأثرة.
*   التهديدات والثغرات ذات الصلة.
*   الاحتمالية الأولية والتأثير الأولي.
*   درجة المخاطر الأولية.
*   خيار المعالجة المختار.
*   وصف لخطة المعالجة أو الضوابط المنفذة.
*   الاحتمالية المتبقية والتأثير المتبقي بعد المعالجة.
*   درجة المخاطر المتبقية.
*   مالك المخاطر (Risk Owner).",Fully Compliant,0.875,GAP_RA_007,1,وثيقة السياسة شاملة وممتازة، وتتوافق بشكل كبير مع ضوابط NCSC ECC 1-5 ومتطلبات ISO 27001 لإدارة المخاطر. تغطي الوثيقة بوضوح منهجية تقييم المخاطر، وإجراءات تحديد المخاطر (الأصول، التهديدات، الثغرات)، ومقاييس تقييم الاحتمالية والتأثير، وخيارات معالجة المخاطر، ومحفزات تقييم المخاطر الإلزامية، ومتطلبات سجل المخاطر. النقطة الوحيدة التي يمكن تحسينها هي إضافة جدول زمني واضح للمراجعة الدورية الشاملة لتقييمات المخاطر وسجل المخاطر نفسه، بالإضافة إلى المراجعات التي تتم بناءً على المحفزات المحددة.,1-5 Cybersecurity Risk Management,2026-02-02T02:17:07.330623
risk_assessment_ar_excellent_2_20260202021810,risk_assessment,ar,excellent,"بالتأكيد، إليك سياسة/إجراء تقييم وإدارة مخاطر الأمن السيبراني الشاملة والممتازة، والمصممة خصيصًا لمؤسسة تعليمية متوسطة الحجم (500-1000 موظف) ذات متطلبات حماية بيانات حرجة، مع الالتزام الكامل بضوابط الهيئة الوطنية للأمن السيبراني ECC 1-5 ومعيار ISO 27001.

---

**[اسم المؤسسة التعليمية]**

**سياسة تقييم وإدارة مخاطر الأمن السيبراني**

**الوثيقة رقم:** [أدخل رقم الوثيقة]
**الإصدار:** 1.0
**تاريخ الإصدار:** [تاريخ اليوم]
**تاريخ المراجعة التالي:** [تاريخ (بعد سنة من تاريخ الإصدار)]
**المعتمد من:** [أدخل اسم الجهة المعتمدة، مثل: مجلس الأمناء/مدير الجامعة]

---

**1. الغرض (Purpose)**

تحدد هذه السياسة الإطار والمنهجية المتبعة من قبل [اسم المؤسسة التعليمية] لتحديد وتقييم ومعالجة ومراقبة مخاطر الأمن السيبراني بشكل منهجي، وذلك لحماية الأصول المعلوماتية الحيوية للمؤسسة، بما في ذلك بيانات الطلاب والموظفين الحساسة، الأبحاث الأكاديمية، الملكية الفكرية، البنية التحتية للتعلم، والسمعة المؤسسية. تهدف هذه السياسة إلى ضمان استمرارية العمليات التعليمية والإدارية، والحفاظ على ثقة المجتمع الأكاديمي، والامتثال للمتطلبات التنظيمية المحلية والدولية، بما في ذلك ضوابط الهيئة الوطنية للأمن السيبراني (NCSC ECC 1-5) ومتطلبات معيار ISO 27001 لإدارة مخاطر أمن المعلومات.

**2. النطاق (Scope)**

تنطبق هذه السياسة على جميع أصول المعلومات والأنظمة والخدمات والبيانات والعمليات والموظفين المتعاقدين والمقاولين والجهات الخارجية ضمن [اسم المؤسسة التعليمية]. يشمل ذلك جميع أنظمة المعلومات التي تدعم العمليات التعليمية، الإدارية، البحثية، والمالية، بغض النظر عن موقعها الجغرافي أو طريقة استضافتها (داخلية، سحابية، أو من قبل طرف ثالث). الأصول المشمولة تشمل، على سبيل المثال لا الحصر:
*   أنظمة معلومات الطلاب (SIS) وأنظمة إدارة التعلم (LMS).
*   بيانات الموظفين والرواتب.
*   بيانات الأبحاث والملكية الفكرية.
*   البنية التحتية للشبكة والخوادم والأجهزة الطرفية.
*   التطبيقات التعليمية والإدارية.
*   خدمات الطرف الثالث التي تعالج أو تخزن بيانات المؤسسة.

**3. المراجع (References)**

*   ضوابط الهيئة الوطنية للأمن السيبراني (NCSC ECC)، وخاصة ضوابط إدارة مخاطر الأمن السيبراني (ECC 1-5).
*   ISO/IEC 27001:2022 – متطلبات أنظمة إدارة أمن المعلومات.
*   ISO/IEC 27005:2022 – إرشادات إدارة مخاطر أمن المعلومات.
*   [اسم المؤسسة التعليمية] – سياسة تصنيف البيانات.
*   [اسم المؤسسة التعليمية] – سياسة إدارة الحوادث الأمنية.
*   [اسم المؤسسة التعليمية] – خطة استمرارية الأعمال والتعافي من الكوارث.

**4. التعريفات (Definitions)**

*   **الأصل (Asset):** أي شيء ذو قيمة للمؤسسة (مثل المعلومات، البرمجيات، الأجهزة، الموظفين، السمعة).
*   **التهديد (Threat):** سبب محتمل لحادث أمني غير مرغوب فيه، قد يؤدي إلى الإضرار بأصل أو بالمؤسسة (مثل هجوم إلكتروني، كارثة طبيعية، خطأ بشري).
*   **الثغرة الأمنية (Vulnerability):** ضعف في أصل أو في ضابط أمني يمكن استغلاله بواسطة تهديد (مثل برمجيات غير محدثة، ضعف في التكوين، نقص الوعي الأمني).
*   **المخاطر (Risk):** تأثير عدم اليقين على الأهداف، وتُعرف غالبًا بأنها نتيجة احتمالية وقوع تهديد يستغل ثغرة أمنية، مما يؤثر سلبًا على أصل ما.
*   **احتمالية الوقوع (Likelihood):** احتمالية حدوث حدث تهديد معين.
*   **التأثير (Impact):** الضرر أو الخسارة الناتجة عن حدث تهديد إذا وقع.
*   **تقييم المخاطر (Risk Assessment):** العملية الشاملة لتحديد المخاطر وتحليلها وتقييمها.
*   **معالجة المخاطر (Risk Treatment):** عملية اختيار وتنفيذ إجراءات لتعديل المخاطر.
*   **سجل المخاطر (Risk Register):** وثيقة تحتوي على قائمة بالمخاطر المحددة، وتقييماتها، وخطط معالجتها، وحالتها الحالية.
*   **شهية المخاطر (Risk Appetite):** مستوى ونوع المخاطر التي تكون المؤسسة على استعداد لتحملها في سعيها لتحقيق أهدافها.
*   **المالك المخاطر (Risk Owner):** الفرد أو الكيان المسؤول عن إدارة مخاطر معينة.
*   **ضوابط الأمن السيبراني (Cybersecurity Controls):** الإجراءات الوقائية أو التصحيحية أو الكاشفة التي تقلل من احتمالية أو تأثير المخاطر.

**5. منهجية تقييم المخاطر (Risk Assessment Methodology)**

تعتمد [اسم المؤسسة التعليمية] منهجية تقييم مخاطر هجينة (Qualitative and Quantitative) لضمان تغطية شاملة وفعالة لمختلف أنواع المخاطر والأصول. يتم إجراء تقييمات المخاطر بشكل منهجي وموثق.

**5.1. النهج النوعي (Qualitative Approach)**
يُستخدم لـ:
*   التقييمات الأولية للمخاطر.
*   المخاطر التي يصعب تحديد قيم كمية دقيقة لها.
*   تحديد أولويات المخاطر لمزيد من التحليل.
*   المشاريع الصغيرة أو التغييرات التي لا تتطلب تحليلًا عميقًا.
تعتمد هذه المنهجية على تقديرات خبراء لمقاييس الاحتمالية والتأثير باستخدام مقاييس وصفية (مثل: منخفض، متوسط، مرتفع).

**5.2. النهج الكمي (Quantitative Approach)**
يُستخدم لـ:
*   المخاطر المرتبطة بالأصول الحرجة وذات التأثير العالي (مثل أنظمة بيانات الطلاب الحساسة، منصات التعلم الرئيسية، أنظمة الأبحاث التي تحتوي على ملكية فكرية).
*   الحالات التي يمكن فيها تحديد قيم مالية أو زمنية دقيقة للخسارة المحتملة.
*   عند الحاجة إلى مقارنة دقيقة بين خيارات المعالجة المختلفة.
يستخدم هذا النهج صيغًا عددية لتقدير الخسائر السنوية المحتملة (ALE) بناءً على قيمة الخسارة الفردية (SLE) ومعدل الحدوث السنوي (ARO)، أو غيرها من المقاييس الكمية المحددة.

**5.3. خطوات منهجية تقييم المخاطر**
1.  **تحديد النطاق (Scope Definition):** تحديد الأصول والأنظمة والعمليات المشمولة بالتقييم.
2.  **تحديد الأصول وتقييمها (Asset Identification & Valuation):** تحديد جميع الأصول ذات الصلة وتقييم قيمتها وحساسيتها وحرجيتها.
3.  **تحديد التهديدات (Threat Identification):** تحديد جميع التهديدات المحتملة لكل أصل.
4.  **تحديد الثغرات الأمنية (Vulnerability Identification):** تحديد نقاط الضعف التي يمكن أن تستغلها التهديدات.
5.  **تحليل المخاطر (Risk Analysis):** تقدير الاحتمالية والتأثير لكل سيناريو مخاطر.
6.  **تقييم المخاطر (Risk Evaluation):** مقارنة مستوى المخاطر المستنتج مع معايير شهية المخاطر للمؤسسة.
7.  **تحديد خيارات معالجة المخاطر (Risk Treatment Identification):** تحديد أفضل الاستراتيجيات لمعالجة المخاطر.
8.  **إعداد خطة معالجة المخاطر (Risk Treatment Plan Development):** توثيق الإجراءات المحددة.
9.  **مراقبة ومراجعة المخاطر (Risk Monitoring & Review):** المراقبة المستمرة للمخاطر والضوابط.

**6. إجراءات تحديد المخاطر (Risk Identification Procedures)**

تتم عملية تحديد المخاطر من خلال ورش عمل، مقابلات، مراجعة الوثائق، استخدام قوائم مرجعية، واستغلال نتائج مراجعات الأمن السيبراني واختبارات الاختراق.

**6.1. تحديد الأصول وتقييمها (Asset Identification and Valuation)**
تُعد الأصول الأساس الذي تبنى عليه جميع أنشطة إدارة المخاطر. يتم تحديد الأصول وتصنيفها بناءً على قيمتها للمؤسسة وحساسية البيانات التي تحتويها.
*   **تحديد الأصول:** يتم إنشاء سجل شامل لجميع الأصول المعلوماتية والتقنية (الأجهزة، البرمجيات، البيانات، الشبكات، الأشخاص، الخدمات، الوثائق).
    *   **أمثلة خاصة بالمؤسسة التعليمية:** أنظمة معلومات الطلاب (SIS)، أنظمة إدارة التعلم (LMS)، بوابات القبول والتسجيل، قواعد بيانات الأبحاث، بيانات الموظفين، ملفات الطلاب الأكاديمية والشخصية، وثائق الملكية الفكرية، البنية التحتية لشبكة الحرم الجامعي، أجهزة المختبرات المتصلة بالشبكة، التطبيقات السحابية للتعليم والتعاون.
*   **تقييم الأصول:** لكل أصل، يتم تحديد:
    *   **مالك الأصل:** الفرد أو القسم المسؤول عن الأصل.
    *   **الحد الأقصى للتوقف المسموح به (MTO):** الزمن الأقصى الذي يمكن أن يتوقف فيه الأصل.
    *   **هدف نقطة الاسترداد (RPO):** أقصى قدر من فقدان البيانات المسموح به.
    *   **تصنيف البيانات:** وفقًا لسياسة تصنيف البيانات في [اسم المؤسسة التعليمية] (مثل: عام، داخلي، سري، سري للغاية/مقيد)، مع التركيز على حماية البيانات الشخصية للطلاب والموظفين وبيانات الأبحاث الحساسة.
    *   **القيمة الحرجة:** تقدير مدى تأثير فقدان، أو إتلاف، أو تسريب هذا الأصل على العمليات التعليمية والإدارية والبحثية والسمعة.

**6.2. تحديد التهديدات (Threat Identification)**
تُحدد التهديدات المحتملة لكل أصل محدد، مع الأخذ في الاعتبار السياق التعليمي.
*   **مصدر التهديد:** داخلية (طلاب، موظفون، متعاقدون) أو خارجية (مخترقون، منظمات إجرامية، قوى طبيعية).
*   **أنواع التهديدات (أمثلة مع التركيز على السياق التعليمي):**
    *   **تهديدات داخلية:** خطأ بشري (مثل الكشف غير المقصود لبيانات الطلاب)، سوء استخدام الصلاحيات (مثل الوصول غير المصرح به لبيانات الامتحانات)، موظفون ساخطون (سرقة بيانات الأبحاث).
    *   **تهديدات خارجية:** هجمات التصيد الاحتيالي (Phishing) الموجهة للطلاب والموظفين للحصول على بيانات الدخول، برمجيات الفدية (Ransomware) التي تستهدف أنظمة إدارة التعلم أو بيانات الأبحاث، هجمات حجب الخدمة الموزعة (DDoS) على أنظمة التسجيل أو المنصات التعليمية، سرقة الملكية الفكرية للأبحاث، الوصول غير المصرح به لبيانات الطلاب الشخصية.
    *   **تهديدات بيئية/طبيعية:** انقطاع التيار الكهربائي، حرائق، فيضانات تؤثر على مراكز البيانات أو المختبرات.
    *   **فشل الأنظمة/التقنية:** فشل الأجهزة، أخطاء البرمجيات، انقطاع الاتصال بالشبكة.

**6.3. تحديد الثغرات الأمنية (Vulnerability Identification)**
يتم تحديد نقاط الضعف الموجودة في الأصول والضوابط الأمنية التي يمكن أن يستغلها التهديد.
*   **طرق التحديد:**
    *   **مسح الثغرات الأمنية (Vulnerability Scanning):** منتظم للشبكة والأنظمة والتطبيقات.
    *   **اختبار الاختراق (Penetration Testing):** سنويًا أو عند التغييرات الجوهرية.
    *   **مراجعات التكوين (Configuration Reviews):** لضمان التكوين الآمن للأنظمة.
    *   **تقييمات المخاطر المسبقة للمشاريع (Project-based Risk Assessments):** لتحديد الثغرات في التصميم.
    *   **تقارير الحوادث الأمنية:** تحليل الحوادث السابقة لتحديد الثغرات.
    *   **مراجعة سياسات الأمن والإجراءات (Policy and Procedure Reviews):** لضمان فعاليتها.
    *   **نقص الوعي الأمني:** بين الطلاب والموظفين.
    *   **أمثلة على الثغرات (مع التركيز على السياق التعليمي):**
        *   برمجيات غير محدثة في أجهزة المختبرات أو محطات عمل الموظفين.
        *   ضعف كلمات المرور أو عدم تطبيق المصادقة متعددة العوامل (MFA) على جميع الأنظمة الحرجة.
        *   تكوينات شبكة غير آمنة تسمح بالوصول غير المصرح به لشبكات الأبحاث.
        *   نقص التدريب الأمني للطلاب والموظفين (مما يجعلهم عرضة للتصيد).
        *   نقص الرقابة على أجهزة BYOD (أحضر جهازك الخاص) المتصلة بشبكة المؤسسة.
        *   عدم وجود تشفير كافٍ لبيانات الطلاب والأبحاث الحساسة.
        *   استخدام أنظمة وخدمات طرف ثالث دون مراجعة أمنية كافية.

**7. معايير تحليل وتقييم المخاطر (Risk Analysis and Evaluation Criteria)**

بعد تحديد المخاطر، يتم تحليلها لتقدير مستوى المخاطر الحالي، ويتم ذلك بضرب درجة الاحتمالية في درجة التأثير.

**7.1. مقاييس تقييم الاحتمالية (Likelihood Assessment Scales 1-5)**
تشير إلى مدى احتمالية وقوع التهديد واستغلاله للثغرة الأمنية.

| الدرجة | الوصف                                                | التكرار المتوقع (مثال)                                                                     |
| :---- | :--------------------------------------------------- | :----------------------------------------------------------------------------------------- |
| 1     | **نادر جداً (Very Low)**                             | يكاد يكون مستحيلاً، لا يوجد سجل لحوادث سابقة، احتمال حدوثه مرة واحدة كل 10 سنوات أو أكثر. |
| 2     | **منخفض (Low)**                                      | يمكن أن يحدث ولكن غير مرجح، ربما حدث مرة واحدة في تاريخ المؤسسة، كل 5-10 سنوات.            |
| 3     | **متوسط (Medium)**                                   | محتمل، قد يحدث بشكل عرضي، ربما مرة واحدة كل 1-5 سنوات.                                     |
| 4     | **مرتفع (High)**                                     | مرجح، من المحتمل أن يحدث بشكل متكرر، ربما مرة واحدة سنوياً.                                  |
| 5     | **مرتفع جداً (Very High)**                           | شبه مؤكد، يحدث بشكل منتظم أو يومي، أكثر من مرة سنوياً.                                       |

**7.2. مقاييس تقييم التأثير (Impact Assessment Scales 1-5)**
تشير إلى حجم الضرر أو الخسارة التي ستلحق بالمؤسسة في حال وقوع المخاطر.

| الدرجة | الوصف                                        | التأثير على المؤسسة (مثال خاص بالمؤسسة التعليمية)                                                                                                                                                                                                                                                                                                                                                                                                                                                                                                                                                                                                                                                                                                                                                                                                                                                                                                               |
| :---- | :------------------------------------------- | :----------------------------------------------------------------------------------------------------------------------------------------------------------------------------------------------------------------------------------------------------------------------------------------------------------------------------------------------------------------------------------------------------------------------------------------------------------------------------------------------------------------------------------------------------------------------------------------------------------------------------------------------------------------------------------------------------------------------------------------------------------------------------------------------------------------------------------------------------------------------------------------------------------------------------------------------------------------- |
| 1     | **ضئيل (Insignificant)**                     | إزعاج طفيف، لا يوجد فقدان للبيانات الحرجة، لا تأثير على العمليات التعليمية أو البحثية، لا تكاليف مالية تذكر، لا تأثير على السمعة. مثال: تعطل مؤقت لموقع ويب غير حرج.                                                                                                                                                                                                                                                                                                                                                                                                                                                                                                                                                                                                                                                                                                                                                                             |
| 2     | **طفيف (Minor)**                             | تعطيل بسيط للعمليات (أقل من يوم)، فقدان محدود للبيانات غير الحساسة، تكاليف مالية منخفضة (< 5,000 درهم)، تأثير محدود جداً على السمعة. مثال: تعطل نظام دعم غير أساسي لبضع ساعات، فقدان بيانات غير حساسة لعدد قليل من المستخدمين.                                                                                                                                                                                                                                                                                                                                                                                                                                                                                                                                                                                                                                                                                                                         |
| 3     | **معتدل (Moderate)**                         | تعطيل كبير للعمليات (يوم-أسبوع)، فقدان أو تسريب بيانات حساسة لعدد محدود من الأفراد (مثال: جزء صغير من بيانات الطلاب)، تأثير متوسط على القدرة على تقديم الخدمات التعليمية، تكاليف مالية معتدلة (5,000-50,000 درهم)، أضرار بالسمعة تتطلب جهودًا لإعادة بنائها، قد تنشأ التزامات قانونية محدودة. مثال: تعطيل جزئي لنظام إدارة التعلم (LMS) يؤثر على بعض الفصول الدراسية، تسريب بيانات شخصية لعدد محدود من الطلاب.                                                                                                                                                                                                                                                                                                                                                                                                                                                                                                                             |
| 4     | **كبير (Major)**                             | تعطيل خطير للعمليات الحيوية (أكثر من أسبوع)، فقدان أو تسريب بيانات حساسة أو سرية على نطاق واسع (مثال: بيانات مئات الطلاب أو بيانات أبحاث رئيسية)، تأثير كبير على القدرة على تقديم الخدمات التعليمية (مثل تعليق التسجيل أو الامتحانات)، تكاليف مالية كبيرة (50,000-500,000 درهم)، أضرار بالسمعة على المدى الطويل، غرامات تنظيمية أو قانونية كبيرة، فقدان ثقة المجتمع الأكاديمي. مثال: هجوم برمجيات الفدية على أنظمة معلومات الطلاب (SIS) أو بيانات الأبحاث، تسريب بيانات جميع الطلاب.                                                                                                                                                                                                                                                                                                                                                                                                                                                          |
| 5     | **كارثي (Catastrophic)**                     | فشل كامل للأنظمة الحيوية، فقدان أو تسريب بيانات حساسة أو سرية للغاية على نطاق واسع جداً (مثال: جميع بيانات الطلاب والموظفين والأبحاث)، توقف كامل للعمليات التعليمية والإدارية لفترة طويلة، تكاليف مالية باهظة (> 500,000 درهم)، أضرار لا يمكن إصلاحها للسمعة، خطر على بقاء المؤسسة، عقوبات قانونية وتنظيمية قصوى، فقدان الاعتماد الأكاديمي. مثال: انهيار كامل للبنية التحتية لتكنولوجيا المعلومات، تسريب شامل لجميع بيانات الطلاب والموظفين والأبحاث، توقف الدراسة لفترة طويلة. |

**7.3. مصفوفة المخاطر والتسجيل (Risk Matrix and Scoring)**

يتم حساب مستوى المخاطر الكلي (Risk Score) بضرب قيمة الاحتمالية في قيمة التأثير (الاحتمالية × التأثير). تُستخدم مصفوفة المخاطر التالية لتحديد مستوى المخاطر الكلي (من 1 إلى 25).

| مستوى المخاطر | الوصف                                      |
| :------------ | :----------------------------------------- |
| 1-4           | **مخاطر منخفضة (Low Risk)**                |
| 5-9           | **مخاطر متوسطة (Medium Risk)**             |
| 10-16         | **مخاطر عالية (High Risk)**                |
| 17-25         | **مخاطر حرجة/غير مقبولة (Critical/Unacceptable Risk)** |

**مصفوفة المخاطر:**

| **الاحتمالية \ التأثير** | **1 (ضئيل)** | **2 (طفيف)** | **3 (معتدل)** | **4 (كبير)** | **5 (كارثي)** |
| :---------------------- | :---------- | :---------- | :------------ | :---------- | :------------ |
| **5 (مرتفع جداً)**       | 5           | 10          | 15            | 20          | 25            |
| **4 (مرتفع)**           | 4           | 8           | 12            | 16          | 20            |
| **3 (متوسط)**           | 3           | 6           | 9             | 12          | 15            |
| **2 (منخفض)**           | 2           | 4           | 6             | 8           | 10            |
| **1 (نادر جداً)**        | 1           | 2           | 3             | 4           | 5             |

*   **الألوان:**
    *   **أخضر:** مخاطر منخفضة (1-4) - قد لا تتطلب معالجة فورية، يمكن قبولها.
    *   **أصفر:** مخاطر متوسطة (5-9) - تتطلب مراقبة ومعالجة، قد تتطلب خطة معالجة.
    *   **برتقالي:** مخاطر عالية (10-16) - تتطلب معالجة عاجلة وخطة معالجة مفصلة.
    *   **أحمر:** مخاطر حرجة/غير مقبولة (17-25) - تتطلب معالجة فورية وعاجلة، قد تتطلب إيقاف النشاط مؤقتًا إذا لم تتم معالجتها.

**8. خيارات معالجة المخاطر (Risk Treatment Options)**

بعد تقييم المخاطر، يتم تحديد خيار المعالجة الأنسب لكل خطر، بما يتماشى مع شهية المؤسسة للمخاطر.

**8.1. خيارات المعالجة:**
*   **القبول (Accept):** يتم قبول المخاطر إذا كانت ضمن شهية المؤسسة للمخاطر، أو إذا كانت تكلفة المعالجة تفوق الفوائد المتوقعة. يجب توثيق أسباب قبول المخاطر والموافقة عليها من قبل مالك المخاطر والإدارة العليا.
*   **التخفيف (Mitigate):** يتم تقليل المخاطر عن طريق تطبيق ضوابط أمنية لتقليل الاحتمالية أو التأثير. هذا هو الخيار الأكثر شيوعاً",Fully Compliant,0.5,GAP_RA_004|GAP_RA_005|GAP_RA_006|GAP_RA_007,4,تُظهر الوثيقة أساسًا جيدًا لمنهجية تقييم المخاطر وإجراءات تحديدها ومقاييس التقييم. ومع ذلك، توجد ثغرات في التوافق مع ضوابط ECC و ISO 27001، حيث تفتقر الوثيقة إلى تحديد جميع خيارات معالجة المخاطر القياسية (مثل النقل والتجنب)، وتحديد واضح لجميع المحفزات الإلزامية لتقييم المخاطر (خاصة الدورية وعند الحوادث الكبرى) وفقًا لـ ECC 1-5-3. كما أنها لا تحدد بوضوح متطلبات إنشاء وصيانة سجل المخاطر وجدول زمني للمراجعة الدورية لنتائج تقييم المخاطر. بينما يظهر دمج تقييم المخاطر مع إدارة المشاريع.,1-5 Cybersecurity Risk Management,2026-02-02T02:18:10.825927
risk_assessment_ar_excellent_3_20260202021910,risk_assessment,ar,excellent,"## سياسة وإجراءات تقييم وإدارة مخاطر الأمن السيبراني

**اسم المؤسسة:** [اسم المؤسسة المالية]

**رمز السياسة:** RA-001-FM

**الإصدار:** 1.0

**تاريخ الإصدار:** 2023-10-27

**تاريخ المراجعة التالي:** 2024-10-27 (أو عند حدوث تغييرات جوهرية)

---

### 1. المقدمة

تُعدّ [اسم المؤسسة المالية] مؤسسة مالية رائدة، تلتزم بحماية المعلومات والأصول الحيوية لعملياتها وخدماتها وعملائها. في بيئة تهديدات الأمن السيبراني المتطورة باستمرار، خاصة مع الانتشار المتزايد للعمل عن بُعد، أصبح النهج الاستباقي والمنهجي لإدارة المخاطر السيبرانية أمراً حتمياً. تهدف هذه السياسة إلى إنشاء إطار عمل شامل وموحد لتحديد وتحليل وتقييم ومعالجة ومراقبة مخاطر الأمن السيبراني، بما يضمن الحفاظ على سرية وسلامة وتوافر المعلومات والأصول، والامتثال للمتطلبات التنظيمية المحلية والدولية.

تتوافق هذه السياسة بشكل كامل مع ضوابط الهيئة الوطنية للأمن السيبراني (NCA) – تحديداً إطار الضوابط الأساسية للأمن السيبراني (ECC) 1-5 (إدارة مخاطر الأمن السيبراني)، ومع متطلبات إدارة المخاطر المنصوص عليها في معيار ISO 27001 لنظام إدارة أمن المعلومات (ISMS).

---

### 2. الغرض

الغرض من هذه السياسة هو:

*   تحديد نهج منهجي ومتسق وقابل للتكرار لتحديد مخاطر الأمن السيبراني التي تواجه [اسم المؤسسة المالية]، وتحليلها، وتقييمها، ومعالجتها، ومراقبتها.
*   توفير فهم واضح للمخاطر التي قد تؤثر على سرية وسلامة وتوافر أصول المعلومات والخدمات.
*   تمكين اتخاذ قرارات مستنيرة بشأن استثمارات الأمن السيبراني وتخصيص الموارد.
*   ضمان الامتثال للمتطلبات التنظيمية مثل ضوابط الهيئة الوطنية للأمن السيبراني (ECC 1-5) ومعيار ISO 27001، بالإضافة إلى اللوائح المالية الخاصة بالقطاع.
*   دعم استمرارية الأعمال ومرونة العمليات، خاصة في سياق القوى العاملة عن بُعد.
*   تحديد الأدوار والمسؤوليات لجميع الأطراف المعنية بعملية إدارة المخاطر.

### 3. النطاق

تُطبق هذه السياسة على جميع جوانب [اسم المؤسسة المالية]، بما في ذلك على سبيل المثال لا الحصر:

*   جميع المعلومات والأصول المرتبطة بها (بما في ذلك البيانات الرقمية والمادية، الأجهزة، البرامج، الشبكات، الخدمات السحابية، الموارد البشرية، المنشآت).
*   جميع الأنظمة والعمليات التجارية والخدمات المقدمة من قبل المؤسسة أو بالنيابة عنها.
*   جميع الموظفين والمتعاقدين والموردين والأطراف الثالثة الذين لديهم وصول إلى أصول المؤسسة أو يؤثرون عليها.
*   جميع بيئات العمل، بما في ذلك المكاتب الرئيسية والفروع وبيئات العمل عن بُعد والمنازل (فيما يتعلق بالأصول والوصول الممنوح للموظفين عن بُعد).
*   تُغطى جميع مراحل دورة حياة الأصول، من التصميم والاكتساب إلى التشغيل والإهمال.

### 4. التعريفات

*   **الأصل (Asset):** أي شيء ذي قيمة للمؤسسة (مثل المعلومات، البرامج، الأجهزة، الخدمات، الأشخاص، الموظفين عن بُعد، السمعة).
*   **التهديد (Threat):** أي سبب محتمل لحادث غير مرغوب فيه، قد يؤدي إلى إلحاق الضرر بالنظام أو المنظمة (مثل هجمات التصيد، البرامج الضارة، الكوارث الطبيعية).
*   **الثغرة الأمنية (Vulnerability):** ضعف في أصل أو في مجموعة من الضوابط يمكن أن تستغله تهديد ما (مثل برامج غير محدثة، ضعف في التكوين، نقص الوعي الأمني).
*   **المخاطرة (Risk):** تأثير عدم اليقين على الأهداف؛ تُعرّف على أنها احتمالية حدوث تهديد يستغل ثغرة أمنية لإلحاق الضرر بأصل، وتأثير هذا الضرر.
*   **مستوى المخاطرة (Risk Level):** ناتج تقييم الاحتمالية والتأثير.
*   **مالك المخاطرة (Risk Owner):** الفرد أو الكيان المسؤول عن إدارة مخاطرة معينة واتخاذ قرار بشأن معالجتها.
*   **قبول المخاطرة (Risk Acceptance):** قرار بقبول مستوى المخاطرة المتبقي بعد المعالجة، أو بدون معالجة إضافية.
*   **معالجة المخاطرة (Risk Treatment):** عملية اختيار وتنفيذ الإجراءات لتعديل المخاطر.
*   **سجل المخاطر (Risk Register):** وثيقة تحتوي على تفاصيل المخاطر المحددة، وتقييماتها، وخطط معالجتها، وحالتها.
*   **الموظف عن بُعد (Remote Employee):** أي موظف يعمل خارج مقر المؤسسة الرئيسي أو فروعها، وعادة ما يكون من المنزل أو من موقع آخر معتمد.

---

### 5. منهجية تقييم المخاطر

تتبنى [اسم المؤسسة المالية] منهجية هجينة (نوعية وكمية) لتقييم المخاطر السيبرانية، تضمن المرونة والشمولية والدقة. يجب أن تكون المنهجية قابلة للتكرار ومُوثقة جيداً.

*   **النهج النوعي (Qualitative Approach):** يُستخدم للتقييم الأولي السريع للمخاطر وتصنيفها بناءً على مقاييس وصفية (مثل ""مرتفع""، ""متوسط""، ""منخفض"")، وذلك لتحديد أولويات المخاطر التي تتطلب مزيداً من التحليل.
*   **النهج الكمي (Quantitative Approach):** يُستخدم لتحليل المخاطر ذات الأولوية العالية أو الحرجة بشكل أكثر تفصيلاً، حيث يتم تقدير الاحتمالية والتأثير من حيث القيم العددية (مثل التكلفة المالية، عدد الساعات الضائعة)، مما يوفر أساساً أكثر دقة لاتخاذ القرارات الاستثمارية. يُطبق هذا النهج بشكل خاص على المخاطر التي تؤثر بشكل مباشر على الأصول المالية أو العمليات الحرجة.

تتضمن عملية تقييم المخاطر الخطوات الأساسية التالية:

1.  تحديد الأصول وتقييمها.
2.  تحديد التهديدات.
3.  تحديد الثغرات الأمنية.
4.  تحليل المخاطر (تقييم الاحتمالية والتأثير).
5.  تقييم المخاطر وتحديد مستوى المخاطرة.
6.  تحديد خيارات معالجة المخاطر.
7.  مراقبة ومراجعة المخاطر.

### 6. إجراءات تحديد المخاطر

تُعدّ عملية تحديد المخاطر خطوة أساسية لضمان عدم إغفال أي تهديدات أو ثغرات أمنية محتملة.

#### أ. تحديد الأصول وتقييمها

يجب تحديد جميع الأصول المعلوماتية والتقنية والتشغيلية التي تدعم العمليات التجارية، وتصنيفها وتقييمها من حيث أهميتها وحساسيتها للمؤسسة.

*   **أنواع الأصول:**
    *   **المعلومات:** بيانات العملاء (الحسابات، المعاملات، المعلومات الشخصية PII)، البيانات المالية، الملكية الفكرية، بيانات الموظفين (خاصة بيانات الموظفين عن بُعد)، وثائق السياسات والإجراءات.
    *   **البرامج:** أنظمة التشغيل، تطبيقات الأعمال (مثل أنظمة الخدمات المصرفية الأساسية، CRM)، قواعد البيانات، برامج الأمان (مكافحة الفيروسات، جدران الحماية)، برامج التعاون عن بُعد.
    *   **الأجهزة:** الخوادم، أجهزة الشبكة (الموجهات، المحولات، جدران الحماية)، أجهزة المستخدمين النهائية (أجهزة الكمبيوتر المحمولة، الأجهزة اللوحية – بما في ذلك أجهزة الموظفين عن بُعد)، البنية التحتية السحابية.
    *   **الشبكات:** الشبكات المحلية (LAN)، الشبكات الواسعة (WAN)، شبكات الواي فاي (Wi-Fi)، الشبكات الافتراضية الخاصة (VPN) التي يستخدمها الموظفون عن بُعد.
    *   **الخدمات:** الخدمات المصرفية عبر الإنترنت، الخدمات المصرفية عبر الهاتف المحمول، خدمات الدفع، خدمات البريد الإلكتروني، خدمات الطرف الثالث (مثل الموفرين السحابيين، بوابات الدفع).
    *   **الأشخاص:** الموظفون، المتعاقدون، الموردون، وخاصة الموظفون عن بُعد بصفتهم نقاط وصول محتملة.
    *   **المنشآت:** مراكز البيانات، المكاتب، غرف الخوادم (بما في ذلك أمان المواقع البعيدة التي يعمل منها الموظفون).

*   **تقييم الأصول (Valuation):**
    يجب تقييم كل أصل بناءً على تأثيره المحتمل على المؤسسة في حال تعرضه للخطر، وذلك من حيث:
    *   **السرية (Confidentiality):** مدى حساسية المعلومات.
    *   **النزاهة/السلامة (Integrity):** مدى أهمية دقة واكتمال المعلومات.
    *   **التوفر (Availability):** مدى أهمية الوصول المستمر للمعلومات والخدمات.
    *   **التأثير على الأعمال:** يتم تقييم الأصول بناءً على تأثير فقدانها أو تضررها على:
        *   **السمعة:** فقدان ثقة العملاء أو السوق.
        *   **المالية:** الخسائر المباشرة، الغرامات التنظيمية، تكاليف الاسترداد.
        *   **القانونية والتنظيمية:** عدم الامتثال لمتطلبات NCA، ISO 27001، والجهات التنظيمية المالية المحلية.
        *   **التشغيلية:** تعطل الخدمات، فقدان الإنتاجية، عدم القدرة على تقديم الخدمات للعملاء.

#### ب. تحديد التهديدات

يجب تحديد المصادر المحتملة للضرر التي يمكن أن تستهدف أصول المؤسسة. تشمل التهديدات، على سبيل المثال لا الحصر:

*   **التهديدات البشرية:**
    *   **الداخلية الخبيثة:** الموظفون الساخطون (بما في ذلك الموظفين عن بُعد)، محاولات الاحتيال، سرقة البيانات.
    *   **الداخلية غير المتعمدة:** الأخطاء البشرية، الإهمال (خاصة في بيئات العمل عن بُعد غير الخاضعة للرقابة المباشرة)، فقدان الأجهزة.
    *   **الخارجية الخبيثة:** هجمات التصيد (Phishing) الموجهة للموظفين (خاصة عن بُعد)، البرامج الضارة (Malware)، برامج الفدية (Ransomware)، هجمات حجب الخدمة الموزعة (DDoS)، الهندسة الاجتماعية، تهديدات المتقدمة المستمرة (APTs) التي تستهدف القطاع المالي، هجمات سلسلة التوريد (Supply Chain Attacks) التي تستهدف موردي الخدمات السحابية أو أدوات العمل عن بُعد.
*   **التهديدات التقنية:** فشل الأجهزة، أخطاء البرمجيات، فشل الشبكات، انقطاع التيار الكهربائي.
*   **التهديدات البيئية والطبيعية:** الحرائق، الفيضانات، الزلازل، فشل تبريد مراكز البيانات.

#### ج. تحديد الثغرات الأمنية

يجب تحديد نقاط الضعف في الأصول أو في الضوابط الأمنية الحالية التي يمكن أن تستغلها التهديدات. تشمل الثغرات الأمنية:

*   **ثغرات في الأنظمة والبرامج:** برامج غير محدثة (نظام التشغيل، التطبيقات، برامج الحماية)، تكوينات ضعيفة أو افتراضية، أخطاء في الكود البرمجي.
*   **ثغرات الشبكة:** منافذ مفتوحة غير ضرورية، بروتوكولات ضعيفة، عدم وجود تقسيم مناسب للشبكة، شبكات Wi-Fi منزلية غير آمنة للموظفين عن بُعد.
*   **ثغرات بشرية:** نقص الوعي الأمني، ضعف في التدريب، عدم الامتثال للسياسات، استخدام كلمات مرور ضعيفة، عدم وجود إجراءات أمنية صارمة للعمل عن بُعد.
*   **ثغرات في الضوابط المادية:** ضعف في الوصول المادي لمراكز البيانات، عدم وجود أمان كافٍ للأجهزة في مواقع العمل عن بُعد.
*   **ثغرات في الإجراءات:** عدم وجود سياسات وإجراءات واضحة، نقص في النسخ الاحتياطي، عدم كفاية خطط التعافي من الكوارث.

### 7. معايير تحليل وتقييم المخاطر

بمجرد تحديد المخاطر، يتم تحليلها لتقدير مستوى المخاطرة بناءً على الاحتمالية والتأثير.

#### أ. مقاييس تقييم الاحتمالية (Likelihood Scales - 1-5)

يُقيّم احتمال حدوث المخاطرة استناداً إلى التهديدات المحتملة، والثغرات الموجودة، وفعالية الضوابط الحالية.

| المستوى | التقييم      | الوصف المفصل                                                                                                                                                                                                                           |
| :----- | :----------- | :------------------------------------------------------------------------------------------------------------------------------------------------------------------------------------------------------------------------------------- |
| 5      | **مرتفع جداً** | من المؤكد تقريباً أن يحدث الحادث (حدث مرة واحدة على الأقل شهرياً، أو هناك أدلة قوية على استهداف مستمر بنجاح، أو ثغرة معروفة واسعة الانتشار تستغل بنشاط وتؤثر على أصولنا، خاصة في بيئات العمل عن بُعد).                                           |
| 4      | **مرتفع**     | من المرجح جداً أن يحدث الحادث (حدث مرة واحدة على الأقل سنوياً، أو هناك تهديد نشط يستهدف القطاع المالي ولدينا ثغرات معروفة، أو مخاطر عالية مرتبطة بالوصول عن بُعد).                                                                       |
| 3      | **متوسط**     | من المحتمل أن يحدث الحادث (حدث مرة واحدة كل بضع سنوات، أو هناك تهديد معروف ولكن بدون استهداف مباشر لنا، أو ثغرات تتطلب ظروفًا معينة لاستغلالها، أو مخاطر متوسطة في بيئة العمل عن بُعد).                                                      |
| 2      | **منخفض**     | من غير المحتمل أن يحدث الحادث (حدث مرة واحدة كل 5 سنوات أو أكثر، أو لا توجد أدلة على استهداف مباشر ولكن التهديد موجود بشكل عام، أو الضوابط الأمنية تقلل بشكل كبير من احتمالية الاستغلال، أو مخاطر منخفضة للعمل عن بُعد).                     |
| 1      | **منخفض جداً** | من المستبعد جداً أن يحدث الحادث (لم يحدث مطلقاً، أو لا توجد أدلة على وجود تهديد أو ثغرة يمكن استغلالها، أو الضوابط الحالية قوية جداً لدرجة تجعل الاستغلال مستحيلاً عملياً، أو لا توجد مخاطر كبيرة للعمل عن بُعد). |

#### ب. مقاييس تقييم التأثير (Impact Scales - 1-5)

يُقيّم التأثير المحتمل للمخاطرة على المؤسسة في حال تحققها، مع الأخذ في الاعتبار السياق المالي وقوى العمل عن بُعد.

| المستوى | التقييم      | الوصف المفصل (التأثير على الأعمال، السمعة، المالية، القانونية/التنظيمية، التشغيلية، وخاصة بيانات العملاء وبيئة العمل عن بُعد) |
| :----- | :----------- | :------------------------------------------------------------------------------------------------------------------------------------------------------------------------------------------------------------------------------------------------------------------------------------------------------------------------------------------------------------------------------------------------------------------------------------------------------------------------------------------------------------------------------------------------------------------------------------------------------------------------------------------------------------------------------------------------------------------------------------------------------------------------------------------------------------------------------------------------------------------------------------------------------------------------------------------------------------------------------------------------------------------------------------------------------------------------------------------------------------------------------------------------------------------------------------------------------------------------------------------------------------------------------------------------------------------------------------------------------------------------------------------------------------------------------------------------------------------------------------------------------------------------------------------------------------------------------------------------------------------------------------------------------------------------------------------------------------------------------------------------------------------------------------------------------------------------------------------------------------------------------------------------------------------------------------------------------------------------------------------------------------------------------------------------------------------------------------------------------------------------------------------------------------------------------------------------------------------------------------------------------------------------------------------------------------------------------------------------------------------------------------------------------------------------------------------------------------------------------------------------------------------------------------------------------------------------------------------------------------------------------------------------------------------------------------------------------------------------------------------------------------------------------------------------------------------------------------------------------------------------------------------------------------------------------------------------------------------------------------------------------------------------------------------------------------------------------------------------------------------------------------------------------------------------------------------------------------------------------------------------------------------------------------------------------------------------------------------------------------------------------------------------------------------------------------------------------------------------------------------------------------------------------------------------------------------------------------------------------------------------------------------------------------------------------------------------------------------------------------------------------------------------------------------------------------------------------------------------------------------------------------------------------------------------------------------------------------------------------------------------------------------------------------------------------------------------------------------------------------------------------------------------------------------------------------------------------------------------------------------------------------------------------------------------------------------------------------------------------------------------------------------------------------------------------------------------------------------------------------------------------------------------------------------------------------------------------------------------------------------------------------------------------------------------------------------------------------------------------------------------------------------------------------------------------------------------------------------------------------------------------------------------------------------------------------------------------------------------------------------------------------------------------------------------------------------------------------------------------------------------------------------------------------------------------------------------------------------------------------------------------------------------------------------------------------------------------------------------------------------------------------------------------------------------------------------------------------------------------------------------------------------------------------------------------------------------------------------------------------------------------------------------------------------------------------------------------------------------------------------------------------------------------------------------------------------------------------------------------------------------------------------------------------------------------------------------------------------------------------------------------------------------------------------------------------------------------------------------------------------------------------------------------------------------------------------------------------------------------------------------------------------------------------------------------------------------------------------------------------------------------------------------------------------------------------------------------------------------------------------------------------------------------------------------------------------------------------------------------------------------------------------------------------------------------------------------------------------------------------------------------------------------------------------------------------------------------------------------------------------------------------------------------------------------------------------------------------------------------------------------------------------------------------------------------------------------------------------------------------------------------------------------------------------------------------------------------------------------------------------------------------------------------------------------------------------------------------------------------------------------------------------------------------------------------------------------------------------------------------------------------------------------------------------------------------------------------------------------------------------------------------------------------------------------------------------------------------------------------------------------------------------------------------------------------------------------------------------------------------------------------------------------------------------------------------------------------------------------------------------------------------------------------------------------------------------------------------------------------------------------------------------------------------------------------------------------------------------------------------------------------------------------------------------------------------------------------------------------------------------------------------------------------------------------------------------------------------------------------------------------------------------------------------------------------------------------------------------------------------------------------------------------------------------------------------------------------------------------------------------------------------------------------------------------------------------------------------------------------------------------------------------------------------------------------------------------------------------------------------------------------------------------------------------------------------------------------------------------------------------------------------------------------------------------------------------------------------------------------------------------------------------------------------------------------------------------------------------------------------------------------------------------------------------------------------------------------------------------------------------------------------------------------------------------------------------------------------------------------------------------------------------------------------------------------------------------------------------------------------------------------------------------------------------------------------------------------------------------------------------------------------------------------------------------------------------------------------------------------------------------------------------------------------------------------------------------------------------------------------------------------------------------------------------------------------------------------------------------------------------------------------------------------------------------------------------------------------------------------------------------------------------------------------------------------------------------------------------------------------------------------------------------------------------------------------------------------------------------------------------------------------------------------------------------------------------------------------------------------------------------------------------------------------------------------------------------------------------------------------------------------------------------------------------------------------------------------------------------------------------------------------------------------------------------------------------------------------------------------------------------------------------------------------------------------------------------------------------------------------------------------------------------------------------------------------------------------------------------------------------------------------------------------------------------------------------------------------------------------------------------------------------------------------------------------------------------------------------------------------------------------------------------------------------------------------------------------------------------------------------------------------------------------------------------------------------------------------------------------------------------------------------------------------------------------------------------------------------------------------------------------------------------------------------------------------------------------------------------------------------------------------------------------------------------------------------------------------------------------------------------------------------------------------------------------------------------------------------------------------------------------------------------------------------------------------------------------------------------------------------------------------------------------------------------------------------------------------------------------------------------------------------------------------------------------------------------------------------------------------------------------------------------------------------------------------------------------------------------------------------------------------------------------------------------------------------------------------------------------------------------------------------------------------------------------------------------------------------------------------------------------------------------------------------------------------------------------------------------------------------------------------------------------------------------------------------------------------------------------------------------------------------------------------------------------------------------------------------------------------------------------------------------------------------------------------------------------------------------------------------------------------------------------------------------------------------------------------------------------------------------------------------------------------------------------------------------------------------------------------------------------------------------------------------------------------------------------------------------------------------------------------------------------------------------------------------------------------------------------------------------------------------------------------------------------------------------------------------------------------------------------------------------------------------------------------------------------------------------------------------------------------------------------------------------------------------------------------------------------------------------------------------------------------------------------------------------------------------------------------------------------------------------------------------------------------------------------------------------------------------------------------------------------------------------------------------------------------------------------------------------------------------------------------------------------------------------------------------------------------------------------------------------------------------------------------------------------------------------------------------------------------------------------------------------------------------------------------------------------------------------------------------------------------------------------------------------------------------------------------------------------------------------------------------------------------------------------------------------------------------------------------------------------------------------------------------------------------------------------------------------------------------------------------------------------------------------------------------------------------------------------------------------------------------------------------------------------------------------------------------------------------------------------------------------------------------------------------------------------------------------------------------------------------------------------------------------------------------------------------------------------------------------------------------------------------------------------------------------------------------------------------------------------------------------------------------------------------------------------------------------------------------------------------------------------------------------------------------------------------------------------------------------------------------------------------------------------------------------------------------------------------------------------------------------------------------------------------------------------------------------------------------------------------------------------------------------------------------------------------------------------------------------------------------------------------------------------------------------------------------------------------------------------------------------------------------------------------------------------------------------------------------------------------------------------------------------------------------------------------------------------------------------------------------------------------------------------------------------------------------------------------------------------------------------------------------------------------------------------------------------------------------------------------------------------------------------------------------------------------------------------------------------------------------------------------------------------------------------------------------------------------------------------------------------------------------------------------------------------------------------------------------------------------------------------------------------------------------------------------------------------------------------------------------------------------------------------------------------------------------------------------------------------------------------------------------------------------------------------------------------------------------------------------------------------------------------------------------------------------------------------------------------------------------------------------------------------------------------------------------------------------------------------------------------------------------------------------------------------------------------------------------------------------------------------------------------------------------------------------------------------------------------------------------------------------------------------------------------------------------------------------------------------------------------------------------------------------------------------------------------------------------------------------------------------------------------------------------------------------------------------------------------------------------------------------------------------------------------------------------------------------------------------------------------------------------------------------------------------------------------------------------------------------------------------------------------------------------------------------------------------------------------------------------------------------------------------------------------------------------------------------------------------------------------------------------------------------------------------------------------------------------------------------------------------------------------------------------------------------------------------------------------------------------------------------------------------------------------------------------------------------------------------------------------------------------------------------------------------------------------------------------------------------------------------------------------------------------------------------------------------------------------------------------------------------------------------------------------------------------------------------------------",Fully Compliant,0.375,GAP_RA_004|GAP_RA_005|GAP_RA_006|GAP_RA_007|GAP_RA_008,5,تُقدم الوثيقة منهجية واضحة لتقييم المخاطر، وإجراءات تحديد الأصول والتهديدات والثغرات، ومقاييس مفصلة لتقييم الاحتمالية والتأثير. ومع ذلك، تفتقر الوثيقة إلى تفاصيل محددة حول خيارات معالجة المخاطر، والمحفزات الإلزامية لإجراء تقييمات المخاطر (بخلاف مراجعة السياسة)، ومتطلبات سجل المخاطر، وجدول زمني دوري لمراجعة تقييمات المخاطر نفسها، بالإضافة إلى عدم وجود تكامل صريح مع إدارة المشاريع. هذه الثغرات قد تؤثر على الامتثال الكامل لضوابط ECC و ISO 27001.,1-5 Cybersecurity Risk Management,2026-02-02T02:19:10.791409
risk_assessment_en_partial_1_20260202021953,risk_assessment,en,partial,"## FSI Enterprise Risk Assessment Policy

**Document ID:** FSI-RISK-001-V1.0
**Version:** 1.0
**Effective Date:** 2024-03-15
**Review Date:** Ad-hoc
**Approved By:** [Executive Risk Committee / Chief Risk Officer]

---

**1. Introduction**

[Financial Institution Name] (hereinafter referred to as ""FSI"") operates as a cornerstone of the national financial infrastructure, serving millions of customers and underpinning critical economic functions. As such, FSI is exposed to a dynamic and complex range of risks that could impact its operations, financial stability, reputation, and ability to deliver essential services.

This Enterprise Risk Assessment Policy establishes a structured framework for identifying, assessing, and evaluating risks across all aspects of FSI's activities. Its purpose is to foster a proactive risk-aware culture, support informed decision-making, and contribute to the resilience and stability expected of a critical national infrastructure provider. This policy aims to ensure that FSI can maintain continuous operations, safeguard customer assets, comply with regulatory obligations, and protect its strategic objectives.

**2. Scope**

This policy applies to all FSI employees, contractors, consultants, and third-party service providers performing work on behalf of FSI. It covers all FSI business units, departments, processes, systems, information assets, and strategic initiatives. All risks, whether operational, financial, strategic, reputational, or compliance-related, fall under the purview of this policy.

**3. Definitions**

*   **Risk:** An uncertain event or condition that, if it occurs, has a potential positive or negative effect on FSI's objectives. For the purpose of this policy, the focus is primarily on negative effects.
*   **Risk Assessment:** The overall process of identifying, analyzing, and evaluating risks.
*   **Asset:** Any item of value to FSI, including but not limited to, information (confidential data, intellectual property), hardware (servers, network devices), software (applications, operating systems), personnel, facilities, and critical services.
*   **Impact:** The magnitude of the consequences or effect if a risk event were to occur.

**4. Guiding Principles**

*   **Proactive Management:** FSI is committed to proactively identifying and addressing risks before they materialize into significant incidents.
*   **Informed Decision-Making:** Risk assessment outputs shall provide a factual basis for strategic, operational, and financial decisions.
*   **Accountability:** Clear ownership for risks and mitigation activities will be established and maintained.
*   **Compliance:** Risk assessment activities shall support FSI's adherence to relevant laws, regulations, and industry standards.
*   **Continuous Improvement:** The risk assessment process will evolve to reflect changes in FSI's operating environment, technologies, and regulatory landscape.

**5. Risk Assessment Methodology**

FSI's risk assessment methodology comprises the following key stages:

**5.1. Risk Identification**

The objective of this stage is to identify potential events or situations that could negatively affect FSI's ability to achieve its objectives. This involves:

*   **Review of Operations:** Analyzing existing business processes, workflows, and operational procedures to identify areas susceptible to disruption, failure, or inefficiency.
*   **Asset-Based Review:** Cataloging and evaluating FSI's critical assets (e.g., core banking systems, payment networks, customer data, key personnel) to understand what needs protection and what could be impacted.
*   **Scenario Analysis:** Considering various ""what if"" scenarios related to operational disruptions, financial market volatility, compliance breaches, or data integrity issues.
*   **Historical Data Review:** Examining past incidents, near misses, audit findings, and regulatory warnings to understand recurring risk patterns.

*Note: Risk identification focuses on potential negative events and their relationship to FSI's assets and objectives. A detailed analysis of specific threats (e.g., malicious actors, natural disasters) or technical vulnerabilities (e.g., software flaws, configuration errors) is considered during the subsequent mitigation planning phase rather than as an explicit component of the initial identification process.*

**5.2. Risk Analysis (Impact Assessment)**

Once risks are identified, the next step is to evaluate the potential consequences if an identified risk event were to occur. This assessment focuses solely on the potential **impact** on FSI.

**Impact Scales:**

*   **Critical:**
    *   **Financial:** Systemic financial instability, severe financial loss (exceeding $500M), catastrophic market disruption.
    *   **Operational:** Widespread, prolonged disruption of critical national infrastructure services; failure of core banking platforms; inability to process payments for extended periods.
    *   **Reputational:** Complete erosion of public and market confidence; irreparable damage to brand and trust; potential for 'too big to fail' intervention.
    *   **Regulatory/Legal:** Revocation of banking license; major criminal charges; significant regulatory fines leading to systemic review.
*   **High:**
    *   **Financial:** Significant financial loss ($50M - $500M); major write-offs; severe impairment of shareholder value.
    *   **Operational:** Localized critical service disruption for an extended period; significant downtime for key internal systems impacting customer service; major data breach affecting a large customer base.
    *   **Reputational:** Major loss of customer trust; severe negative media attention; significant impact on stock price.
    *   **Regulatory/Legal:** Significant regulatory fines; formal enforcement actions; mandatory operational changes.
*   **Medium:**
    *   **Financial:** Moderate financial loss ($5M - $50M); minor impact on profitability.
    *   **Operational:** Temporary disruption of non-critical services; localized operational inefficiencies; minor data integrity issues.
    *   **Reputational:** Negative public perception; adverse media coverage requiring public relations response.
    *   **Regulatory/Legal:** Minor regulatory fines; non-compliance findings requiring corrective action plans.
*   **Low:**
    *   **Financial:** Minor financial loss (less than $5M); negligible impact on profitability.
    *   **Operational:** Minimal and short-term operational inconvenience; isolated system glitches.
    *   **Reputational:** Localized negative feedback; minor customer complaints.
    *   **Regulatory/Legal:** Minor administrative warnings; internal audit findings with no direct regulatory penalty.

*Note: Likelihood or probability of a risk event occurring is considered qualitatively by risk owners during the development of mitigation strategies but is not formally scaled or incorporated into the initial impact rating.*

**5.3. Risk Evaluation & Treatment**

Based on the assessed impact, risks are prioritized. For each identified risk, an appropriate risk treatment strategy must be developed:

*   **Mitigate:** Implement controls or actions to reduce the impact of the risk.
*   **Accept:** Acknowledge the risk and its potential impact, and make a conscious decision to take no further action. This must be approved by the appropriate level of management.
*   **Transfer:** Shift the financial consequences of the risk to a third party (e.g., insurance).
*   **Avoid:** Eliminate the risk by discontinuing the activity or process causing it.

Mitigation plans must include specific actions, assigned owners, and target completion dates.

**6. Roles and Responsibilities**

*   **Board of Directors / Executive Management:** Provides overall oversight of FSI's enterprise risk management framework, approves the risk appetite statement, and ensures adequate resources are allocated for risk management.
*   **Chief Risk Officer (CRO) / Risk Management Department:** Develops, implements, and maintains this policy; provides guidance and training on risk assessment methodologies; consolidates enterprise-level risk reporting; and monitors the effectiveness of risk management activities.
*   **Business Unit Heads / Risk Owners:** Are responsible for identifying, assessing, and managing risks within their respective areas of operation; developing and implementing appropriate mitigation strategies; and ensuring compliance with this policy.
*   **All Employees:** Are responsible for understanding and adhering to FSI's risk management principles, identifying and reporting potential risks to their managers or the Risk Management Department.

**7. Risk Register**

All identified risks, their associated assessments, and treatment plans must be documented in the Enterprise Risk Register. The Risk Management Department maintains the central Enterprise Risk Register, while individual business units may maintain their specific registers feeding into the enterprise view.

Each entry in the Enterprise Risk Register shall include, at a minimum, the following information:

*   **Risk ID:** Unique identifier for the risk.
*   **Risk Description:** Clear and concise description of the potential risk event.
*   **Business Unit/Process Affected:** The FSI department or operational process impacted.
*   **Asset(s) Impacted:** Key assets that would be affected if the risk materialized.
*   **Initial Impact Rating:** The assessed impact (Critical, High, Medium, Low).
*   **Risk Owner:** The individual or department accountable for managing the risk.
*   **Mitigation Strategy/Actions:** A summary of the planned or implemented controls and actions to address the risk.
*   **Action Owner:** The individual responsible for executing specific mitigation actions.
*   **Target Completion Date:** The deadline for completing mitigation actions.
*   **Current Status:** The current state of the risk (e.g., Open, In Progress, Mitigated, Closed).

**8. Policy Review**

This Enterprise Risk Assessment Policy will be reviewed on an ad-hoc basis by the Risk Management Department. Updates will be made as deemed necessary, particularly in response to significant organizational changes, shifts in the regulatory landscape, or major industry developments affecting FSI's risk profile.

**9. Related Documents**

*   FSI Information Security Policy
*   FSI Business Continuity Management Policy
*   FSI Crisis Management Plan
*   FSI Compliance Policy
*   FSI Third-Party Risk Management Policy

---",Partially Compliant,0.5,GAP_RA_003|GAP_RA_005|GAP_RA_007|GAP_RA_008,4,"The FSI Enterprise Risk Assessment Policy provides a foundational framework, including a documented methodology, risk identification procedures, impact scales, treatment options, and risk register requirements. However, it exhibits significant gaps concerning a complete risk analysis by explicitly omitting formal likelihood assessment scales. Furthermore, it lacks specific, mandatory triggers for conducting risk assessments (e.g., for new systems, major changes, or incidents), does not define a periodic review schedule for risks and the risk register, and fails to explicitly integrate risk assessment processes with project management or change management lifecycles. These omissions indicate areas of non-compliance with comprehensive standards like NCA ECC and ISO 27001.",1-5 Cybersecurity Risk Management,2026-02-02T02:19:53.261103
risk_assessment_en_partial_2_20260202022028,risk_assessment,en,partial,"## Horizon Telecom Risk Assessment Policy

**Document Version:** 1.0
**Effective Date:** October 26, 2023
**Review Date:** Ad-hoc

---

### 1. Introduction

Horizon Telecom is a critical regional telecommunications provider, committed to delivering reliable and secure connectivity services across our operational footprint. As an operator of Critical National Infrastructure (CNI), we recognize the imperative to identify, assess, and manage risks that could impact our services, reputation, and the safety and well-being of the communities we serve.

This policy outlines Horizon Telecom's fundamental approach to risk assessment, establishing a structured process for understanding potential adverse events and informing risk treatment decisions.

### 2. Purpose

The purpose of this policy is to:
*   Establish a consistent methodology for identifying and assessing risks across Horizon Telecom's operations, systems, and services.
*   Promote a proactive approach to risk management, safeguarding the integrity and continuity of our telecommunications infrastructure.
*   Support informed decision-making regarding resource allocation for risk mitigation activities.
*   Contribute to Horizon Telecom’s adherence to its CNI responsibilities and regulatory obligations.

### 3. Scope

This policy applies to all personnel, departments, and third-party contractors involved in the operation, maintenance, and development of Horizon Telecom's network infrastructure, IT systems, and service delivery processes. It encompasses all assets and activities critical to providing telecommunications services within our regional area.

### 4. Definitions

*   **Asset:** Any item that has value to Horizon Telecom, including physical infrastructure (e.g., cell towers, fiber optic cables), information systems, data, personnel, reputation, and services.
*   **Risk:** An uncertain event or condition that, if it occurs, has a positive or negative effect on Horizon Telecom's objectives.
*   **Risk Assessment:** The overall process of identifying, analyzing, and evaluating risks.
*   **Risk Mitigation:** Actions taken to reduce the impact of a risk.
*   **Risk Register:** A document used to record details of identified risks, their assessment, and current status.

### 5. Risk Assessment Methodology

Horizon Telecom employs a structured, yet flexible, approach to risk assessment designed to identify significant exposures. The process involves the following key steps:

#### 5.1 Asset Identification
Teams are responsible for identifying and documenting critical assets within their operational domain. This includes, but is not limited to:
*   Core network elements (e.g., switches, routers, transmission systems)
*   Access network components (e.g., base stations, DSLAMS, fiber distribution units)
*   Critical IT systems (e.g., billing, network management, customer support platforms)
*   Key data repositories (e.g., customer data, network configuration data)
*   Essential personnel and critical operational processes.

#### 5.2 Risk Identification
Following asset identification, potential risks are identified. This step focuses on identifying what *could go wrong* to Horizon Telecom's assets or operations. Risks are typically described as an event or situation that could adversely affect the confidentiality, integrity, availability, or operational efficiency of an asset or service.

Examples of identified risks include:
*   Loss of connectivity due to equipment failure.
*   Service disruption from natural disasters.
*   Unauthorized access to sensitive customer data.
*   Interruption of power supply to critical infrastructure.
*   Loss of key operational personnel.
*   Inability to meet regulatory service level agreements.

*Note: This stage focuses on identifying the adverse event itself, rather than a detailed analysis of specific threats or underlying vulnerabilities.*

#### 5.3 Impact Assessment
For each identified risk, an assessment of its potential impact on Horizon Telecom and its stakeholders is conducted. Impact is categorized based on the severity of consequences, without explicit consideration of the likelihood of the event occurring.

**Impact Categories:**

*   **Critical:** Widespread, long-term disruption to essential telecommunications services across multiple regions, severe impact on public safety or national security, catastrophic financial loss, irreparable damage to reputation, potential regulatory penalties leading to license revocation.
*   **High:** Significant, prolonged disruption to services in a major region, considerable impact on public safety (e.g., emergency service communication), substantial financial loss, severe reputational damage, significant regulatory fines or sanctions.
*   **Medium:** Localized or temporary disruption to services affecting a specific area or customer segment, moderate financial loss, noticeable reputational damage, minor regulatory non-compliance issues.
*   **Low:** Minor, brief service interruption with minimal customer impact, negligible financial loss, limited reputational effect, administrative non-compliance.

#### 5.4 Risk Prioritization
Risks are prioritized primarily based on their assessed impact. Risks with Critical impact are considered the highest priority, followed by High, Medium, and Low. This prioritization guides the allocation of resources for risk response planning.

#### 5.5 Risk Response
Once risks are prioritized, appropriate response strategies are determined. Common risk response strategies include:
*   **Mitigate:** Implementing controls or actions to reduce the impact of the risk.
*   **Accept:** Deciding to take no action, usually for risks with low impact or where mitigation costs outweigh benefits.
*   **Transfer:** Shifting the impact of a risk to a third party (e.g., insurance).
*   **Avoid:** Taking action to eliminate the risk altogether (e.g., discontinuing a problematic service).

### 6. Risk Register

Horizon Telecom maintains a centralized Risk Register to document identified risks and their current status. The Risk Register serves as a record of our risk posture and informs ongoing risk management efforts. Each entry in the register typically includes:
*   Unique Risk ID
*   Description of the Risk Event
*   Identified Impact Category (e.g., Critical, High, Medium, Low)
*   Current Mitigation Actions/Controls in place
*   Responsible Party/Department for managing the risk
*   Current Status (e.g., Open, Mitigated, Accepted)

*Note: The Risk Register is intended to provide a snapshot of known risks and does not explicitly track likelihood or detailed action plans for mitigation projects.*

### 7. Roles and Responsibilities

*   **Executive Management:** Provides strategic direction, approves significant risk responses, and champions a risk-aware culture.
*   **Head of Risk Management:** Oversees the implementation of this policy, maintains the central Risk Register, and provides guidance on risk assessment methodologies.
*   **Department Heads/Managers:** Responsible for identifying and assessing risks within their respective operational domains, ensuring local compliance with this policy, and implementing approved mitigation measures.
*   **All Employees:** Expected to report potential risks or security concerns to their direct manager or the Head of Risk Management.

### 8. Policy Review and Compliance

This policy is subject to periodic review by the Head of Risk Management, or as deemed necessary in response to significant operational changes within Horizon Telecom or its regulatory environment. Adherence to this policy is mandatory for all employees and relevant third parties. Non-compliance may result in disciplinary action.

---",Partially Compliant,0.25,GAP_RA_002|GAP_RA_003|GAP_RA_005|GAP_RA_006|GAP_RA_007|GAP_RA_008,6,"The Horizon Telecom Risk Assessment Policy provides a foundational framework but exhibits significant gaps concerning NCA ECC and ISO 27001 requirements. Critical deficiencies include the absence of detailed risk identification procedures, the explicit exclusion of likelihood assessment from risk analysis, and incomplete risk register requirements. Furthermore, the policy lacks defined mandatory triggers for risk assessments, a clear periodic review schedule, and integration with project management processes. These omissions indicate a need for substantial enhancement to align with comprehensive risk management standards.",1-5 Cybersecurity Risk Management,2026-02-02T02:20:28.176097
risk_assessment_en_partial_3_20260202022422,risk_assessment,en,partial,"## Regional University Information Security Risk Assessment Policy

---

**Document Control**

*   **Policy ID:** RU-IS-RA-003
*   **Version:** 1.0
*   **Approval Date:** October 26, 2023
*   **Review Date:** Ad-hoc
*   **Approving Authority:** Regional University Information Security Steering Committee

---

**1. Purpose**

The purpose of this policy is to establish a foundational framework for identifying and assessing information security risks across Regional University's (RU) cloud-first infrastructure and associated information assets. By consistently assessing risks, RU aims to improve its understanding of potential impacts to its educational mission, research activities, and administrative operations, thereby enabling more informed decision-making regarding security controls and resource allocation.

**2. Scope**

This policy applies to all departments, faculty, staff, students, contractors, and third-party vendors who interact with, manage, or are responsible for RU's information systems, data, and cloud services. It specifically covers all information assets, whether hosted on-premises or, more predominantly, within third-party cloud environments (e.g., SaaS, PaaS, IaaS providers).

**3. Definitions**

*   **Information Asset:** Any information or system that has value to RU, including data, software, hardware, services, and associated documentation.
*   **Risk:** The potential for an unwanted outcome resulting from an information security event or situation.
*   **Risk Assessment:** The process of identifying potential risks and evaluating their impact on RU.
*   **Cloud-First:** A strategic approach where RU prioritizes the adoption of cloud-based services and infrastructure over on-premises solutions where feasible.
*   **Information Security Steering Committee (ISSC):** The governing body responsible for overseeing RU's information security strategy and policies.

**4. Principles**

*   **Proactive Approach:** RU strives to identify and understand risks before they materialize.
*   **Mission Alignment:** Risk assessment activities should support RU's core educational, research, and administrative objectives.
*   **Informed Decision Making:** The output of risk assessments shall inform decisions regarding resource allocation and control implementation.
*   **Continuous Improvement:** The risk assessment process will evolve to meet changing organizational and technological landscapes.

**5. Risk Assessment Methodology**

RU employs a streamlined risk assessment methodology focused on understanding potential negative impacts to its operations, data, and reputation.

**5.1. Phase 1: Risk Identification**

The objective of this phase is to identify potential events or situations that could adversely affect RU's information assets and operations, particularly within its cloud environments. This phase focuses on *what could go wrong*.

*   **Process:**
    1.  **Asset Identification:** Relevant information assets (e.g., student information systems, research data repositories, learning management systems, administrative applications) are identified, along with their owners.
    2.  **Scenario Brainstorming:** Teams responsible for identified assets, in consultation with IT and security personnel, will brainstorm potential adverse scenarios or events. These scenarios often relate to:
        *   Unauthorized access to sensitive data (e.g., student PII, research intellectual property).
        *   Disruption of critical cloud services (e.g., learning management system outages, email service interruptions).
        *   Data integrity issues (e.g., accidental modification or corruption of academic records).
        *   Non-compliance with data privacy regulations (e.g., local educational data protection acts).
        *   Vendor lock-in or service degradation from cloud providers.
        *   Loss of intellectual property or research data.
        *   Accidental data exposure or deletion.
    3.  **Documentation:** Identified risks are briefly described in a clear and concise manner.

**5.2. Phase 2: Impact Assessment**

Once a risk is identified, its potential impact on RU's operations, reputation, and financial standing is assessed. This phase considers the severity of the consequences *if* the risk materializes. *No quantitative likelihood assessment is performed at this stage.*

*   **Impact Categories:**
    *   **High:** Severe and widespread disruption to critical operations, significant financial loss, major reputational damage (e.g., nationwide negative press), regulatory fines, significant legal liability, or compromise of highly sensitive data affecting a large population.
    *   **Medium:** Noticeable disruption to important operations, moderate financial implications, localized reputational damage, potential minor regulatory non-compliance, or compromise of sensitive data affecting a moderate population.
    *   **Low:** Minor disruption, negligible financial impact, minimal or no reputational damage, no regulatory or legal implications, or compromise of non-sensitive data affecting a small population.
*   **Process:**
    1.  For each identified risk, the asset owner, in conjunction with relevant stakeholders, will determine its potential impact based on the categories above.
    2.  Justification for the assigned impact level should be briefly documented.

**5.3. Phase 3: Risk Treatment and Mitigation**

Based on the identified risks and their assessed impact, appropriate measures are considered to reduce, transfer, accept, or avoid the risk.

*   **Process:**
    1.  For risks with Medium or High impact, potential mitigation strategies (e.g., implementing new security controls, enhancing existing ones, staff training, reviewing cloud provider contracts) are proposed.
    2.  Responsible parties for implementing these strategies are identified.

**5.4. Phase 4: Monitoring and Review**

Risks and their associated mitigation plans are subject to ongoing monitoring.

*   **Process:**
    1.  Risk owners are responsible for monitoring the effectiveness of mitigation strategies.
    2.  Significant changes in the environment or the nature of an identified risk should prompt a re-evaluation.

**6. Risk Register**

All identified risks, their assessed impact, and proposed treatment plans are recorded in a centralized Risk Register. The Risk Register serves as a dynamic repository for tracking RU's information security risk posture.

*   **Minimum Content of Risk Register:**
    *   Unique Risk ID
    *   Date Identified
    *   Risk Description (from Phase 1)
    *   Associated Information Asset(s)
    *   Assigned Impact (High, Medium, Low)
    *   Proposed Mitigation Strategy
    *   Responsible Party for Mitigation

**7. Roles and Responsibilities**

*   **Information Security Steering Committee (ISSC):** Provides oversight, approves this policy, and reviews overall risk posture.
*   **Chief Information Officer (CIO):** Responsible for the overall implementation and enforcement of this policy.
*   **Information Security Officer (ISO):** Facilitates risk assessment processes, maintains the Risk Register, and provides guidance on security controls.
*   **Information Asset Owners:** Responsible for identifying risks related to their assets, assessing their impact, and proposing mitigation strategies.
*   **Department Heads/Deans:** Ensure compliance with this policy within their respective areas.
*   **All Faculty, Staff, and Students:** Expected to adhere to security policies and report potential risks or incidents.

**8. Policy Review**

This policy shall be reviewed periodically on an ad-hoc basis, or in response to significant changes in RU's operational environment, cloud strategy, or after major security incidents.

**9. Exceptions**

Any requests for exceptions to this policy must be submitted in writing to the Information Security Officer for review and approval by the Information Security Steering Committee. Exceptions will only be granted under exceptional circumstances and must include compensating controls where appropriate.

**10. Related Documents**

*   RU Acceptable Use Policy
*   RU Data Classification Policy
*   RU Cloud Computing Policy
*   RU Incident Response Plan",Partially Compliant,0.375,,0,"The risk assessment policy provides a basic framework for risk identification, impact assessment, and treatment. However, it lacks a fully documented risk methodology, specific procedures for risk identification, a quantitative likelihood assessment scale, mandatory triggers for risk assessments, a defined periodic review schedule, and explicit integration with project management processes. These omissions represent significant gaps against comprehensive standards like ISO 27001 and NCA ECC.",1-5 Cybersecurity Risk Management,2026-02-02T02:24:22.487324
risk_assessment_ar_partial_1_20260202022505,risk_assessment,ar,partial,"## سياسة تقييم وإدارة المخاطر

**الشركة:** [اسم الشركة اللوجستية]
**الرقم المرجعي للسياسة:** RM-POL-2024-001
**تاريخ السريان:** 15 مايو 2024
**الإصدار:** 1.0
**المراجع:** [تترك فارغة لتعكس نقصاً، أو يمكن وضع ""المتطلبات التشغيلية الداخلية""]

---

### 1. المقدمة

تدرك شركة [اسم الشركة اللوجستية]، بصفتها مشغلًا رئيسيًا في البنية التحتية الوطنية الحرجة وشركة لوجستية سريعة النمو، الأهمية الحيوية لإدارة المخاطر الفعالة. تهدف هذه السياسة إلى توفير إطار عمل منهجي لتحديد المخاطر وتقييم تأثيرها المحتمل على عمليات الشركة وسمعتها واستمراريتها. إن تطبيق هذه السياسة يسهم في حماية أصولنا، وضمان سلامة موظفينا، والحفاظ على موثوقية خدماتنا اللوجستية الأساسية.

### 2. الغرض

الغرض من هذه السياسة هو:
*   توفير منهجية أساسية وموحدة لتحديد وتقييم المخاطر في جميع أنحاء الشركة.
*   تمكين اتخاذ قرارات مستنيرة بشأن كيفية إدارة المخاطر المحددة.
*   دعم استمرارية الأعمال وحماية البنية التحتية الحيوية التي تديرها الشركة.

### 3. النطاق

تنطبق هذه السياسة على جميع العمليات والأنظمة والمشاريع والأصول والبيانات والموظفين والمقاولين الخارجيين العاملين نيابة عن شركة [اسم الشركة اللوجستية]. ويشمل ذلك جميع الجوانب التشغيلية والتقنية والإدارية المتعلقة بسلسلة التوريد، وإدارة المستودعات، والنقل، وتكنولوجيا المعلومات، والامتثال التنظيمي.

### 4. الأدوار والمسؤوليات

*   **مجلس الإدارة والإدارة العليا:** المسؤولية النهائية عن الإشراف على إدارة المخاطر وتخصيص الموارد اللازمة.
*   **لجنة إدارة المخاطر (أو ما يعادلها):** مراجعة تقييمات المخاطر، وتقديم التوجيه، وضمان تنفيذ استجابات المخاطر. (في هذه المرحلة، قد تكون مكونة من مديري الأقسام الرئيسية).
*   **مديرو الأقسام:** تحديد المخاطر داخل أقسامهم، وضمان تنفيذ ضوابط التخفيف، والمساهمة في تحديث سجل المخاطر.
*   **منسق إدارة المخاطر (رئيس العمليات أو الموارد البشرية):** الإشراف على صيانة سجل المخاطر، وتسهيل تقييمات المخاطر، وتقديم تقارير إلى الإدارة العليا.
*   **جميع الموظفين:** مسؤولون عن الإبلاغ عن أي مخاطر محتملة أو حوادث أمنية إلى مديريهم المباشرين.

### 5. منهجية تقييم المخاطر

تتبع شركة [اسم الشركة اللوجستية] منهجية أساسية لتقييم المخاطر تتكون من الخطوات التالية:

#### 5.1 تحديد المخاطر

يتم تحديد المخاطر المحتملة من خلال:
*   جلسات العصف الذهني وورش العمل مع أصحاب المصلحة الرئيسيين.
*   مراجعة الحوادث السابقة والدروس المستفادة.
*   تحليل العمليات التشغيلية وسلاسل التوريد.
*   مراجعة لوائح الصناعة ومعاييرها.

**تحديد المخاطر سيتضمن تحديد المخاطر المحتملة المتعلقة بما يلي:**
*   **المخاطر التشغيلية:** تعطيل سلسلة التوريد، تعطل المعدات، الخطأ البشري، حوادث النقل، تأخير التسليم.
*   **مخاطر تكنولوجيا المعلومات والأمن السيبراني:** تعطل النظام، اختراق البيانات، الفشل في أمن الشبكة، تعطل البرمجيات الحيوية.
*   **مخاطر الامتثال واللوائح:** عدم الالتزام بلوائح النقل، معايير السلامة، متطلبات التخليص الجمركي.
*   **المخاطر البيئية والكوارث الطبيعية:** الظواهر الجوية القاسية، الزلازل، الفيضانات التي تؤثر على البنية التحتية اللوجستية.
*   **المخاطر المالية:** تقلبات أسعار الوقود، مخاطر الائتمان، تقلبات العملة.
*   **مخاطر السمعة:** عدم الوفاء بوعود العملاء، الحوادث الكبرى التي تؤثر على ثقة الجمهور.

*(ملاحظة: لا تتضمن هذه المرحلة تحليلاً مفصلاً للتهديدات أو الثغرات الأمنية المحددة.)*

#### 5.2 تقييم التأثير

بمجرد تحديد المخاطر، يتم تقييم تأثيرها المحتمل على عمليات الشركة. سيركز هذا التقييم على حجم الضرر أو الاضطراب الذي يمكن أن تحدثه المخاطر.

يتم تصنيف مستويات التأثير على النحو التالي:

| مستوى التأثير | الوصف العام | التأثير على [اسم الشركة اللوجستية] (أمثلة) |
| :------------ | :---------- | :--------------------------------------- |
| **حرج (Critical)** | خسارة أو ضرر كارثي، يهدد استمرارية العمل. | توقف العمليات الوطنية الرئيسية لأكثر من 48 ساعة، خسائر مالية فادحة (>10 مليون دولار)، ضرر دائم للسمعة، إصابات خطيرة أو وفيات. |
| **عالي (High)** | ضرر كبير أو اضطراب يؤثر على العمليات الأساسية. | توقف العمليات الإقليمية/الوطنية لأكثر من 24 ساعة، خسائر مالية كبيرة (1-10 مليون دولار)، عقوبات تنظيمية كبيرة، ضرر كبير للسمعة. |
| **متوسط (Medium)** | ضرر ملحوظ أو اضطراب يؤثر على بعض العمليات. | توقف عمليات فرع أو موقع لأكثر من 8 ساعات، خسائر مالية (100 ألف - 1 مليون دولار)، خرق بسيط للوائح، شكاوى عملاء واسعة. |
| **منخفض (Low)** | ضرر بسيط أو اضطراب يمكن إدارته بسهولة. | توقف قصير الأمد لعملية واحدة، خسائر مالية (<100 ألف دولار)، تأخيرات بسيطة في التسليم، شكوى عميل فردية. |

*(ملاحظة: لا يتم استخدام مقاييس الاحتمالية في هذا التقييم، ولا يتم تقدير تكرار وقوع المخاطر.)*

#### 5.3 استجابة المخاطر

بناءً على تقييم التأثير، يتم اتخاذ قرارات بشأن كيفية التعامل مع كل خطر:
*   **التخفيف (Mitigate):** اتخاذ إجراءات لتقليل التأثير.
*   **القبول (Accept):** قبول الخطر إذا كان التأثير منخفضًا أو إذا كانت تكلفة التخفيف تفوق الفائدة.
*   **النقل (Transfer):** نقل جزء من الخطر إلى طرف ثالث (مثل التأمين).
*   **التجنب (Avoid):** تغيير الخطط أو العمليات لتجنب الخطر تمامًا.

### 6. سجل المخاطر

سيتم الاحتفاظ بسجل مركزي للمخاطر في مستودع آمن ومتاح للموظفين المعنيين. يجب أن يتضمن سجل المخاطر الأساسي العناصر التالية لكل خطر محدد:

*   **معرف الخطر:** (على سبيل المثال، RM-OP-001)
*   **وصف الخطر:** (شرح موجز للحدث الخطر)
*   **القسم المسؤول:** (القسم الذي ينشأ منه الخطر أو يتأثر به بشكل مباشر)
*   **تاريخ التحديد:**
*   **المسؤول عن الخطر:** (اسم الفرد أو الدور المسؤول عن إدارة الخطر)
*   **مستوى التأثير:** (حرج، عالي، متوسط، منخفض - بناءً على التقييم في 5.2)
*   **الاستجابة المقترحة:** (التخفيف، القبول، النقل، التجنب)
*   **الإجراءات المتخذة:** (وصف موجز للضوابط أو الإجراءات المنفذة)

*(ملاحظة: لا يتضمن سجل المخاطر هذا تفاصيل عن احتمالية الحدوث، أو حالة الخطر الحالية، أو تاريخ المراجعة، أو المخاطر المتبقية بعد تطبيق الضوابط.)*

### 7. المراجعة والتحديث

ستتم مراجعة هذه السياسة وسجل المخاطر وتحديثهما حسب الحاجة لضمان استمرارية ملاءمتهما وفعاليتهما. سيتم إجراء المراجعات في حالة وقوع حوادث كبيرة أو تغييرات تشغيلية أو توجيهات من الإدارة العليا.

*(ملاحظة: لا يحدد هذا القسم فترات مراجعة مخططة ومنتظمة للسياسة أو سجل المخاطر، مثل مراجعة سنوية أو نصف سنوية.)*

### 8. الامتثال والإنفاذ

يعد الامتثال لهذه السياسة إلزاميًا لجميع الموظفين والمقاولين. سيؤدي عدم الامتثال إلى اتخاذ إجراءات تأديبية وفقًا لسياسات الشركة.

### 9. التعاريف

*   **الخطر:** حدث أو ظرف محتمل يمكن أن يكون له تأثير سلبي على الأهداف.
*   **تقييم المخاطر:** العملية الشاملة لتحديد المخاطر وتقييم تأثيرها.
*   **سجل المخاطر:** وثيقة تسجل تفاصيل المخاطر المحددة وتقييماتها واستجاباتها.

---

### الملحق أ: نموذج سجل المخاطر الأساسي

| معرف الخطر | وصف الخطر | القسم المسؤول | تاريخ التحديد | المسؤول عن الخطر | مستوى التأثير | الاستجابة المقترحة | الإجراءات المتخذة |
| :-------- | :--------- | :------------ | :------------ | :--------------- | :------------- | :---------------- | :--------------- |
| RM-OP-001 | تعطل نظام إدارة المستودعات (WMS) | العمليات / تكنولوجيا المعلومات | 2024-05-10 | رئيس العمليات | حرج | التخفيف | النسخ الاحتياطي للبيانات يوميًا، خطة استعادة يدوية أساسية |
| RM-SC-002 | تأخير كبير في تسليم المورد الرئيسي | المشتريات | 2024-05-12 | مدير المشتريات | عالي | التخفيف | تحديد مورد بديل ثانوي |
| RM-CY-003 | هجوم برامج الفدية (Ransomware) على شبكة الشركة | تكنولوجيا المعلومات | 2024-05-15 | مدير تكنولوجيا المعلومات | حرج | التخفيف | جدران حماية أساسية، تدريب الموظفين على التصيد الاحتيالي |
| RM-HR-004 | نقص السائقين المؤهلين | الموارد البشرية | 2024-05-16 | مدير الموارد البشرية | متوسط | التخفيف | برامج تدريب داخلي |
| RM-TR-005 | عطل ميكانيكي لأسطول الشاحنات | النقل | 2024-05-18 | مدير النقل | عالي | التخفيف | جدول صيانة وقائية منتظم |

---
**تمت الموافقة من قبل:**

[اسم وتوقيع رئيس مجلس الإدارة/الرئيس التنفيذي]
**المنصب:** الرئيس التنفيذي
**التاريخ:** 15 مايو 2024",Partially Compliant,0.375,GAP_RA_003|GAP_RA_005|GAP_RA_006|GAP_RA_007|GAP_RA_008,5,تُقدم وثيقة سياسة تقييم وإدارة المخاطر إطارًا أساسيًا لإدارة المخاطر، بما في ذلك منهجية عامة لتحديد المخاطر وتقييم التأثير وخيارات الاستجابة. ومع ذلك، تفتقر الوثيقة إلى عدة عناصر حاسمة للتوافق مع ضوابط ECC و ISO 27001. أبرز الثغرات تشمل الغياب التام لمقاييس تقييم الاحتمالية، وعدم وجود محفزات إلزامية وشاملة لتقييم المخاطر (خاصة الدورية وللمشاريع الجديدة/التغييرات الكبيرة)، وسجل مخاطر غير مكتمل يفتقر إلى تفاصيل أساسية مثل المخاطر المتبقية وتواريخ المراجعة، وعدم تحديد جدول زمني للمراجعة الدورية للسياسة والسجل. كما أنها لا توضح كيفية دمج تقييم المخاطر في إدارة المشاريع. تتطلب هذه الثغرات تحسينات جوهرية لضمان فعالية وكفاءة إدارة المخاطر.,1-5 Cybersecurity Risk Management,2026-02-02T02:25:05.592197
risk_assessment_ar_partial_2_20260202022542,risk_assessment,ar,partial,"## سياسة تقييم وإدارة المخاطر

**شركة [اسم مزود الاتصالات] الدولية**

**1. المقدمة**

تلتزم شركة [اسم مزود الاتصالات] بالحفاظ على بيئة تشغيلية آمنة ومستقرة عبر جميع عملياتها العالمية، مع إيلاء اهتمام خاص لأمن القوى العاملة عن بُعد وبياناتها الحساسة. تضع هذه السياسة إطاراً لتقييم المخاطر المنهجي لتحديد المخاطر التي قد تؤثر على أصولنا وعملياتنا وسمعتنا، وخصوصاً تلك المتعلقة ببيئة العمل عن بُعد المتنامية.

**2. الغرض**

الغرض من هذه السياسة هو:
*   توفير منهجية أساسية لتحديد وتقييم وتوثيق المخاطر المحتملة التي تواجه [اسم مزود الاتصالات].
*   دعم اتخاذ قرارات مستنيرة بشأن معالجة المخاطر لتقليل التأثيرات السلبية المحتملة.
*   تعزيز ثقافة الوعي بالمخاطر داخل المنظمة، مع التركيز بشكل خاص على تحديات الأمن السيبراني والتشغيلي لبيئة العمل عن بُعد.

**3. النطاق**

تنطبق هذه السياسة على جميع الإدارات والمشاريع والأنظمة والعمليات والأصول التي تملكها أو تديرها أو تتعامل معها [اسم مزود الاتصالات] على مستوى العالم. ويشمل ذلك، على سبيل المثال لا الحصر:
*   البنية التحتية لشبكات الاتصالات العالمية.
*   أنظمة وتطبيقات تكنولوجيا المعلومات الداخلية والخارجية.
*   بيانات العملاء والموظفين الحساسة.
*   أجهزة ونظم القوى العاملة عن بُعد (مثل أجهزة الكمبيوتر المحمولة، الأجهزة اللوحية، الهواتف الذكية).
*   الوصول عن بُعد إلى أنظمة الشركة وشبكاتها.
*   الخدمات والمنتجات المقدمة لعملائنا.

**4. التعاريف**

*   **المخاطر (Risk):** حدث محتمل قد يسبب ضرراً للأصول أو العمليات أو الأهداف التنظيمية.
*   **الأصول (Asset):** أي شيء ذي قيمة للمنظمة (مثل البيانات، الأنظمة، الموظفين، السمعة).
*   **التأثير (Impact):** حجم الضرر أو الخسارة المحتملة في حال تحقق الخطر.
*   **التخفيف (Mitigation):** الإجراءات المتخذة لتقليل احتمالية حدوث الخطر أو تخفيف تأثيره.

**5. الأدوار والمسؤوليات**

*   **الرئيس التنفيذي لأمن المعلومات (CISO):** يمتلك المسؤولية الشاملة عن سياسة تقييم وإدارة المخاطر.
*   **فريق إدارة المخاطر (Risk Management Team):** مسؤول عن تنفيذ منهجية تقييم المخاطر، وتوجيه الإدارات، ومراجعة سجل المخاطر.
*   **مديرو الأقسام ورؤساء الفرق:** مسؤولون عن تحديد المخاطر داخل مجالاتهم التشغيلية ومشاركة المعلومات مع فريق إدارة المخاطر.
*   **جميع الموظفين:** مسؤولون عن الإبلاغ عن أي مخاوف تتعلق بالمخاطر أو نقاط ضعف محتملة إلى مشرفيهم أو فريق أمن المعلومات.

**6. منهجية تقييم المخاطر الأساسية**

ستقوم [اسم مزود الاتصالات] بتطبيق منهجية تقييم مخاطر أساسية تتكون من الخطوات التالية:

**6.1. تحديد الأصول**
يجب تحديد الأصول المهمة للمنظمة، بما في ذلك أجهزة القوى العاملة عن بُعد، البيانات الحساسة المخزنة أو المنقولة، الأنظمة الرئيسية، والخدمات الحيوية.

**6.2. تحديد المخاطر**
سيتم تحديد المخاطر المحتملة التي قد تؤثر على الأصول المحددة. يشمل ذلك النظر في السيناريوهات التي قد تؤدي إلى تعطيل العمليات أو فقدان البيانات أو الوصول غير المصرح به.
*   **أمثلة على المخاطر المتعلقة بالعمل عن بُعد:**
    *   الوصول غير المصرح به إلى شبكة الشركة عبر نقاط نهاية غير آمنة.
    *   تسرب بيانات حساسة من أجهزة العمل عن بُعد.
    *   هجمات التصيد الاحتيالي التي تستهدف الموظفين عن بُعد.
    *   عدم امتثال الأجهزة الشخصية لسياسات الأمان.
    *   انقطاع الخدمة بسبب عدم استقرار اتصالات الإنترنت المنزلية.

**6.3. تقييم التأثير**
لكل خطر محدد، سيتم تقييم تأثيره المحتمل على المنظمة. لا توجد مقاييس محددة للاحتمالية حالياً، ولكن سيتم تقدير التأثير بناءً على المعايير التالية:

| مستوى التأثير | الوصف                                                               |
| :------------ | :----------------------------------------------------------------- |
| **منخفض**     | تأثير بسيط على العمليات، خسارة مالية لا تذكر، ضرر محدود للسمعة. |
| **متوسط**     | تعطيل جزئي للعمليات، خسارة مالية معتبرة، ضرر متوسط للسمعة.      |
| **مرتفع**      | توقف كبير للعمليات، خسارة مالية كبيرة، ضرر بالغ للسمعة.        |

**6.4. معالجة المخاطر**
بناءً على تقييم التأثير، سيتم تحديد استراتيجيات معالجة المخاطر المناسبة. قد تشمل هذه الاستراتيجيات:
*   **التخفيف (Mitigation):** تطبيق ضوابط لتقليل المخاطر.
*   **القبول (Acceptance):** قبول المخاطر إذا كان التأثير منخفضاً أو كانت تكلفة التخفيف تفوق الفائدة.
*   **التحويل (Transfer):** نقل المخاطر إلى طرف ثالث (مثل التأمين).
*   **التجنب (Avoidance):** اتخاذ إجراءات لتجنب النشاط الذي يسبب المخاطر.

**6.5. التوثيق**
يجب توثيق جميع نتائج تقييم المخاطر في سجل المخاطر.

**7. سجل المخاطر**

سيتم الاحتفاظ بسجل مخاطر مركزي لتوثيق جميع المخاطر المحددة، وتقييماتها، وخطط معالجتها. يهدف سجل المخاطر إلى توفير نظرة عامة واضحة على الوضع الحالي للمخاطر في [اسم مزود الاتصالات].

**العناصر الأساسية في سجل المخاطر:**

*   **معرف المخاطر (Risk ID):** رقم تعريف فريد.
*   **وصف المخاطر (Risk Description):** وصف موجز وواضح للخطر.
*   **الأصول المتأثرة (Affected Assets):** الأصول المعرضة للخطر.
*   **التأثير المحدد (Identified Impact):** مستوى التأثير المقدر (منخفض، متوسط، مرتفع).
*   **الإجراءات المقترحة للتخفيف (Proposed Mitigation Actions):** الإجراءات الموصى بها لمعالجة الخطر.
*   **المالك (Owner):** الفرد أو القسم المسؤول عن إدارة الخطر ومعالجته.
*   **الحالة (Status):** (مفتوح، قيد التنفيذ، مغلق).

**8. مراجعة السياسة**

تتم مراجعة هذه السياسة حسب الحاجة، أو في حالة حدوث تغييرات كبيرة في بيئة الأعمال، أو ظهور مخاطر جديدة، لضمان استمرار ملاءمتها وفعاليتها.

**9. الامتثال**

يجب على جميع الموظفين والشركاء الخارجيين الذين يعملون مع [اسم مزود الاتصالات] الالتزام بهذه السياسة. قد يؤدي عدم الامتثال إلى اتخاذ إجراءات تأديبية وفقاً لسياسات الشركة. تهدف هذه السياسة إلى دعم التزام [اسم مزود الاتصالات] بالمتطلبات التنظيمية ومعايير الصناعة ذات الصلة.

---
**معلومات الوثيقة:**

*   **اسم الوثيقة:** سياسة تقييم وإدارة المخاطر
*   **الرقم المرجعي:** PRM-POL-001
*   **الإصدار:** 1.0
*   **تاريخ الإصدار:** 2023-10-27
*   **المالك:** الرئيس التنفيذي لأمن المعلومات (CISO)
*   **المراجعة التالية:** حسب الحاجة",Partially Compliant,0.375,GAP_RA_002|GAP_RA_003|GAP_RA_005|GAP_RA_007|GAP_RA_008,5,تحدد الوثيقة منهجية أساسية لتقييم المخاطر وتوثيقها، مع تحديد الأدوار والمسؤوليات ومتطلبات سجل المخاطر. ومع ذلك، تفتقر الوثيقة إلى إجراءات مفصلة لتحديد المخاطر، وتغيب عنها مقاييس تقييم الاحتمالية بشكل صريح. كما أنها لا تحدد محفزات إلزامية واضحة لإجراء تقييمات المخاطر (مثل التغييرات الكبيرة أو المشاريع الجديدة)، وتفتقر إلى جدول زمني دوري لمراجعة عملية تقييم المخاطر، ولا تدمج إدارة المخاطر بشكل صريح مع إدارة المشاريع. هذه الثغرات تقلل من توافقها الكامل مع ضوابط ECC و ISO 27001.,1-5 Cybersecurity Risk Management,2026-02-02T02:25:42.607067
risk_assessment_ar_partial_3_20260202022617,risk_assessment,ar,partial,"## سياسة تقييم وإدارة المخاطر لأمن المعلومات

**المنظمة:** [اسم منظمة الرعاية الصحية]
**الوثيقة رقم:** SEC-POL-RISK-001
**الإصدار:** 1.0
**تاريخ السريان:** 2023-10-26
**المراجعة التالية:** حسب الحاجة

---

### 1. الغرض

تحدد هذه السياسة الإطار الأساسي لتقييم وإدارة مخاطر أمن المعلومات ضمن [اسم منظمة الرعاية الصحية]. الهدف هو حماية أصول المعلومات الحيوية للمنظمة، بما في ذلك بيانات المرضى الحساسة، معلومات الملكية، والأنظمة التشغيلية، وخاصة تلك المستضافة في بيئات الحوسبة السحابية. تهدف هذه السياسة إلى دعم عمليات اتخاذ القرار وتخصيص الموارد بشكل فعال لضمان استمرارية الخدمات وامتثالها للمتطلبات التنظيمية المتعلقة بالرعاية الصحية، مع الأخذ في الاعتبار طبيعة المنظمة كشركة نامية تركز على البنية التحتية السحابية أولاً.

### 2. النطاق

تنطبق هذه السياسة على جميع أصول المعلومات، والأنظمة، والتطبيقات، والبيانات (المرتبطة بالمرضى، والمالية، والتشغيلية) التي تمتلكها أو تعالجها أو تخزنها [اسم منظمة الرعاية الصحية]، بغض النظر عن موقعها (محليًا أو في السحابة) أو طريقة استضافتها. يشمل النطاق جميع الموظفين، والمقاولين، والجهات الخارجية التي تتعامل مع معلومات المنظمة.

### 3. التعاريف

*   **الأصل:** أي شيء ذو قيمة للمنظمة، مثل البيانات، الأجهزة، البرامج، الخدمات السحابية، الموظفين، السمعة.
*   **المخاطرة:** احتمال وقوع حدث قد يؤثر سلبًا على سرية أو تكامل أو توفر أصول المعلومات.
*   **التأثير:** حجم الضرر الذي قد ينتج عن وقوع خطر.
*   **سجل المخاطر:** وثيقة يتم فيها تسجيل المخاطر المحددة، وتقييمها، وحالة إدارتها.

### 4. الأدوار والمسؤوليات

*   **الإدارة العليا:** مسؤولة عن دعم هذه السياسة، وتوفير الموارد اللازمة، والموافقة على مستويات المخاطر المقبولة.
*   **فريق أمن المعلومات:** مسؤول عن تنفيذ عملية تقييم المخاطر، وصيانة سجل المخاطر، وتقديم توصيات لمعالجة المخاطر.
*   **رؤساء الأقسام/أصحاب الأصول:** مسؤولون عن تحديد الأصول ضمن نطاق مسؤوليتهم، والمساهمة في تحديد المخاطر، وضمان تنفيذ ضوابط المخاطر المعتمدة.
*   **جميع الموظفين:** مسؤولون عن الإبلاغ عن أي حوادث أو مخاوف تتعلق بالأمن قد تؤثر على المخاطر.

### 5. منهجية تقييم المخاطر

تتبنى [اسم منظمة الرعاية الصحية] منهجية أساسية لتقييم المخاطر تتكون من الخطوات التالية:

**5.1. تحديد الأصول**
يتم تحديد وتوثيق جميع أصول المعلومات ضمن النطاق. يجب أن يشمل ذلك البيانات (مثل سجلات المرضى الصحية الإلكترونية)، والأنظمة والتطبيقات (بما في ذلك تلك المستضافة على السحابة)، والبنية التحتية السحابية، والخدمات السحابية للطرف الثالث. يتم تعيين مالك لكل أصل.

**5.2. تحديد المخاطر**
بعد تحديد الأصول، يتم تحديد الأحداث المحتملة التي قد تؤثر سلبًا على سرية، وتكامل، وتوفر تلك الأصول. تركز هذه الخطوة على ""ماذا يمكن أن يحدث؟"" لكل أصل.

**5.3. تقييم التأثير**
يتم تقييم التأثير المحتمل للمخاطر المحددة على أصول المنظمة. يتم تصنيف التأثير بناءً على المعايير التالية:

*   **منخفض:** تأثير ضئيل على العمليات، قد يتطلب بعض التعديلات الطفيفة، تأثير مالي أو تشغيلي محدود.
*   **متوسط:** تعطيل ملحوظ للعمليات، قد يتطلب استعادة كبيرة، تأثير مالي أو تشغيلي معتدل.
*   **مرتفع:** تعطيل كبير أو فقدان للعمليات الحرجة، قد يؤثر على سلامة المرضى أو يسبب انتهاكات للخصوصية، تأثير مالي وتشغيلي كبير.
*   **حرج:** فقدان كامل للوظائف الحرجة، انتهاك خطير لبيانات المرضى مع عواقب قانونية وسمعة مدمرة، تهديد مباشر لسلامة المرضى.

**ملاحظة:** لا يتم تقييم احتمالية وقوع المخاطر في هذه المنهجية.

**5.4. استجابة المخاطر**
بعد تقييم التأثير، يتم تحديد استجابة مناسبة لكل مخاطرة. تشمل خيارات الاستجابة:

*   **التخفيف (Mitigate):** تطبيق ضوابط لتقليل التأثير.
*   **القبول (Accept):** قبول المخاطرة إذا كان تأثيرها منخفضًا وتكلفة التخفيف تفوق الفائدة.
*   **التحويل (Transfer):** نقل المخاطرة إلى طرف ثالث (مثل التأمين أو الاستعانة بمصادر خارجية).
*   **التجنب (Avoid):** تغيير العملية أو النظام لتجنب المخاطرة تمامًا.

### 6. سجل المخاطر

تحتفظ [اسم منظمة الرعاية الصحية] بسجل مخاطر مركزي لتوثيق جميع المخاطر المحددة وإدارتها. يجب أن يحتوي سجل المخاطر على المعلومات الأساسية التالية لكل مخاطرة:

*   معرف المخاطرة الفريد
*   وصف المخاطرة
*   الأصول المتأثرة
*   فئة التأثير (منخفض، متوسط، مرتفع، حرج)
*   الإجراءات المقترحة للاستجابة
*   مالك المخاطرة
*   تاريخ آخر تحديث

يجب أن يكون سجل المخاطر متاحًا لأصحاب المصلحة المعنيين.

### 7. مراجعة السياسة وسجل المخاطر

تتم مراجعة هذه السياسة وسجل المخاطر على أساس ""حسب الحاجة"" أو عند حدوث تغييرات جوهرية في بيئة المنظمة أو متطلبات الامتثال، أو بعد وقوع حادث أمني كبير. تضمن المراجعات أن تظل السياسة وسجل المخاطر ملائمين وفعالين.

---

### الملحق أ: نموذج سجل المخاطر (مثال)

| معرف المخاطرة | وصف المخاطرة                                    | الأصول المتأثرة            | فئة التأثير | الإجراءات المقترحة للاستجابة                  | مالك المخاطرة      | تاريخ آخر تحديث |
| :------------ | :--------------------------------------------- | :------------------------ | :---------- | :----------------------------------------- | :---------------- | :-------------- |
| RISK-001      | وصول غير مصرح به إلى بيانات المرضى في السحابة | قاعدة بيانات المرضى السحابية | حرج        | تطبيق مصادقة متعددة العوامل (MFA) | رئيس أمن المعلومات | 2023-10-25      |
| RISK-002      | تعطل خدمة الحوسبة السحابية                       | نظام السجلات الطبية الإلكترونية | مرتفع       | تطوير خطة استمرارية الأعمال                | مدير تكنولوجيا المعلومات | 2023-10-25      |
| RISK-003      | فقدان بيانات الموظفين بسبب خطأ بشري          | ملفات الموظفين على السحابة  | متوسط      | تنفيذ تدريب توعية أمنية                      | مدير الموارد البشرية | 2023-10-25      |
| RISK-004      | هجمات التصيد الاحتيالي الناجحة                   | حسابات بريد الموظفين       | مرتفع       | برامج تدريب متقدمة ضد التصيد               | رئيس أمن المعلومات | 2023-10-25      |",Partially Compliant,0.5,GAP_RA_003|GAP_RA_005|GAP_RA_007|GAP_RA_008,4,تحدد الوثيقة إطارًا أساسيًا لتقييم المخاطر، بما في ذلك تحديد الأصول والمخاطر، وتقييم التأثير، وخيارات الاستجابة، ومتطلبات سجل المخاطر. ومع ذلك، تفتقر المنهجية بشكل صريح إلى تقييم احتمالية وقوع المخاطر، وهو عنصر أساسي في تقييم المخاطر الشامل وفقًا لمعايير ISO 27001. كما أن الوثيقة لا تحدد جدولًا زمنيًا دوريًا إلزاميًا لمراجعة المخاطر، بل تعتمد على المراجعة 'حسب الحاجة' أو عند حدوث تغييرات جوهرية، مما لا يتوافق مع متطلبات المراجعة الدورية المخطط لها. بالإضافة إلى ذلك، لا تتضمن السياسة أي إشارة إلى دمج عملية تقييم المخاطر مع إدارة المشاريع، وهو جانب مهم لضمان الأمن في المبادرات الجديدة.,1-5 Cybersecurity Risk Management,2026-02-02T02:26:17.914759
risk_assessment_en_weak_1_20260202022650,risk_assessment,en,weak,"## **Horizon Logistics Co. Risk Assessment Guideline**

**Document ID:** HLC-RA-001-V1
**Effective Date:** January 15, 2024
**Version:** 1.0

---

### **1. Purpose**

This guideline outlines Horizon Logistics Co.'s general approach to understanding potential risks that could affect our operations and objectives. It aims to encourage a common-sense appreciation for challenges and to support decision-making across the company.

### **2. Scope**

This guideline applies to all departments, facilities, and personnel of Horizon Logistics Co., including our extensive remote workforce and distributed operational sites. It broadly covers risks to our business processes, information, and reputation.

### **3. Guiding Principles**

*   Be aware of potential problems.
*   Think about what might happen if things go wrong.
*   Try to do something about it if possible.

### **4. Policy Statements**

Horizon Logistics Co. is committed to broadly considering risks, however, specific implementation details are left to individual teams.

#### **4.1 Identifying Risks**

Risks should be identified through general observation and discussion amongst team members. Employees are encouraged to simply think about what potential issues might arise in their daily tasks or within their department. There is no specific format for documenting these observations.

#### **4.2 Risk Evaluation**

Once a potential risk has been noted, its significance should be broadly considered. Risks are generally categorized into one of three levels:

*   **High:** Seems like a really big problem.
*   **Medium:** Could be a problem, but maybe not huge.
*   **Low:** Probably not a big deal.

These classifications are based on the collective judgment of the individuals involved. No formal criteria or scales are provided for determining what constitutes ""High,"" ""Medium,"" or ""Low"" for either the likelihood of the risk occurring or its potential impact.

#### **4.3 Addressing Risks**

After a risk has been broadly evaluated, the relevant department or team is expected to decide what action, if any, needs to be taken. This might involve discussing options or just keeping an eye on the situation. There are no predefined methods or strategies for addressing identified risks. Management will ensure risks are handled appropriately.

#### **4.4 Remote Workforce and Security Risks**

For our remote workforce, general cybersecurity awareness and physical security best practices are encouraged. Risks related to remote work environments (e.g., home network security, personal device usage for company data, physical security of company assets in remote locations) should be considered in the same general manner as other operational risks.

### **5. Roles and Responsibilities**

*   **All Employees:** Expected to be generally aware of risks in their area of work.
*   **Team Leaders/Department Heads:** Responsible for encouraging discussion about risks within their teams and deciding how to address them.
*   **Executive Management:** Provides general oversight and encourages a risk-aware culture.

Specific accountabilities for initiating, conducting, or approving risk assessments are not formally assigned.

### **6. Triggers for Risk Assessment**

Risk assessments should be performed whenever an individual or team lead feels it is necessary, or when a new initiative or significant change is being considered. There are no mandatory triggers or regular schedules for conducting formal risk assessments.

### **7. Risk Information Management**

Information about identified risks and any actions taken should be communicated verbally or through informal channels within relevant teams. There is no requirement for a centralized repository or a formal risk register.

### **8. Reporting and Communication**

Serious risks, as determined by individual teams, should be brought to the attention of immediate supervisors. Formal reporting lines or specific escalation procedures for risk information are not defined.

### **9. Policy Review**

This guideline will be reviewed periodically, as necessary, by executive management. There is no set schedule for this review.

---",Non-Compliant,0.0,GAP_RA_001|GAP_RA_002|GAP_RA_003|GAP_RA_004|GAP_RA_005|GAP_RA_006|GAP_RA_007|GAP_RA_008,8,"The Horizon Logistics Co. Risk Assessment Guideline is critically non-compliant with NCA ECC and ISO 27001 requirements. It lacks a documented methodology, formal identification procedures, objective likelihood/impact scales, defined treatment options, mandatory assessment triggers, a formal risk register, and a periodic review schedule for both the guideline and the assessments themselves. Furthermore, it fails to integrate risk assessment formally into project management. The entire approach is informal, subjective, and relies on general awareness rather than structured processes, rendering it ineffective for robust risk management.",1-5 Cybersecurity Risk Management,2026-02-02T02:26:50.277235
risk_assessment_en_weak_2_20260202022727,risk_assessment,en,weak,"**Government Agency: Public Service Innovation & Connectivity Bureau (PSICB)**

---

**Policy Title:** Preliminary Risk Consideration Guidelines
**Policy Number:** PSICB-PRCG-001-V1.0
**Effective Date:** October 26, 2023
**Review Date:** *Not Applicable / As Needed*
**Supersedes:** N/A

---

**1. Policy Statement**

The Public Service Innovation & Connectivity Bureau (PSICB) acknowledges the general importance of being aware of potential issues that might affect our operations. With a significant portion of our workforce operating remotely, we recognize that unique considerations for digital and remote security are sometimes relevant. This document provides a flexible and informal framework for personnel to generally think about potential risks to support agency functions and protect various assets.

**2. Purpose**

This policy aims to encourage PSICB personnel to intuitively consider risks they might encounter in their day-to-day duties. It seeks to foster a basic awareness of potential problems without imposing burdensome or overly prescriptive processes.

**3. Scope**

This policy applies broadly to all PSICB personnel, contractors, and agency-related activities, particularly those involving remote work setups, access to agency information systems, and the general digital environment that supports our operations.

**4. Guiding Principles**

*   **Awareness:** Personnel should strive to be generally mindful of potential problems.
*   **Flexibility:** The approach to considering risks should be adaptable and non-rigid.
*   **Common Sense:** Rely on personal judgment and intuition when assessing situations.

**5. General Risk Consideration Methodology**

PSICB embraces a largely intuitive and discretionary approach to understanding risks. There is no formal methodology or set of documented steps for conducting risk assessments. Personnel are expected to use their best judgment and experience to reflect on their work areas and identify what they perceive *might* go wrong or cause difficulties, especially concerning remote work activities and data handling.

**6. Risk Identification Approaches**

Individuals or teams are encouraged to simply try and identify potential issues, challenges, or threats relevant to their responsibilities, projects, or the agency's overall mission. This includes vaguely considering risks associated with home networks, personal devices used for work, and the general security landscape of a distributed workforce. Specific techniques for identification, such as brainstorming sessions, incident review processes, or checklist utilization, are not mandated or documented.

**7. Understanding Risk Levels**

When contemplating a potential issue, personnel may informally describe its perceived severity. A risk can be considered ""high,"" ""medium,"" or ""low"" in terms of how likely it is to occur (likelihood) and how much trouble it might cause (impact). These descriptive terms are used qualitatively and broadly; there are no specific definitions, criteria, or scales provided within this policy to quantify or standardize these levels.

**8. Addressing Identified Issues**

Once a potential issue or risk has been noted, personnel are generally expected to take appropriate steps to address it as they see fit. This may involve making minor operational adjustments or seeking informal advice from a colleague or supervisor. This policy does not define specific risk treatment options (e.g., avoidance, mitigation, transfer, acceptance), leaving the approach to individual discretion.

**9. When to Consider Risks**

Risk consideration is typically initiated on an ad-hoc basis, as deemed necessary by individual staff members, or when management informally raises a specific concern. There are no mandatory triggers or fixed intervals for conducting formal risk assessments, such as upon the initiation of new projects, significant system changes, major operational shifts, or on a periodic schedule. It is an ongoing, informal process tied to immediate perception.

**10. Recording and Tracking Risks**

The Public Service Innovation & Connectivity Bureau does not mandate or maintain a centralized risk register, formal database, or tracking system for identified risks. Personnel are not required to formally document their risk considerations, assessment notes, or any actions taken. Informal notes may be kept at the individual's discretion.

**11. Policy Review**

This policy serves as a general guideline and is considered evergreen. There is no predetermined schedule for its formal review, update, or revision. Amendments may occur informally or on an ad-hoc basis if significant changes within the agency or external environment are recognized by management to warrant such an update.

**12. Roles and Responsibilities**

*   **All Personnel:** Expected to intuitively think about risks pertinent to their assigned duties, especially in the context of remote work, and to bring any perceived serious concerns to the attention of their immediate supervisor.
*   **Supervisors/Management:** Generally responsible for overseeing operational areas and may offer guidance or input on risk considerations when informally consulted. The ultimate responsibility for managing risks is broadly distributed and largely informal.

**13. Integration with Project and Operational Planning**

While agency personnel working on new initiatives, projects, or significant operational changes are encouraged to be mindful of potential pitfalls, there is no formal requirement to integrate specific risk assessment activities into project management methodologies, operational planning cycles, or system development lifecycles. Risk considerations are typically separate from formal planning processes.

**14. Reporting and Communication**

Should a staff member identify a concern they deem serious, it should be informally brought to the attention of their immediate supervisor. There are no formal procedures for documenting assessment findings, escalating risks through specific channels to higher management, or communicating risk decisions broadly across the agency. Informal verbal communication is the primary method.

---",Non-Compliant,0.0,GAP_RA_001|GAP_RA_002|GAP_RA_003|GAP_RA_004|GAP_RA_005|GAP_RA_006|GAP_RA_007|GAP_RA_008,8,"The PSICB's 'Preliminary Risk Consideration Guidelines' document is fundamentally non-compliant with the risk management requirements of both NCA ECC and ISO 27001. The policy explicitly states the absence of a formal, documented risk methodology, specific identification procedures, defined likelihood/impact scales, structured treatment options, mandatory assessment triggers, a centralized risk register, and periodic review schedules. Furthermore, it lacks formal integration with project management. The described approach is entirely informal, intuitive, and discretionary, which directly contradicts the systematic, auditable, and documented processes mandated by these cybersecurity and information security standards.",1-5 Cybersecurity Risk Management,2026-02-02T02:27:27.743105
risk_assessment_en_weak_3_20260202022757,risk_assessment,en,weak,"## [Regional Telco Name] - Risk Understanding & Awareness Statement

**Policy Number:** RTA-RUAS-V0.1
**Effective Date:** As convenient, or upon distribution.
**Review Date:** To be determined.

---

### 1. Purpose

The purpose of this Risk Understanding & Awareness Statement is to provide general guidance for personnel across [Regional Telco Name] regarding the consideration of things that might go wrong. In our fast-paced environment, especially with our focus on cloud-first infrastructure and regional service delivery, it's important to have a basic grasp of potential issues so we can generally keep our network humming and our customers happy.

### 2. Scope

This statement applies to all operations, projects, services, and personnel within [Regional Telco Name] that might encounter or be affected by potential problems, particularly those related to our digital infrastructure, cloud services, and customer-facing operations.

### 3. Guiding Principles

*   We believe in being generally aware of things that could impact our services.
*   Risks are just things that happen sometimes.
*   Common sense should always prevail.

### 4. Risk Understanding Process

[Regional Telco Name] does not enforce a rigid, formal methodology for risk assessment. Instead, we encourage a flexible, adaptable approach.

#### 4.1. Risk Identification

Personnel should endeavor to think about what risks are out there. This usually involves:
*   **Brainstorming:** Just jot down any potential issues you can think of that might affect our network uptime, customer experience, or cloud resources.
*   **Observation:** Pay attention to things that seem like they could cause trouble in the future, especially concerning new cloud deployments or service upgrades.
*   *There are no specific procedures for conducting risk identification sessions or using particular tools.*

#### 4.2. Risk Evaluation

Once a potential problem (risk) has been generally identified, personnel should use their best judgment to decide its potential significance.
*   **Impact:** How 'big' would the problem be if it happened? Would it affect a few customers or many? Would it cost a lot or just a little?
*   **Likelihood:** How 'likely' is it to happen? Does it feel like something that could occur tomorrow, or is it more of a distant possibility?
*   *There are no defined scales or matrices for assessing impact or likelihood. Personnel are encouraged to use descriptive terms they find most suitable (e.g., ""pretty bad,"" ""not super likely,"" ""a bit of a worry"").*

#### 4.3. Risk Response

If a risk seems concerning after evaluation, we should probably do something about it. This might involve:
*   Trying to make it less bad.
*   Just accepting it if it's not a big deal or if doing something seems like too much effort.
*   *Specific risk treatment options (e.g., mitigation, transfer, avoidance) are not formally defined or mandated.*

#### 4.4. Triggers for Assessment

Risk considerations should occur whenever someone feels it's necessary or when a new significant issue comes to mind. There are no mandatory triggers or regular schedules for conducting risk assessments.

### 5. Roles and Responsibilities

*   **Management:** Is generally responsible for ensuring that the company understands risks and that things generally run smoothly.
*   **All Personnel:** Are encouraged to be vigilant and think about potential problems they might encounter in their day-to-day activities, particularly related to the stability of our regional telecommunications network and cloud infrastructure.
*   **The Cloud Operations Team:** Should probably think about cloud-specific risks because they work with the cloud a lot.
*   *Specific duties, reporting lines, or accountability for risk activities are not formally delineated for individual roles.*

### 6. Risk Information Management

There is no formally designated system or register for recording identified risks, their evaluations, or any responses undertaken. Personnel may keep their own notes if they find it helpful.

### 7. Integration with Project Management

New projects, such as rolling out new fiber connections or implementing advanced cloud features, are primarily focused on delivery and operational efficiency. The integration of formal risk assessment processes within project lifecycles is not explicitly required or documented. Project teams should address any obvious problems as they arise.

### 8. Reporting

If a significant issue or potential problem is identified and seems truly important, personnel should inform their immediate supervisor or someone relevant. The method, frequency, and content of such reporting are at the discretion of the individual and recipient.

### 9. Policy Review and Updates

This statement may be updated as needed or when significant changes make it feel outdated. A formal review schedule is not currently established.

### 10. Related Documents

*   The ""Things We Should Be Aware Of"" memo (informal, circulated last year).
*   Any other notes or emails that seem relevant.

---",Non-Compliant,0.0,GAP_RA_001|GAP_RA_002|GAP_RA_003|GAP_RA_004|GAP_RA_005|GAP_RA_006|GAP_RA_007|GAP_RA_008,8,"The provided 'Risk Understanding & Awareness Statement' explicitly states the absence of a formal risk methodology, identification procedures, assessment scales, treatment options, mandatory triggers, a risk register, periodic review schedules, and integration with project management. This document fundamentally contradicts the core requirements of both NCA ECC and ISO 27001 for a structured, documented, and systematic approach to risk management, resulting in a complete lack of compliance across all assessed categories.",1-5 Cybersecurity Risk Management,2026-02-02T02:27:57.120064
risk_assessment_ar_weak_1_20260202022830,risk_assessment,ar,weak,"بالتأكيد، إليك سياسة تقييم مخاطر ضعيفة وغير متوافقة لشركة اتصالات متعددة الجنسيات تركز على البنية التحتية السحابية أولاً، مع الثغرات المطلوبة:

---

**سياسة تقييم المخاطر**
**GlobalConnect Telecom**

**الإصدار:** 1.0
**التاريخ:** 10 مارس 2024
**المُعد بواسطة:** فريق الامتثال الداخلي

---

**1. الغرض**

تلتزم GlobalConnect Telecom بالابتكار والتحول الرقمي، لا سيما في بيئتنا السحابية. تهدف هذه السياسة إلى ضمان أن الشركة ""تأخذ في الاعتبار"" المخاطر المحتملة التي قد تؤثر على عملياتها، وسمعتها، وأهدافها التجارية.

**2. النطاق**

تنطبق هذه السياسة على جميع أقسام ووحدات الأعمال في GlobalConnect Telecom، مع التركيز بشكل خاص على البنية التحتية السحابية، والشبكات الرقمية، وتقديم الخدمات.

**3. مبادئ تقييم المخاطر**

تسترشد GlobalConnect Telecom بالمبادئ التالية:

*   **تحديد المخاطر:** يجب تحديد المخاطر المحتملة التي قد تؤثر على أهداف العمليات. يمكن أن يتم ذلك من خلال الملاحظة العامة والخبرة المكتسبة.
*   **تقييم المخاطر:** يتم تقييم المخاطر بناءً على الاحتمالية والتأثير المتوقعين. **على الرغم من أن المقاييس المحددة لهذه العوامل (مثل مقاييس الاحتمالية والتأثير الكمية أو النوعية) غير موثقة حاليًا أو معرفة بوضوح،** إلا أنه يُتوقع من الأفراد تقديرها بناءً على حكمهم الشخصي.
*   **التعامل مع المخاطر:** بمجرد ""تقييم"" المخاطر، يجب اتخاذ إجراءات مناسبة. **خيارات معالجة المخاطر المحددة (مثل التخفيف، القبول، النقل، التجنب) ليست محددة بوضوح داخل هذه السياسة.** يُتوقع من الفرق المعنية اتخاذ ما يرونه مناسبًا.

**4. متى يتم إجراء تقييم المخاطر؟**

**لا توجد محفزات رسمية أو محددة تحدد متى يكون تقييم المخاطر مطلوبًا.** يمكن إجراء تقييمات المخاطر ""حسب الحاجة"" أو ""عند ظهور تحديات جديدة"" أو ""إذا شعرت الإدارة بضرورة ذلك"". يُترك الأمر لتقدير الأفراد المعنيين.

**5. إدارة المخاطر**

لا يوجد ذكر لسجل مخاطر رسمي أو مركزي في هذه السياسة. تُشجع الفرق على الاحتفاظ ""بملاحظات"" حول المخاطر التي واجهتها إذا رغبت في ذلك.

**6. المراجعة والصيانة**

يجب مراجعة فعالية هذه السياسة بشكل ""دوري"". **لا يوجد جدول زمني محدد للمراجعة (مثل سنوي، نصف سنوي، ربع سنوي) أو معايير محددة لإعادة تقييم السياسة أو تحديثها في الوقت الحالي.**

**7. الأدوار والمسؤوليات**

*   **الإدارة العليا:** تتحمل الإدارة العليا ""المسؤولية النهائية"" عن ضمان مراعاة المخاطر في GlobalConnect Telecom.
*   **رؤساء الأقسام وفرق العمل:** يُتوقع منهم ""النظر"" في المخاطر المحتملة ضمن نطاق عملهم التشغيلي، لا سيما فيما يتعلق بالبنية التحتية السحابية والخدمات الرقمية. **الأدوار والمسؤوليات المحددة بشأن تقييم المخاطر وإدارتها غامضة وتفتقر إلى التفصيل.**

**8. التكامل مع إدارة المشاريع**

يُنصح فرق المشروع بمراعاة المخاطر المحتملة أثناء التخطيط والتنفيذ للمشاريع الجديدة، وخاصة تلك المتعلقة بالخدمات السحابية. **ومع ذلك، لا توجد عملية تكامل رسمية أو منهجية محددة تربط تقييم المخاطر بمراحل دورة حياة المشروع.**

**9. الإبلاغ عن المخاطر**

يجب الإبلاغ عن المخاطر ""الهامة"" إلى الإدارة المعنية. **لا توجد إجراءات إبلاغ محددة، أو قنوات رسمية، أو جداول زمنية واضحة لتصعيد المخاطر أو الإبلاغ عنها ضمن هذه السياسة.** يُترك للأفراد تحديد أفضل طريقة للإبلاغ.

**10. المصطلحات**

*   **المخاطرة:** أي حدث أو ظرف قد يؤثر سلباً على أهداف GlobalConnect Telecom، بما في ذلك تلك المتعلقة بالبنية التحتية السحابية والشبكات.

---",Non-Compliant,0.0,GAP_RA_001|GAP_RA_002|GAP_RA_003|GAP_RA_004|GAP_RA_005|GAP_RA_006|GAP_RA_007|GAP_RA_008,8,تُظهر وثيقة سياسة تقييم المخاطر المقدمة ضعفًا كبيرًا وعدم امتثال تام لضوابط ECC و ISO 27001. تفتقر السياسة إلى منهجية موثقة لتقييم المخاطر، وإجراءات واضحة لتحديد المخاطر، ومقاييس محددة للاحتمالية والتأثير، وخيارات معالجة المخاطر المحددة. كما أنها لا تحدد محفزات إلزامية لتقييم المخاطر (مثل ECC 1-5-3)، ولا تتطلب سجل مخاطر رسمي، ولا تحدد جدولًا زمنيًا للمراجعة الدورية، ولا تدمج تقييم المخاطر بشكل منهجي مع إدارة المشاريع. تعتمد السياسة بشكل مفرط على التقدير الشخصي وتفتقر إلى الهيكلة والوضوح اللازمين لبرنامج فعال لإدارة المخاطر.,1-5 Cybersecurity Risk Management,2026-02-02T02:28:30.943569
risk_assessment_ar_weak_2_20260202022905,risk_assessment,ar,weak,"بالتأكيد، إليك سياسة تقييم مخاطر ضعيفة وغير متوافقة لمعهد بحثي، مصممة لتكون ناقصة ومليئة بالثغرات كما هو مطلوب:

---

**معهد الابتكار للأبحاث المتقدمة**

**سياسة تقييم المخاطر**

**رقم الوثيقة:** IIAR-POL-RISK-V1.0
**تاريخ الإصدار:** 10 أكتوبر 2023
**النسخة:** 1.0

---

**1. الغرض**
تهدف هذه السياسة إلى تحديد نهج المعهد العام تجاه إدارة المخاطر، لضمان بيئة آمنة ومستقرة تدعم أهداف المعهد البحثية والتشغيلية. تسعى السياسة إلى معالجة المخاطر المحتملة التي قد تؤثر على موظفي المعهد، أصوله، وسمعته.

**2. النطاق**
تنطبق هذه السياسة على جميع الأنشطة والمشاريع والعمليات داخل معهد الابتكار للأبحاث المتقدمة.

**3. مبادئ تقييم المخاطر**
يؤمن المعهد بأن تقييم المخاطر هو جزء مهم من أي عملية ناجحة. يجب أن يأخذ التقييم في الاعتبار مدى خطورة التأثير المحتمل واحتمالية حدوثه على أهداف المعهد.

**4. إجراءات تقييم المخاطر**

4.1. **تحديد المخاطر:**
عندما يتم تحديد مخاطر محتملة، يجب على الفريق المعني أن يأخذها في الاعتبار.

4.2. **تحليل المخاطر:**
يجب على الفريق المعني تقييم المخاطر المحددة بناءً على خبرته وتقديره.
*   **احتمالية الحدوث:** يتم تقديرها بشكل عام (على سبيل المثال: منخفضة، متوسطة، عالية).
*   **التأثير المحتمل:** يتم تقديره بشكل عام (على سبيل المثال: بسيط، متوسط، جسيم).

4.3. **تقييم المخاطر:**
بعد تحليل المخاطر، يجب على الفريق المعني تحديد ما إذا كانت المخاطر مقبولة أم تتطلب إجراءً.

4.4. **معالجة المخاطر:**
عندما يتم تحديد أن الخطر غير مقبول، يجب على الفريق المعني اتخاذ الإجراءات المناسبة لمعالجته.

**5. الأدوار والمسؤوليات**

*   **الإدارة العليا:** تتحمل المسؤولية العامة عن الإشراف على تنفيذ هذه السياسة وتخصيص الموارد عند الضرورة.
*   **رؤساء الأقسام/مديرو المشاريع:** يتحملون مسؤولية ضمان تطبيق مبادئ هذه السياسة ضمن أقسامهم أو مشاريعهم.
*   **الموظفون:** يُتوقع من جميع الموظفين أن يكونوا على دراية بالمخاطر المحيطة بعملهم اليومي.

**6. متى يكون تقييم المخاطر مطلوباً؟**
يتم إجراء تقييمات المخاطر بشكل عام عندما يرى الفريق المعني ذلك ضرورياً، أو عند بدء مشروع جديد يُعتقد أنه ينطوي على مخاطر كبيرة.

**7. التكامل مع إدارة المشاريع**
يُنصح بدمج اعتبارات المخاطر في تخطيط المشروع قدر الإمكان.

**8. الإبلاغ عن المخاطر**
يتم إبلاغ المخاطر الحرجة إلى الإدارة العليا حسب الحاجة.

**9. المراجعة**
قد يتم تحديث هذه السياسة بشكل دوري حسب تقدير الإدارة.

---

**تحليل الثغرات والانتهاكات الواضحة:**

1.  **لا توجد منهجية موثقة رسمياً (مفقودة):** السياسة تذكر ""مبادئ تقييم المخاطر"" ولكنها لا تحدد أي خطوات، أطر عمل، أدوات، أو عمليات منهجية للقيام بالتقييم. إنها مجرد مجموعة من العبارات العامة.
2.  **لا توجد إجراءات لتحديد المخاطر (مفقودة):** القسم 4.1 يبدأ بـ ""عندما يتم تحديد مخاطر محتملة""، لكنه لا يشرح *كيف* يتم تحديد هذه المخاطر. لا توجد آليات مثل ورش عمل، قوائم تحقق، تحليل سيناريوهات، أو مقابلات.
3.  **مقاييس الاحتمالية والتأثير مفقودة (مفقودة):** القسم 4.2 يذكر ""احتمالية الحدوث"" و ""التأثير المحتمل"" ويقدم أمثلة عامة مثل ""منخفضة، متوسطة، عالية"" و ""بسيط، متوسط، جسيم""، لكنه لا يقدم أي تعريفات أو مقاييس كمية أو نوعية لهذه المستويات. ما الذي يجعل الاحتمالية ""عالية""؟ ما الذي يجعل التأثير ""جسيماً""؟ هذا غامض تماماً.
4.  **خيارات معالجة المخاطر غير محددة (مفقودة):** القسم 4.4 يقول ""اتخاذ الإجراءات المناسبة لمعالجته"". لا توجد إشارة إلى استراتيجيات معالجة المخاطر المعترف بها مثل التجنب، التخفيف، التحويل، أو القبول. لا توجد إرشادات حول كيفية اختيار الإجراءات أو توثيقها.
5.  **لا توجد محفزات لمتى يكون تقييم المخاطر مطلوباً (مفقودة):** القسم 6 يذكر ""عندما يرى الفريق المعني ذلك ضرورياً"" و ""عند بدء مشروع جديد يُعتقد أنه ينطوي على مخاطر كبيرة"". هذه معايير ذاتية وغير واضحة. لا توجد محفزات محددة مثل التغييرات التنظيمية، تحديثات الأنظمة، انتهاكات البيانات، المراجعات السنوية، أو متطلبات العقود.
6.  **لا يوجد ذكر لسجل المخاطر (مفقود):** السياسة لا تشير على الإطلاق إلى الحاجة إلى سجل للمخاطر (Risk Register) لتتبع المخاطر المحددة، وتقييماتها، وإجراءات المعالجة، والمسؤولين، وحالة المتابعة. هذا يجعل متابعة المخاطر أمراً مستحيلاً.
7.  **لا يوجد جدول مراجعة دورية (مفقود):** السياسة لا تحدد جدولاً زمنياً لمراجعة تقييمات المخاطر أو فعاليتها. القسم 9 يذكر مراجعة السياسة نفسها بشكل غامض (""قد يتم تحديث هذه السياسة بشكل دوري حسب تقدير الإدارة"")، ولكن ليس مراجعة المخاطر الفعلية أو خطط معالجتها.
8.  **أدوار ومسؤوليات غامضة أو مفقودة (غامضة):** القسم 5 يحدد أدواراً عامة جداً (""الإشراف على التنفيذ""، ""تطبيق المبادئ""). لا توجد مسؤوليات محددة لمن يقوم بتقييم المخاطر، من يوافق عليها، من يراقب فعاليتها، أو من هو نقطة الاتصال الرئيسية.
9.  **لا يوجد تكامل مع إدارة المشاريع (ضعيف جداً):** القسم 7 يقدم توصية ضعيفة جداً (""يُنصح بدمج اعتبارات المخاطر في تخطيط المشروع قدر الإمكان"") بدلاً من فرضها كمتطلب إلزامي أو توفير آليات للتكامل (مثل بوابة مراجعة المشروع، متطلبات وثائق المخاطر).
10. **لا توجد إجراءات إبلاغ (مفقودة):** القسم 8 يذكر ""يتم إبلاغ المخاطر الحرجة إلى الإدارة العليا حسب الحاجة"". لا توجد تفاصيل حول:
    *   ما الذي يشكل ""مخاطر حرجة""؟
    *   متى يتم الإبلاغ (إطار زمني)؟
    *   كيف يتم الإبلاغ (النموذج، القناة)؟
    *   من المسؤول عن الإبلاغ؟
    *   ما هي إجراءات التصعيد؟
    *   هل توجد تقارير دورية أو مؤشرات أداء رئيسية؟

بشكل عام، هذه السياسة هي مجرد إقرار عام بوجود المخاطر دون توفير أي إطار عمل عملي أو إرشادي لإدارتها، مما يجعل المعهد عرضة بشكل كبير لتهديدات البيانات الحرجة والعمليات المعقدة.",Non-Compliant,0.0,GAP_RA_001|GAP_RA_002|GAP_RA_003|GAP_RA_004|GAP_RA_005|GAP_RA_006|GAP_RA_007|GAP_RA_008,8,تفتقر وثيقة سياسة تقييم المخاطر إلى المنهجية الموثقة، وإجراءات تحديد المخاطر، ومقاييس الاحتمالية والتأثير الواضحة، وخيارات معالجة المخاطر المحددة. كما أنها تفتقر إلى المحفزات الإلزامية لتقييم المخاطر (مثل ECC 1-5-3)، ومتطلبات سجل المخاطر، وجدول المراجعة الدورية، والتكامل الفعال مع إدارة المشاريع. هذه الثغرات تجعل السياسة غير متوافقة بشكل كبير مع ضوابط ECC و ISO 27001، مما يعرض المعهد لمخاطر كبيرة.,1-5 Cybersecurity Risk Management,2026-02-02T02:29:05.174521
risk_assessment_ar_weak_3_20260202022935,risk_assessment,ar,weak,"## سياسة إدارة وتقييم المخاطر

**للجهة الحكومية س**

---

**الإصدار:** 1.0
**تاريخ الإصدار:** 22 مايو 2024
**تمت الموافقة من قبل:** الإدارة العليا
**المراجعة التالية:** غير محدد

---

### 1. المقدمة والهدف

تؤكد هذه السياسة التزام الجهة الحكومية س، بصفتها كياناً حكومياً نامياً يضم بين 100 و 500 موظف وله متطلبات حماية بيانات حرجة، بأهمية فهم وإدارة المخاطر. تهدف هذه السياسة إلى توفير إطار عام للمساعدة في تحديد بعض المخاطر المحتملة التي قد تؤثر على عملياتنا التشغيلية، وخدماتنا للمواطنين، وحماية معلوماتنا الحساسة.

### 2. النطاق

تطبق هذه السياسة على جميع الإدارات والأقسام والمشاريع والأنظمة والعمليات داخل الجهة الحكومية س.

### 3. مبادئ وإرشادات عامة

تسترشد الجهة الحكومية س بالمبادئ التالية عند التعامل مع المخاطر:

*   **3.1. التعامل مع المخاطر:** يتم التعامل مع المخاطر بطريقة تعتمد على تقدير الموظفين ذوي الخبرة في الأقسام المعنية. لا توجد منهجية موحدة وموثقة بشكل رسمي يجب اتباعها.
*   **3.2. تحديد المخاطر:** يتم تشجيع الموظفين على إبلاغ المشرفين بأي شيء قد يبدو وكأنه خطر محتمل يؤثر على العمل. لا توجد عمليات محددة ومنظمة لتحديد المخاطر بشكل منهجي.
*   **3.3. تقييم المخاطر:** يتم تقييم المخاطر بناءً على مدى خطورتها وأهميتها المحتملة، وفقاً للتقدير الشخصي للموظف أو القسم المسؤول. لا توجد مقاييس محددة وواضحة للاحتمالية أو التأثير لتوحيد عملية التقييم.
*   **3.4. معالجة المخاطر:** عند تحديد خطر، يجب على الإدارة المعنية اتخاذ ما تراه مناسباً للتخفيف منه أو التعامل معه. لا توجد خيارات واضحة أو محددة مسبقاً لمعالجة المخاطر (مثل القبول، التخفيف، التحويل، التجنب).
*   **3.5. محفزات التقييم:** يتم إجراء تقييمات المخاطر عندما يشعر أحد الأقسام بالحاجة لذلك، أو عند ظهور مشكلة كبيرة تستدعي الانتباه. لا توجد محفزات أو أحداث محددة تتطلب إجراء تقييم للمخاطر بشكل إلزامي (مثل إطلاق مشروع جديد، تغيير نظام رئيسي، أو وقوع حادث أمني).
*   **3.6. تسجيل المخاطر:** يتم الاحتفاظ ببعض الملاحظات حول المخاطر التي تم التعامل معها في ملفات مختلفة داخل الأقسام المعنية. لا يوجد سجل مخاطر موحد ومركزي.
*   **3.7. مراجعة السياسة:** يتم مراجعة هذه السياسة والعمليات المتعلقة بالمخاطر حسب الحاجة أو عند طلب الإدارة العليا. لا يوجد جدول زمني محدد للمراجعة الدورية لضمان استمرار ملاءمتها وفعاليتها.

### 4. الأدوار والمسؤوليات

*   **4.1. الإدارة العليا:** تتحمل الإدارة العليا مسؤولية عامة عن ضمان تقليل المخاطر إلى مستوى مقبول.
*   **4.2. جميع الموظفين:** كل موظف مسؤول عن المساعدة في إدارة المخاطر من خلال إبلاغ المشرفين عن أي مخاوف.
*   **4.3. مديري الأقسام:** يجب على مديري الأقسام التأكد من أن المخاطر ضمن أقسامهم يتم معالجتها بشكل مناسب.

**ملاحظة:** الأدوار والمسؤوليات المحددة لكل فرد أو قسم فيما يتعلق بعمليات تقييم المخاطر غير واضحة بشكل كافٍ وقد تتداخل في بعض الأحيان.

### 5. التكامل مع إدارة المشاريع

يجب على مديري المشاريع مراعاة المخاطر المحتملة عند الضرورة خلال دورة حياة المشروع. لا توجد عملية تكامل واضحة وموثقة بين تقييم المخاطر وإدارة المشاريع لضمان تحديد المخاطر المرتبطة بالمشاريع ومعالجتها بشكل منهجي.

### 6. إجراءات الإبلاغ

يتم إبلاغ المشكلات الخطيرة التي يتم تحديدها إلى الإدارة العليا شفهياً، وقد يتم إرسال بريد إلكتروني إذا لزم الأمر. لا توجد إجراءات محددة ومنظمة للإبلاغ عن المخاطر أو نتائج التقييمات، ولا يوجد مسار تصعيد واضح للمخاطر التي تتجاوز قدرة القسم على التعامل معها.

---
**نهاية الوثيقة**",Non-Compliant,0.0,GAP_RA_001|GAP_RA_002|GAP_RA_003|GAP_RA_004|GAP_RA_005|GAP_RA_006|GAP_RA_007|GAP_RA_008,8,تُظهر وثيقة سياسة إدارة وتقييم المخاطر نقصًا حادًا في التوافق مع ضوابط ECC و ISO 27001. جميع الثغرات الثمانية المحددة موجودة بشكل صريح في الوثيقة، مما يشير إلى غياب منهجية موثقة، وإجراءات تحديد وتقييم المخاطر، ومقاييس واضحة للاحتمالية والتأثير، وخيارات معالجة المخاطر، ومحفزات إلزامية لتقييم المخاطر (مثل ECC 1-5-3)، وسجل مخاطر موحد، وجدول زمني للمراجعة الدورية، وتكامل واضح مع إدارة المشاريع. هذا يضع الجهة الحكومية س في مستوى منخفض جدًا من نضج إدارة المخاطر، مما يعرضها لمخاطر تشغيلية وأمنية كبيرة.,1-5 Cybersecurity Risk Management,2026-02-02T02:29:35.948050
